1 1
2 3
3 5
4 7
6 9
7 11
8 13
9 15
11 17
12 19
13 21
14 23
16 25
17 27
18 29
19 31
21 33
22 35
23 37
24 39
26 41
27 43
28 45
29 47
31 49
32 51
33 53
34 55
36 57
37 59
38 61
39 63
41 65
42 67
43 69
44 71
46 73
47 75
48 77
49 79
51 81
52 83
53 85
54 87
56 89
57 91
58 93
59 95
61 97
62 99
63 101
64 103
66 105
67 107
68 109
69 111
71 113
72 115
73 117
74 119
76 121
77 123
78 125
79 127
81 129
82 131
83 133
84 135
86 137
87 139
88 141
89 143
91 145
92 147
93 149
94 151
96 153
97 155
98 157
99 159
101 161
102 163
103 165
104 167
106 169
107 171
108 173
109 175
111 177
112 179
113 181
114 183
116 185
117 187
118 189
119 191
121 193
122 195
123 197
124 199
126 201
127 203
128 205
129 207
131 209
132 211
133 213
134 215
136 217
137 219
138 221
139 223
141 225
142 227
143 229
144 231
146 233
147 235
148 237
149 239
151 241
152 243
153 245
154 247
156 249
157 251
158 253
159 255
161 257
162 259
163 261
164 263
166 265
167 267
168 269
169 271
171 273
172 275
173 277
174 279
176 281
177 283
178 285
179 287
181 289
182 291
183 293
184 295
186 297
187 299
188 301
189 303
191 305
192 307
193 309
194 311
196 313
197 315
198 317
199 319
201 321
202 323
203 325
204 327
206 329
207 331
208 333
209 335
211 337
212 339
213 341
214 343
216 345
217 347
218 349
219 351
221 353
222 355
223 357
224 359
226 361
227 363
228 365
229 367
231 369
232 371
233 373
234 375
236 377
237 379
238 381
239 383
241 385
242 387
243 389
244 391
246 393
247 395
248 397
249 399
251 401
252 403
253 405
254 407
256 409
257 411
258 413
259 415
261 417
262 419
263 421
264 423
266 425
267 427
268 429
269 431
271 433
272 435
273 437
274 439
276 441
277 443
278 445
279 447
281 449
282 451
283 453
284 455
286 457
287 459
288 461
289 463
291 465
292 467
293 469
294 471
296 473
297 475
298 477
299 479
301 481
302 483
303 485
304 487
306 489
307 491
308 493
309 495
311 497
312 499
313 501
314 503
316 505
317 507
318 509
319 511
321 513
322 515
323 517
324 519
326 521
327 523
328 525
329 527
331 529
332 531
333 533
334 535
336 537
337 539
338 541
339 543
341 545
342 547
343 549
344 551
346 553
347 555
348 557
349 559
351 561
352 563
353 565
354 567
356 569
357 571
358 573
359 575
361 577
362 579
363 581
364 583
366 585
367 587
368 589
369 591
371 593
372 595
373 597
374 599
376 601
377 603
378 605
379 607
381 609
382 611
383 613
384 615
386 617
387 619
388 621
389 623
391 625
392 627
393 629
394 631
396 633
397 635
398 637
399 639
401 641
402 643
403 645
404 647
406 649
407 651
408 653
409 655
411 657
412 659
413 661
414 663
416 665
417 667
418 669
419 671
421 673
422 675
423 677
424 679
426 681
427 683
428 685
429 687
431 689
432 691
433 693
434 695
436 697
437 699
438 701
439 703
441 705
442 707
443 709
444 711
446 713
447 715
448 717
449 719
451 721
452 723
453 725
454 727
456 729
457 731
458 733
459 735
461 737
462 739
463 741
464 743
466 745
467 747
468 749
469 751
471 753
472 755
473 757
474 759
476 761
477 763
478 765
479 767
481 769
482 771
483 773
484 775
486 777
487 779
488 781
489 783
491 785
492 787
493 789
494 791
496 793
497 795
498 797
499 799
501 801
502 803
503 805
504 807
506 809
507 811
508 813
509 815
511 817
512 819
513 821
514 823
516 825
517 827
518 829
519 831
521 833
522 835
523 837
524 839
526 841
527 843
528 845
529 847
531 849
532 851
533 853
534 855
536 857
537 859
538 861
539 863
541 865
542 867
543 869
544 871
546 873
547 875
548 877
549 879
551 881
552 883
553 885
554 887
556 889
557 891
558 893
559 895
561 897
562 899
563 901
564 903
566 905
567 907
568 909
569 911
571 913
572 915
573 917
574 919
576 921
577 923
578 925
579 927
581 929
582 931
583 933
584 935
586 937
587 939
588 941
589 943
591 945
592 947
593 949
594 951
596 953
597 955
598 957
599 959
601 961
602 963
603 965
604 967
606 969
607 971
608 973
609 975
611 977
612 979
613 981
614 983
616 985
617 987
618 989
619 991
621 993
622 995
623 997
624 999
626 1001
627 1003
628 1005
629 1007
631 1009
632 1011
633 1013
634 1015
636 1017
637 1019
638 1021
639 1023
641 1025
642 1027
643 1029
644 1031
646 1033
647 1035
648 1037
649 1039
651 1041
652 1043
653 1045
654 1047
656 1049
657 1051
658 1053
659 1055
661 1057
662 1059
663 1061
664 1063
666 1065
667 1067
668 1069
669 1071
671 1073
672 1075
673 1077
674 1079
676 1081
677 1083
678 1085
679 1087
681 1089
682 1091
683 1093
684 1095
686 1097
687 1099
688 1101
689 1103
691 1105
692 1107
693 1109
694 1111
696 1113
697 1115
698 1117
699 1119
701 1121
702 1123
703 1125
704 1127
706 1129
707 1131
708 1133
709 1135
711 1137
712 1139
713 1141
714 1143
716 1145
717 1147
718 1149
719 1151
721 1153
722 1155
723 1157
724 1159
726 1161
727 1163
728 1165
729 1167
731 1169
732 1171
733 1173
734 1175
736 1177
737 1179
738 1181
739 1183
741 1185
742 1187
743 1189
744 1191
746 1193
747 1195
748 1197
749 1199
751 1201
752 1203
753 1205
754 1207
756 1209
757 1211
758 1213
759 1215
761 1217
762 1219
763 1221
764 1223
766 1225
767 1227
768 1229
769 1231
771 1233
772 1235
773 1237
774 1239
776 1241
777 1243
778 1245
779 1247
781 1249
782 1251
783 1253
784 1255
786 1257
787 1259
788 1261
789 1263
791 1265
792 1267
793 1269
794 1271
796 1273
797 1275
798 1277
799 1279
801 1281
802 1283
803 1285
804 1287
806 1289
807 1291
808 1293
809 1295
811 1297
812 1299
813 1301
814 1303
816 1305
817 1307
818 1309
819 1311
821 1313
822 1315
823 1317
824 1319
826 1321
827 1323
828 1325
829 1327
831 1329
832 1331
833 1333
834 1335
836 1337
837 1339
838 1341
839 1343
841 1345
842 1347
843 1349
844 1351
846 1353
847 1355
848 1357
849 1359
851 1361
852 1363
853 1365
854 1367
856 1369
857 1371
858 1373
859 1375
861 1377
862 1379
863 1381
864 1383
866 1385
867 1387
868 1389
869 1391
871 1393
872 1395
873 1397
874 1399
876 1401
877 1403
878 1405
879 1407
881 1409
882 1411
883 1413
884 1415
886 1417
887 1419
888 1421
889 1423
891 1425
892 1427
893 1429
894 1431
896 1433
897 1435
898 1437
899 1439
901 1441
902 1443
903 1445
904 1447
906 1449
907 1451
908 1453
909 1455
911 1457
912 1459
913 1461
914 1463
916 1465
917 1467
918 1469
919 1471
921 1473
922 1475
923 1477
924 1479
926 1481
927 1483
928 1485
929 1487
931 1489
932 1491
933 1493
934 1495
936 1497
937 1499
938 1501
939 1503
941 1505
942 1507
943 1509
944 1511
946 1513
947 1515
948 1517
949 1519
951 1521
952 1523
953 1525
954 1527
956 1529
957 1531
958 1533
959 1535
961 1537
962 1539
963 1541
964 1543
966 1545
967 1547
968 1549
969 1551
971 1553
972 1555
973 1557
974 1559
976 1561
977 1563
978 1565
979 1567
981 1569
982 1571
983 1573
984 1575
986 1577
987 1579
988 1581
989 1583
991 1585
992 1587
993 1589
994 1591
996 1593
997 1595
998 1597
999 1599
1001 1601
1002 1603
1003 1605
1004 1607
1006 1609
1007 1611
1008 1613
1009 1615
1011 1617
1012 1619
1013 1621
1014 1623
1016 1625
1017 1627
1018 1629
1019 1631
1021 1633
1022 1635
1023 1637
1024 1639
1026 1641
1027 1643
1028 1645
1029 1647
1031 1649
1032 1651
1033 1653
1034 1655
1036 1657
1037 1659
1038 1661
1039 1663
1041 1665
1042 1667
1043 1669
1044 1671
1046 1673
1047 1675
1048 1677
1049 1679
1051 1681
1052 1683
1053 1685
1054 1687
1056 1689
1057 1691
1058 1693
1059 1695
1061 1697
1062 1699
1063 1701
1064 1703
1066 1705
1067 1707
1068 1709
1069 1711
1071 1713
1072 1715
1073 1717
1074 1719
1076 1721
1077 1723
1078 1725
1079 1727
1081 1729
1082 1731
1083 1733
1084 1735
1086 1737
1087 1739
1088 1741
1089 1743
1091 1745
1092 1747
1093 1749
1094 1751
1096 1753
1097 1755
1098 1757
1099 1759
1101 1761
1102 1763
1103 1765
1104 1767
1106 1769
1107 1771
1108 1773
1109 1775
1111 1777
1112 1779
1113 1781
1114 1783
1116 1785
1117 1787
1118 1789
1119 1791
1121 1793
1122 1795
1123 1797
1124 1799
1126 1801
1127 1803
1128 1805
1129 1807
1131 1809
1132 1811
1133 1813
1134 1815
1136 1817
1137 1819
1138 1821
1139 1823
1141 1825
1142 1827
1143 1829
1144 1831
1146 1833
1147 1835
1148 1837
1149 1839
1151 1841
1152 1843
1153 1845
1154 1847
1156 1849
1157 1851
1158 1853
1159 1855
1161 1857
1162 1859
1163 1861
1164 1863
1166 1865
1167 1867
1168 1869
1169 1871
1171 1873
1172 1875
1173 1877
1174 1879
1176 1881
1177 1883
1178 1885
1179 1887
1181 1889
1182 1891
1183 1893
1184 1895
1186 1897
1187 1899
1188 1901
1189 1903
1191 1905
1192 1907
1193 1909
1194 1911
1196 1913
1197 1915
1198 1917
1199 1919
1201 1921
1202 1923
1203 1925
1204 1927
1206 1929
1207 1931
1208 1933
1209 1935
1211 1937
1212 1939
1213 1941
1214 1943
1216 1945
1217 1947
1218 1949
1219 1951
1221 1953
1222 1955
1223 1957
1224 1959
1226 1961
1227 1963
1228 1965
1229 1967
1231 1969
1232 1971
1233 1973
1234 1975
1236 1977
1237 1979
1238 1981
1239 1983
1241 1985
1242 1987
1243 1989
1244 1991
1246 1993
1247 1995
1248 1997
1249 1999
1251 2001
1252 2003
1253 2005
1254 2007
1256 2009
1257 2011
1258 2013
1259 2015
1261 2017
1262 2019
1263 2021
1264 2023
1266 2025
1267 2027
1268 2029
1269 2031
1271 2033
1272 2035
1273 2037
1274 2039
1276 2041
1277 2043
1278 2045
1279 2047
1281 2049
1282 2051
1283 2053
1284 2055
1286 2057
1287 2059
1288 2061
1289 2063
1291 2065
1292 2067
1293 2069
1294 2071
1296 2073
1297 2075
1298 2077
1299 2079
1301 2081
1302 2083
1303 2085
1304 2087
1306 2089
1307 2091
1308 2093
1309 2095
1311 2097
1312 2099
1313 2101
1314 2103
1316 2105
1317 2107
1318 2109
1319 2111
1321 2113
1322 2115
1323 2117
1324 2119
1326 2121
1327 2123
1328 2125
1329 2127
1331 2129
1332 2131
1333 2133
1334 2135
1336 2137
1337 2139
1338 2141
1339 2143
1341 2145
1342 2147
1343 2149
1344 2151
1346 2153
1347 2155
1348 2157
1349 2159
1351 2161
1352 2163
1353 2165
1354 2167
1356 2169
1357 2171
1358 2173
1359 2175
1361 2177
1362 2179
1363 2181
1364 2183
1366 2185
1367 2187
1368 2189
1369 2191
1371 2193
1372 2195
1373 2197
1374 2199
1376 2201
1377 2203
1378 2205
1379 2207
1381 2209
1382 2211
1383 2213
1384 2215
1386 2217
1387 2219
1388 2221
1389 2223
1391 2225
1392 2227
1393 2229
1394 2231
1396 2233
1397 2235
1398 2237
1399 2239
1401 2241
1402 2243
1403 2245
1404 2247
1406 2249
1407 2251
1408 2253
1409 2255
1411 2257
1412 2259
1413 2261
1414 2263
1416 2265
1417 2267
1418 2269
1419 2271
1421 2273
1422 2275
1423 2277
1424 2279
1426 2281
1427 2283
1428 2285
1429 2287
1431 2289
1432 2291
1433 2293
1434 2295
1436 2297
1437 2299
1438 2301
1439 2303
1441 2305
1442 2307
1443 2309
1444 2311
1446 2313
1447 2315
1448 2317
1449 2319
1451 2321
1452 2323
1453 2325
1454 2327
1456 2329
1457 2331
1458 2333
1459 2335
1461 2337
1462 2339
1463 2341
1464 2343
1466 2345
1467 2347
1468 2349
1469 2351
1471 2353
1472 2355
1473 2357
1474 2359
1476 2361
1477 2363
1478 2365
1479 2367
1481 2369
1482 2371
1483 2373
1484 2375
1486 2377
1487 2379
1488 2381
1489 2383
1491 2385
1492 2387
1493 2389
1494 2391
1496 2393
1497 2395
1498 2397
1499 2399
1501 2401
1502 2403
1503 2405
1504 2407
1506 2409
1507 2411
1508 2413
1509 2415
1511 2417
1512 2419
1513 2421
1514 2423
1516 2425
1517 2427
1518 2429
1519 2431
1521 2433
1522 2435
1523 2437
1524 2439
1526 2441
1527 2443
1528 2445
1529 2447
1531 2449
1532 2451
1533 2453
1534 2455
1536 2457
1537 2459
1538 2461
1539 2463
1541 2465
1542 2467
1543 2469
1544 2471
1546 2473
1547 2475
1548 2477
1549 2479
1551 2481
1552 2483
1553 2485
1554 2487
1556 2489
1557 2491
1558 2493
1559 2495
1561 2497
1562 2499
1563 2501
1564 2503
1566 2505
1567 2507
1568 2509
1569 2511
1571 2513
1572 2515
1573 2517
1574 2519
1576 2521
1577 2523
1578 2525
1579 2527
1581 2529
1582 2531
1583 2533
1584 2535
1586 2537
1587 2539
1588 2541
1589 2543
1591 2545
1592 2547
1593 2549
1594 2551
1596 2553
1597 2555
1598 2557
1599 2559
1601 2561
1602 2563
1603 2565
1604 2567
1606 2569
1607 2571
1608 2573
1609 2575
1611 2577
1612 2579
1613 2581
1614 2583
1616 2585
1617 2587
1618 2589
1619 2591
1621 2593
1622 2595
1623 2597
1624 2599
1626 2601
1627 2603
1628 2605
1629 2607
1631 2609
1632 2611
1633 2613
1634 2615
1636 2617
1637 2619
1638 2621
1639 2623
1641 2625
1642 2627
1643 2629
1644 2631
1646 2633
1647 2635
1648 2637
1649 2639
1651 2641
1652 2643
1653 2645
1654 2647
1656 2649
1657 2651
1658 2653
1659 2655
1661 2657
1662 2659
1663 2661
1664 2663
1666 2665
1667 2667
1668 2669
1669 2671
1671 2673
1672 2675
1673 2677
1674 2679
1676 2681
1677 2683
1678 2685
1679 2687
1681 2689
1682 2691
1683 2693
1684 2695
1686 2697
1687 2699
1688 2701
1689 2703
1691 2705
1692 2707
1693 2709
1694 2711
1696 2713
1697 2715
1698 2717
1699 2719
1701 2721
1702 2723
1703 2725
1704 2727
1706 2729
1707 2731
1708 2733
1709 2735
1711 2737
1712 2739
1713 2741
1714 2743
1716 2745
1717 2747
1718 2749
1719 2751
1721 2753
1722 2755
1723 2757
1724 2759
1726 2761
1727 2763
1728 2765
1729 2767
1731 2769
1732 2771
1733 2773
1734 2775
1736 2777
1737 2779
1738 2781
1739 2783
1741 2785
1742 2787
1743 2789
1744 2791
1746 2793
1747 2795
1748 2797
1749 2799
1751 2801
1752 2803
1753 2805
1754 2807
1756 2809
1757 2811
1758 2813
1759 2815
1761 2817
1762 2819
1763 2821
1764 2823
1766 2825
1767 2827
1768 2829
1769 2831
1771 2833
1772 2835
1773 2837
1774 2839
1776 2841
1777 2843
1778 2845
1779 2847
1781 2849
1782 2851
1783 2853
1784 2855
1786 2857
1787 2859
1788 2861
1789 2863
1791 2865
1792 2867
1793 2869
1794 2871
1796 2873
1797 2875
1798 2877
1799 2879
1801 2881
1802 2883
1803 2885
1804 2887
1806 2889
1807 2891
1808 2893
1809 2895
1811 2897
1812 2899
1813 2901
1814 2903
1816 2905
1817 2907
1818 2909
1819 2911
1821 2913
1822 2915
1823 2917
1824 2919
1826 2921
1827 2923
1828 2925
1829 2927
1831 2929
1832 2931
1833 2933
1834 2935
1836 2937
1837 2939
1838 2941
1839 2943
1841 2945
1842 2947
1843 2949
1844 2951
1846 2953
1847 2955
1848 2957
1849 2959
1851 2961
1852 2963
1853 2965
1854 2967
1856 2969
1857 2971
1858 2973
1859 2975
1861 2977
1862 2979
1863 2981
1864 2983
1866 2985
1867 2987
1868 2989
1869 2991
1871 2993
1872 2995
1873 2997
1874 2999
1876 3001
1877 3003
1878 3005
1879 3007
1881 3009
1882 3011
1883 3013
1884 3015
1886 3017
1887 3019
1888 3021
1889 3023
1891 3025
1892 3027
1893 3029
1894 3031
1896 3033
1897 3035
1898 3037
1899 3039
1901 3041
1902 3043
1903 3045
1904 3047
1906 3049
1907 3051
1908 3053
1909 3055
1911 3057
1912 3059
1913 3061
1914 3063
1916 3065
1917 3067
1918 3069
1919 3071
1921 3073
1922 3075
1923 3077
1924 3079
1926 3081
1927 3083
1928 3085
1929 3087
1931 3089
1932 3091
1933 3093
1934 3095
1936 3097
1937 3099
1938 3101
1939 3103
1941 3105
1942 3107
1943 3109
1944 3111
1946 3113
1947 3115
1948 3117
1949 3119
1951 3121
1952 3123
1953 3125
1954 3127
1956 3129
1957 3131
1958 3133
1959 3135
1961 3137
1962 3139
1963 3141
1964 3143
1966 3145
1967 3147
1968 3149
1969 3151
1971 3153
1972 3155
1973 3157
1974 3159
1976 3161
1977 3163
1978 3165
1979 3167
1981 3169
1982 3171
1983 3173
1984 3175
1986 3177
1987 3179
1988 3181
1989 3183
1991 3185
1992 3187
1993 3189
1994 3191
1996 3193
1997 3195
1998 3197
1999 3199
2001 3201
2002 3203
2003 3205
2004 3207
2006 3209
2007 3211
2008 3213
2009 3215
2011 3217
2012 3219
2013 3221
2014 3223
2016 3225
2017 3227
2018 3229
2019 3231
2021 3233
2022 3235
2023 3237
2024 3239
2026 3241
2027 3243
2028 3245
2029 3247
2031 3249
2032 3251
2033 3253
2034 3255
2036 3257
2037 3259
2038 3261
2039 3263
2041 3265
2042 3267
2043 3269
2044 3271
2046 3273
2047 3275
2048 3277
2049 3279
2051 3281
2052 3283
2053 3285
2054 3287
2056 3289
2057 3291
2058 3293
2059 3295
2061 3297
2062 3299
2063 3301
2064 3303
2066 3305
2067 3307
2068 3309
2069 3311
2071 3313
2072 3315
2073 3317
2074 3319
2076 3321
2077 3323
2078 3325
2079 3327
2081 3329
2082 3331
2083 3333
2084 3335
2086 3337
2087 3339
2088 3341
2089 3343
2091 3345
2092 3347
2093 3349
2094 3351
2096 3353
2097 3355
2098 3357
2099 3359
2101 3361
2102 3363
2103 3365
2104 3367
2106 3369
2107 3371
2108 3373
2109 3375
2111 3377
2112 3379
2113 3381
2114 3383
2116 3385
2117 3387
2118 3389
2119 3391
2121 3393
2122 3395
2123 3397
2124 3399
2126 3401
2127 3403
2128 3405
2129 3407
2131 3409
2132 3411
2133 3413
2134 3415
2136 3417
2137 3419
2138 3421
2139 3423
2141 3425
2142 3427
2143 3429
2144 3431
2146 3433
2147 3435
2148 3437
2149 3439
2151 3441
2152 3443
2153 3445
2154 3447
2156 3449
2157 3451
2158 3453
2159 3455
2161 3457
2162 3459
2163 3461
2164 3463
2166 3465
2167 3467
2168 3469
2169 3471
2171 3473
2172 3475
2173 3477
2174 3479
2176 3481
2177 3483
2178 3485
2179 3487
2181 3489
2182 3491
2183 3493
2184 3495
2186 3497
2187 3499
2188 3501
2189 3503
2191 3505
2192 3507
2193 3509
2194 3511
2196 3513
2197 3515
2198 3517
2199 3519
2201 3521
2202 3523
2203 3525
2204 3527
2206 3529
2207 3531
2208 3533
2209 3535
2211 3537
2212 3539
2213 3541
2214 3543
2216 3545
2217 3547
2218 3549
2219 3551
2221 3553
2222 3555
2223 3557
2224 3559
2226 3561
2227 3563
2228 3565
2229 3567
2231 3569
2232 3571
2233 3573
2234 3575
2236 3577
2237 3579
2238 3581
2239 3583
2241 3585
2242 3587
2243 3589
2244 3591
2246 3593
2247 3595
2248 3597
2249 3599
2251 3601
2252 3603
2253 3605
2254 3607
2256 3609
2257 3611
2258 3613
2259 3615
2261 3617
2262 3619
2263 3621
2264 3623
2266 3625
2267 3627
2268 3629
2269 3631
2271 3633
2272 3635
2273 3637
2274 3639
2276 3641
2277 3643
2278 3645
2279 3647
2281 3649
2282 3651
2283 3653
2284 3655
2286 3657
2287 3659
2288 3661
2289 3663
2291 3665
2292 3667
2293 3669
2294 3671
2296 3673
2297 3675
2298 3677
2299 3679
2301 3681
2302 3683
2303 3685
2304 3687
2306 3689
2307 3691
2308 3693
2309 3695
2311 3697
2312 3699
2313 3701
2314 3703
2316 3705
2317 3707
2318 3709
2319 3711
2321 3713
2322 3715
2323 3717
2324 3719
2326 3721
2327 3723
2328 3725
2329 3727
2331 3729
2332 3731
2333 3733
2334 3735
2336 3737
2337 3739
2338 3741
2339 3743
2341 3745
2342 3747
2343 3749
2344 3751
2346 3753
2347 3755
2348 3757
2349 3759
2351 3761
2352 3763
2353 3765
2354 3767
2356 3769
2357 3771
2358 3773
2359 3775
2361 3777
2362 3779
2363 3781
2364 3783
2366 3785
2367 3787
2368 3789
2369 3791
2371 3793
2372 3795
2373 3797
2374 3799
2376 3801
2377 3803
2378 3805
2379 3807
2381 3809
2382 3811
2383 3813
2384 3815
2386 3817
2387 3819
2388 3821
2389 3823
2391 3825
2392 3827
2393 3829
2394 3831
2396 3833
2397 3835
2398 3837
2399 3839
2401 3841
2402 3843
2403 3845
2404 3847
2406 3849
2407 3851
2408 3853
2409 3855
2411 3857
2412 3859
2413 3861
2414 3863
2416 3865
2417 3867
2418 3869
2419 3871
2421 3873
2422 3875
2423 3877
2424 3879
2426 3881
2427 3883
2428 3885
2429 3887
2431 3889
2432 3891
2433 3893
2434 3895
2436 3897
2437 3899
2438 3901
2439 3903
2441 3905
2442 3907
2443 3909
2444 3911
2446 3913
2447 3915
2448 3917
2449 3919
2451 3921
2452 3923
2453 3925
2454 3927
2456 3929
2457 3931
2458 3933
2459 3935
2461 3937
2462 3939
2463 3941
2464 3943
2466 3945
2467 3947
2468 3949
2469 3951
2471 3953
2472 3955
2473 3957
2474 3959
2476 3961
2477 3963
2478 3965
2479 3967
2481 3969
2482 3971
2483 3973
2484 3975
2486 3977
2487 3979
2488 3981
2489 3983
2491 3985
2492 3987
2493 3989
2494 3991
2496 3993
2497 3995
2498 3997
2499 3999
2501 4001
2502 4003
2503 4005
2504 4007
2506 4009
2507 4011
2508 4013
2509 4015
2511 4017
2512 4019
2513 4021
2514 4023
2516 4025
2517 4027
2518 4029
2519 4031
2521 4033
2522 4035
2523 4037
2524 4039
2526 4041
2527 4043
2528 4045
2529 4047
2531 4049
2532 4051
2533 4053
2534 4055
2536 4057
2537 4059
2538 4061
2539 4063
2541 4065
2542 4067
2543 4069
2544 4071
2546 4073
2547 4075
2548 4077
2549 4079
2551 4081
2552 4083
2553 4085
2554 4087
2556 4089
2557 4091
2558 4093
2559 4095
2561 4097
2562 4099
2563 4101
2564 4103
2566 4105
2567 4107
2568 4109
2569 4111
2571 4113
2572 4115
2573 4117
2574 4119
2576 4121
2577 4123
2578 4125
2579 4127
2581 4129
2582 4131
2583 4133
2584 4135
2586 4137
2587 4139
2588 4141
2589 4143
2591 4145
2592 4147
2593 4149
2594 4151
2596 4153
2597 4155
2598 4157
2599 4159
2601 4161
2602 4163
2603 4165
2604 4167
2606 4169
2607 4171
2608 4173
2609 4175
2611 4177
2612 4179
2613 4181
2614 4183
2616 4185
2617 4187
2618 4189
2619 4191
2621 4193
2622 4195
2623 4197
2624 4199
2626 4201
2627 4203
2628 4205
2629 4207
2631 4209
2632 4211
2633 4213
2634 4215
2636 4217
2637 4219
2638 4221
2639 4223
2641 4225
2642 4227
2643 4229
2644 4231
2646 4233
2647 4235
2648 4237
2649 4239
2651 4241
2652 4243
2653 4245
2654 4247
2656 4249
2657 4251
2658 4253
2659 4255
2661 4257
2662 4259
2663 4261
2664 4263
2666 4265
2667 4267
2668 4269
2669 4271
2671 4273
2672 4275
2673 4277
2674 4279
2676 4281
2677 4283
2678 4285
2679 4287
2681 4289
2682 4291
2683 4293
2684 4295
2686 4297
2687 4299
2688 4301
2689 4303
2691 4305
2692 4307
2693 4309
2694 4311
2696 4313
2697 4315
2698 4317
2699 4319
2701 4321
2702 4323
2703 4325
2704 4327
2706 4329
2707 4331
2708 4333
2709 4335
2711 4337
2712 4339
2713 4341
2714 4343
2716 4345
2717 4347
2718 4349
2719 4351
2721 4353
2722 4355
2723 4357
2724 4359
2726 4361
2727 4363
2728 4365
2729 4367
2731 4369
2732 4371
2733 4373
2734 4375
2736 4377
2737 4379
2738 4381
2739 4383
2741 4385
2742 4387
2743 4389
2744 4391
2746 4393
2747 4395
2748 4397
2749 4399
2751 4401
2752 4403
2753 4405
2754 4407
2756 4409
2757 4411
2758 4413
2759 4415
2761 4417
2762 4419
2763 4421
2764 4423
2766 4425
2767 4427
2768 4429
2769 4431
2771 4433
2772 4435
2773 4437
2774 4439
2776 4441
2777 4443
2778 4445
2779 4447
2781 4449
2782 4451
2783 4453
2784 4455
2786 4457
2787 4459
2788 4461
2789 4463
2791 4465
2792 4467
2793 4469
2794 4471
2796 4473
2797 4475
2798 4477
2799 4479
2801 4481
2802 4483
2803 4485
2804 4487
2806 4489
2807 4491
2808 4493
2809 4495
2811 4497
2812 4499
2813 4501
2814 4503
2816 4505
2817 4507
2818 4509
2819 4511
2821 4513
2822 4515
2823 4517
2824 4519
2826 4521
2827 4523
2828 4525
2829 4527
2831 4529
2832 4531
2833 4533
2834 4535
2836 4537
2837 4539
2838 4541
2839 4543
2841 4545
2842 4547
2843 4549
2844 4551
2846 4553
2847 4555
2848 4557
2849 4559
2851 4561
2852 4563
2853 4565
2854 4567
2856 4569
2857 4571
2858 4573
2859 4575
2861 4577
2862 4579
2863 4581
2864 4583
2866 4585
2867 4587
2868 4589
2869 4591
2871 4593
2872 4595
2873 4597
2874 4599
2876 4601
2877 4603
2878 4605
2879 4607
2881 4609
2882 4611
2883 4613
2884 4615
2886 4617
2887 4619
2888 4621
2889 4623
2891 4625
2892 4627
2893 4629
2894 4631
2896 4633
2897 4635
2898 4637
2899 4639
2901 4641
2902 4643
2903 4645
2904 4647
2906 4649
2907 4651
2908 4653
2909 4655
2911 4657
2912 4659
2913 4661
2914 4663
2916 4665
2917 4667
2918 4669
2919 4671
2921 4673
2922 4675
2923 4677
2924 4679
2926 4681
2927 4683
2928 4685
2929 4687
2931 4689
2932 4691
2933 4693
2934 4695
2936 4697
2937 4699
2938 4701
2939 4703
2941 4705
2942 4707
2943 4709
2944 4711
2946 4713
2947 4715
2948 4717
2949 4719
2951 4721
2952 4723
2953 4725
2954 4727
2956 4729
2957 4731
2958 4733
2959 4735
2961 4737
2962 4739
2963 4741
2964 4743
2966 4745
2967 4747
2968 4749
2969 4751
2971 4753
2972 4755
2973 4757
2974 4759
2976 4761
2977 4763
2978 4765
2979 4767
2981 4769
2982 4771
2983 4773
2984 4775
2986 4777
2987 4779
2988 4781
2989 4783
2991 4785
2992 4787
2993 4789
2994 4791
2996 4793
2997 4795
2998 4797
2999 4799
3001 4801
3002 4803
3003 4805
3004 4807
3006 4809
3007 4811
3008 4813
3009 4815
3011 4817
3012 4819
3013 4821
3014 4823
3016 4825
3017 4827
3018 4829
3019 4831
3021 4833
3022 4835
3023 4837
3024 4839
3026 4841
3027 4843
3028 4845
3029 4847
3031 4849
3032 4851
3033 4853
3034 4855
3036 4857
3037 4859
3038 4861
3039 4863
3041 4865
3042 4867
3043 4869
3044 4871
3046 4873
3047 4875
3048 4877
3049 4879
3051 4881
3052 4883
3053 4885
3054 4887
3056 4889
3057 4891
3058 4893
3059 4895
3061 4897
3062 4899
3063 4901
3064 4903
3066 4905
3067 4907
3068 4909
3069 4911
3071 4913
3072 4915
3073 4917
3074 4919
3076 4921
3077 4923
3078 4925
3079 4927
3081 4929
3082 4931
3083 4933
3084 4935
3086 4937
3087 4939
3088 4941
3089 4943
3091 4945
3092 4947
3093 4949
3094 4951
3096 4953
3097 4955
3098 4957
3099 4959
3101 4961
3102 4963
3103 4965
3104 4967
3106 4969
3107 4971
3108 4973
3109 4975
3111 4977
3112 4979
3113 4981
3114 4983
3116 4985
3117 4987
3118 4989
3119 4991
3121 4993
3122 4995
3123 4997
3124 4999
3126 5001
3127 5003
3128 5005
3129 5007
3131 5009
3132 5011
3133 5013
3134 5015
3136 5017
3137 5019
3138 5021
3139 5023
3141 5025
3142 5027
3143 5029
3144 5031
3146 5033
3147 5035
3148 5037
3149 5039
3151 5041
3152 5043
3153 5045
3154 5047
3156 5049
3157 5051
3158 5053
3159 5055
3161 5057
3162 5059
3163 5061
3164 5063
3166 5065
3167 5067
3168 5069
3169 5071
3171 5073
3172 5075
3173 5077
3174 5079
3176 5081
3177 5083
3178 5085
3179 5087
3181 5089
3182 5091
3183 5093
3184 5095
3186 5097
3187 5099
3188 5101
3189 5103
3191 5105
3192 5107
3193 5109
3194 5111
3196 5113
3197 5115
3198 5117
3199 5119
3201 5121
3202 5123
3203 5125
3204 5127
3206 5129
3207 5131
3208 5133
3209 5135
3211 5137
3212 5139
3213 5141
3214 5143
3216 5145
3217 5147
3218 5149
3219 5151
3221 5153
3222 5155
3223 5157
3224 5159
3226 5161
3227 5163
3228 5165
3229 5167
3231 5169
3232 5171
3233 5173
3234 5175
3236 5177
3237 5179
3238 5181
3239 5183
3241 5185
3242 5187
3243 5189
3244 5191
3246 5193
3247 5195
3248 5197
3249 5199
3251 5201
3252 5203
3253 5205
3254 5207
3256 5209
3257 5211
3258 5213
3259 5215
3261 5217
3262 5219
3263 5221
3264 5223
3266 5225
3267 5227
3268 5229
3269 5231
3271 5233
3272 5235
3273 5237
3274 5239
3276 5241
3277 5243
3278 5245
3279 5247
3281 5249
3282 5251
3283 5253
3284 5255
3286 5257
3287 5259
3288 5261
3289 5263
3291 5265
3292 5267
3293 5269
3294 5271
3296 5273
3297 5275
3298 5277
3299 5279
3301 5281
3302 5283
3303 5285
3304 5287
3306 5289
3307 5291
3308 5293
3309 5295
3311 5297
3312 5299
3313 5301
3314 5303
3316 5305
3317 5307
3318 5309
3319 5311
3321 5313
3322 5315
3323 5317
3324 5319
3326 5321
3327 5323
3328 5325
3329 5327
3331 5329
3332 5331
3333 5333
3334 5335
3336 5337
3337 5339
3338 5341
3339 5343
3341 5345
3342 5347
3343 5349
3344 5351
3346 5353
3347 5355
3348 5357
3349 5359
3351 5361
3352 5363
3353 5365
3354 5367
3356 5369
3357 5371
3358 5373
3359 5375
3361 5377
3362 5379
3363 5381
3364 5383
3366 5385
3367 5387
3368 5389
3369 5391
3371 5393
3372 5395
3373 5397
3374 5399
3376 5401
3377 5403
3378 5405
3379 5407
3381 5409
3382 5411
3383 5413
3384 5415
3386 5417
3387 5419
3388 5421
3389 5423
3391 5425
3392 5427
3393 5429
3394 5431
3396 5433
3397 5435
3398 5437
3399 5439
3401 5441
3402 5443
3403 5445
3404 5447
3406 5449
3407 5451
3408 5453
3409 5455
3411 5457
3412 5459
3413 5461
3414 5463
3416 5465
3417 5467
3418 5469
3419 5471
3421 5473
3422 5475
3423 5477
3424 5479
3426 5481
3427 5483
3428 5485
3429 5487
3431 5489
3432 5491
3433 5493
3434 5495
3436 5497
3437 5499
3438 5501
3439 5503
3441 5505
3442 5507
3443 5509
3444 5511
3446 5513
3447 5515
3448 5517
3449 5519
3451 5521
3452 5523
3453 5525
3454 5527
3456 5529
3457 5531
3458 5533
3459 5535
3461 5537
3462 5539
3463 5541
3464 5543
3466 5545
3467 5547
3468 5549
3469 5551
3471 5553
3472 5555
3473 5557
3474 5559
3476 5561
3477 5563
3478 5565
3479 5567
3481 5569
3482 5571
3483 5573
3484 5575
3486 5577
3487 5579
3488 5581
3489 5583
3491 5585
3492 5587
3493 5589
3494 5591
3496 5593
3497 5595
3498 5597
3499 5599
3501 5601
3502 5603
3503 5605
3504 5607
3506 5609
3507 5611
3508 5613
3509 5615
3511 5617
3512 5619
3513 5621
3514 5623
3516 5625
3517 5627
3518 5629
3519 5631
3521 5633
3522 5635
3523 5637
3524 5639
3526 5641
3527 5643
3528 5645
3529 5647
3531 5649
3532 5651
3533 5653
3534 5655
3536 5657
3537 5659
3538 5661
3539 5663
3541 5665
3542 5667
3543 5669
3544 5671
3546 5673
3547 5675
3548 5677
3549 5679
3551 5681
3552 5683
3553 5685
3554 5687
3556 5689
3557 5691
3558 5693
3559 5695
3561 5697
3562 5699
3563 5701
3564 5703
3566 5705
3567 5707
3568 5709
3569 5711
3571 5713
3572 5715
3573 5717
3574 5719
3576 5721
3577 5723
3578 5725
3579 5727
3581 5729
3582 5731
3583 5733
3584 5735
3586 5737
3587 5739
3588 5741
3589 5743
3591 5745
3592 5747
3593 5749
3594 5751
3596 5753
3597 5755
3598 5757
3599 5759
3601 5761
3602 5763
3603 5765
3604 5767
3606 5769
3607 5771
3608 5773
3609 5775
3611 5777
3612 5779
3613 5781
3614 5783
3616 5785
3617 5787
3618 5789
3619 5791
3621 5793
3622 5795
3623 5797
3624 5799
3626 5801
3627 5803
3628 5805
3629 5807
3631 5809
3632 5811
3633 5813
3634 5815
3636 5817
3637 5819
3638 5821
3639 5823
3641 5825
3642 5827
3643 5829
3644 5831
3646 5833
3647 5835
3648 5837
3649 5839
3651 5841
3652 5843
3653 5845
3654 5847
3656 5849
3657 5851
3658 5853
3659 5855
3661 5857
3662 5859
3663 5861
3664 5863
3666 5865
3667 5867
3668 5869
3669 5871
3671 5873
3672 5875
3673 5877
3674 5879
3676 5881
3677 5883
3678 5885
3679 5887
3681 5889
3682 5891
3683 5893
3684 5895
3686 5897
3687 5899
3688 5901
3689 5903
3691 5905
3692 5907
3693 5909
3694 5911
3696 5913
3697 5915
3698 5917
3699 5919
3701 5921
3702 5923
3703 5925
3704 5927
3706 5929
3707 5931
3708 5933
3709 5935
3711 5937
3712 5939
3713 5941
3714 5943
3716 5945
3717 5947
3718 5949
3719 5951
3721 5953
3722 5955
3723 5957
3724 5959
3726 5961
3727 5963
3728 5965
3729 5967
3731 5969
3732 5971
3733 5973
3734 5975
3736 5977
3737 5979
3738 5981
3739 5983
3741 5985
3742 5987
3743 5989
3744 5991
3746 5993
3747 5995
3748 5997
3749 5999
3751 6001
3752 6003
3753 6005
3754 6007
3756 6009
3757 6011
3758 6013
3759 6015
3761 6017
3762 6019
3763 6021
3764 6023
3766 6025
3767 6027
3768 6029
3769 6031
3771 6033
3772 6035
3773 6037
3774 6039
3776 6041
3777 6043
3778 6045
3779 6047
3781 6049
3782 6051
3783 6053
3784 6055
3786 6057
3787 6059
3788 6061
3789 6063
3791 6065
3792 6067
3793 6069
3794 6071
3796 6073
3797 6075
3798 6077
3799 6079
3801 6081
3802 6083
3803 6085
3804 6087
3806 6089
3807 6091
3808 6093
3809 6095
3811 6097
3812 6099
3813 6101
3814 6103
3816 6105
3817 6107
3818 6109
3819 6111
3821 6113
3822 6115
3823 6117
3824 6119
3826 6121
3827 6123
3828 6125
3829 6127
3831 6129
3832 6131
3833 6133
3834 6135
3836 6137
3837 6139
3838 6141
3839 6143
3841 6145
3842 6147
3843 6149
3844 6151
3846 6153
3847 6155
3848 6157
3849 6159
3851 6161
3852 6163
3853 6165
3854 6167
3856 6169
3857 6171
3858 6173
3859 6175
3861 6177
3862 6179
3863 6181
3864 6183
3866 6185
3867 6187
3868 6189
3869 6191
3871 6193
3872 6195
3873 6197
3874 6199
3876 6201
3877 6203
3878 6205
3879 6207
3881 6209
3882 6211
3883 6213
3884 6215
3886 6217
3887 6219
3888 6221
3889 6223
3891 6225
3892 6227
3893 6229
3894 6231
3896 6233
3897 6235
3898 6237
3899 6239
3901 6241
3902 6243
3903 6245
3904 6247
3906 6249
3907 6251
3908 6253
3909 6255
3911 6257
3912 6259
3913 6261
3914 6263
3916 6265
3917 6267
3918 6269
3919 6271
3921 6273
3922 6275
3923 6277
3924 6279
3926 6281
3927 6283
3928 6285
3929 6287
3931 6289
3932 6291
3933 6293
3934 6295
3936 6297
3937 6299
3938 6301
3939 6303
3941 6305
3942 6307
3943 6309
3944 6311
3946 6313
3947 6315
3948 6317
3949 6319
3951 6321
3952 6323
3953 6325
3954 6327
3956 6329
3957 6331
3958 6333
3959 6335
3961 6337
3962 6339
3963 6341
3964 6343
3966 6345
3967 6347
3968 6349
3969 6351
3971 6353
3972 6355
3973 6357
3974 6359
3976 6361
3977 6363
3978 6365
3979 6367
3981 6369
3982 6371
3983 6373
3984 6375
3986 6377
3987 6379
3988 6381
3989 6383
3991 6385
3992 6387
3993 6389
3994 6391
3996 6393
3997 6395
3998 6397
3999 6399
4001 6401
4002 6403
4003 6405
4004 6407
4006 6409
4007 6411
4008 6413
4009 6415
4011 6417
4012 6419
4013 6421
4014 6423
4016 6425
4017 6427
4018 6429
4019 6431
4021 6433
4022 6435
4023 6437
4024 6439
4026 6441
4027 6443
4028 6445
4029 6447
4031 6449
4032 6451
4033 6453
4034 6455
4036 6457
4037 6459
4038 6461
4039 6463
4041 6465
4042 6467
4043 6469
4044 6471
4046 6473
4047 6475
4048 6477
4049 6479
4051 6481
4052 6483
4053 6485
4054 6487
4056 6489
4057 6491
4058 6493
4059 6495
4061 6497
4062 6499
4063 6501
4064 6503
4066 6505
4067 6507
4068 6509
4069 6511
4071 6513
4072 6515
4073 6517
4074 6519
4076 6521
4077 6523
4078 6525
4079 6527
4081 6529
4082 6531
4083 6533
4084 6535
4086 6537
4087 6539
4088 6541
4089 6543
4091 6545
4092 6547
4093 6549
4094 6551
4096 6553
4097 6555
4098 6557
4099 6559
4101 6561
4102 6563
4103 6565
4104 6567
4106 6569
4107 6571
4108 6573
4109 6575
4111 6577
4112 6579
4113 6581
4114 6583
4116 6585
4117 6587
4118 6589
4119 6591
4121 6593
4122 6595
4123 6597
4124 6599
4126 6601
4127 6603
4128 6605
4129 6607
4131 6609
4132 6611
4133 6613
4134 6615
4136 6617
4137 6619
4138 6621
4139 6623
4141 6625
4142 6627
4143 6629
4144 6631
4146 6633
4147 6635
4148 6637
4149 6639
4151 6641
4152 6643
4153 6645
4154 6647
4156 6649
4157 6651
4158 6653
4159 6655
4161 6657
4162 6659
4163 6661
4164 6663
4166 6665
4167 6667
4168 6669
4169 6671
4171 6673
4172 6675
4173 6677
4174 6679
4176 6681
4177 6683
4178 6685
4179 6687
4181 6689
4182 6691
4183 6693
4184 6695
4186 6697
4187 6699
4188 6701
4189 6703
4191 6705
4192 6707
4193 6709
4194 6711
4196 6713
4197 6715
4198 6717
4199 6719
4201 6721
4202 6723
4203 6725
4204 6727
4206 6729
4207 6731
4208 6733
4209 6735
4211 6737
4212 6739
4213 6741
4214 6743
4216 6745
4217 6747
4218 6749
4219 6751
4221 6753
4222 6755
4223 6757
4224 6759
4226 6761
4227 6763
4228 6765
4229 6767
4231 6769
4232 6771
4233 6773
4234 6775
4236 6777
4237 6779
4238 6781
4239 6783
4241 6785
4242 6787
4243 6789
4244 6791
4246 6793
4247 6795
4248 6797
4249 6799
4251 6801
4252 6803
4253 6805
4254 6807
4256 6809
4257 6811
4258 6813
4259 6815
4261 6817
4262 6819
4263 6821
4264 6823
4266 6825
4267 6827
4268 6829
4269 6831
4271 6833
4272 6835
4273 6837
4274 6839
4276 6841
4277 6843
4278 6845
4279 6847
4281 6849
4282 6851
4283 6853
4284 6855
4286 6857
4287 6859
4288 6861
4289 6863
4291 6865
4292 6867
4293 6869
4294 6871
4296 6873
4297 6875
4298 6877
4299 6879
4301 6881
4302 6883
4303 6885
4304 6887
4306 6889
4307 6891
4308 6893
4309 6895
4311 6897
4312 6899
4313 6901
4314 6903
4316 6905
4317 6907
4318 6909
4319 6911
4321 6913
4322 6915
4323 6917
4324 6919
4326 6921
4327 6923
4328 6925
4329 6927
4331 6929
4332 6931
4333 6933
4334 6935
4336 6937
4337 6939
4338 6941
4339 6943
4341 6945
4342 6947
4343 6949
4344 6951
4346 6953
4347 6955
4348 6957
4349 6959
4351 6961
4352 6963
4353 6965
4354 6967
4356 6969
4357 6971
4358 6973
4359 6975
4361 6977
4362 6979
4363 6981
4364 6983
4366 6985
4367 6987
4368 6989
4369 6991
4371 6993
4372 6995
4373 6997
4374 6999
4376 7001
4377 7003
4378 7005
4379 7007
4381 7009
4382 7011
4383 7013
4384 7015
4386 7017
4387 7019
4388 7021
4389 7023
4391 7025
4392 7027
4393 7029
4394 7031
4396 7033
4397 7035
4398 7037
4399 7039
4401 7041
4402 7043
4403 7045
4404 7047
4406 7049
4407 7051
4408 7053
4409 7055
4411 7057
4412 7059
4413 7061
4414 7063
4416 7065
4417 7067
4418 7069
4419 7071
4421 7073
4422 7075
4423 7077
4424 7079
4426 7081
4427 7083
4428 7085
4429 7087
4431 7089
4432 7091
4433 7093
4434 7095
4436 7097
4437 7099
4438 7101
4439 7103
4441 7105
4442 7107
4443 7109
4444 7111
4446 7113
4447 7115
4448 7117
4449 7119
4451 7121
4452 7123
4453 7125
4454 7127
4456 7129
4457 7131
4458 7133
4459 7135
4461 7137
4462 7139
4463 7141
4464 7143
4466 7145
4467 7147
4468 7149
4469 7151
4471 7153
4472 7155
4473 7157
4474 7159
4476 7161
4477 7163
4478 7165
4479 7167
4481 7169
4482 7171
4483 7173
4484 7175
4486 7177
4487 7179
4488 7181
4489 7183
4491 7185
4492 7187
4493 7189
4494 7191
4496 7193
4497 7195
4498 7197
4499 7199
4501 7201
4502 7203
4503 7205
4504 7207
4506 7209
4507 7211
4508 7213
4509 7215
4511 7217
4512 7219
4513 7221
4514 7223
4516 7225
4517 7227
4518 7229
4519 7231
4521 7233
4522 7235
4523 7237
4524 7239
4526 7241
4527 7243
4528 7245
4529 7247
4531 7249
4532 7251
4533 7253
4534 7255
4536 7257
4537 7259
4538 7261
4539 7263
4541 7265
4542 7267
4543 7269
4544 7271
4546 7273
4547 7275
4548 7277
4549 7279
4551 7281
4552 7283
4553 7285
4554 7287
4556 7289
4557 7291
4558 7293
4559 7295
4561 7297
4562 7299
4563 7301
4564 7303
4566 7305
4567 7307
4568 7309
4569 7311
4571 7313
4572 7315
4573 7317
4574 7319
4576 7321
4577 7323
4578 7325
4579 7327
4581 7329
4582 7331
4583 7333
4584 7335
4586 7337
4587 7339
4588 7341
4589 7343
4591 7345
4592 7347
4593 7349
4594 7351
4596 7353
4597 7355
4598 7357
4599 7359
4601 7361
4602 7363
4603 7365
4604 7367
4606 7369
4607 7371
4608 7373
4609 7375
4611 7377
4612 7379
4613 7381
4614 7383
4616 7385
4617 7387
4618 7389
4619 7391
4621 7393
4622 7395
4623 7397
4624 7399
4626 7401
4627 7403
4628 7405
4629 7407
4631 7409
4632 7411
4633 7413
4634 7415
4636 7417
4637 7419
4638 7421
4639 7423
4641 7425
4642 7427
4643 7429
4644 7431
4646 7433
4647 7435
4648 7437
4649 7439
4651 7441
4652 7443
4653 7445
4654 7447
4656 7449
4657 7451
4658 7453
4659 7455
4661 7457
4662 7459
4663 7461
4664 7463
4666 7465
4667 7467
4668 7469
4669 7471
4671 7473
4672 7475
4673 7477
4674 7479
4676 7481
4677 7483
4678 7485
4679 7487
4681 7489
4682 7491
4683 7493
4684 7495
4686 7497
4687 7499
4688 7501
4689 7503
4691 7505
4692 7507
4693 7509
4694 7511
4696 7513
4697 7515
4698 7517
4699 7519
4701 7521
4702 7523
4703 7525
4704 7527
4706 7529
4707 7531
4708 7533
4709 7535
4711 7537
4712 7539
4713 7541
4714 7543
4716 7545
4717 7547
4718 7549
4719 7551
4721 7553
4722 7555
4723 7557
4724 7559
4726 7561
4727 7563
4728 7565
4729 7567
4731 7569
4732 7571
4733 7573
4734 7575
4736 7577
4737 7579
4738 7581
4739 7583
4741 7585
4742 7587
4743 7589
4744 7591
4746 7593
4747 7595
4748 7597
4749 7599
4751 7601
4752 7603
4753 7605
4754 7607
4756 7609
4757 7611
4758 7613
4759 7615
4761 7617
4762 7619
4763 7621
4764 7623
4766 7625
4767 7627
4768 7629
4769 7631
4771 7633
4772 7635
4773 7637
4774 7639
4776 7641
4777 7643
4778 7645
4779 7647
4781 7649
4782 7651
4783 7653
4784 7655
4786 7657
4787 7659
4788 7661
4789 7663
4791 7665
4792 7667
4793 7669
4794 7671
4796 7673
4797 7675
4798 7677
4799 7679
4801 7681
4802 7683
4803 7685
4804 7687
4806 7689
4807 7691
4808 7693
4809 7695
4811 7697
4812 7699
4813 7701
4814 7703
4816 7705
4817 7707
4818 7709
4819 7711
4821 7713
4822 7715
4823 7717
4824 7719
4826 7721
4827 7723
4828 7725
4829 7727
4831 7729
4832 7731
4833 7733
4834 7735
4836 7737
4837 7739
4838 7741
4839 7743
4841 7745
4842 7747
4843 7749
4844 7751
4846 7753
4847 7755
4848 7757
4849 7759
4851 7761
4852 7763
4853 7765
4854 7767
4856 7769
4857 7771
4858 7773
4859 7775
4861 7777
4862 7779
4863 7781
4864 7783
4866 7785
4867 7787
4868 7789
4869 7791
4871 7793
4872 7795
4873 7797
4874 7799
4876 7801
4877 7803
4878 7805
4879 7807
4881 7809
4882 7811
4883 7813
4884 7815
4886 7817
4887 7819
4888 7821
4889 7823
4891 7825
4892 7827
4893 7829
4894 7831
4896 7833
4897 7835
4898 7837
4899 7839
4901 7841
4902 7843
4903 7845
4904 7847
4906 7849
4907 7851
4908 7853
4909 7855
4911 7857
4912 7859
4913 7861
4914 7863
4916 7865
4917 7867
4918 7869
4919 7871
4921 7873
4922 7875
4923 7877
4924 7879
4926 7881
4927 7883
4928 7885
4929 7887
4931 7889
4932 7891
4933 7893
4934 7895
4936 7897
4937 7899
4938 7901
4939 7903
4941 7905
4942 7907
4943 7909
4944 7911
4946 7913
4947 7915
4948 7917
4949 7919
4951 7921
4952 7923
4953 7925
4954 7927
4956 7929
4957 7931
4958 7933
4959 7935
4961 7937
4962 7939
4963 7941
4964 7943
4966 7945
4967 7947
4968 7949
4969 7951
4971 7953
4972 7955
4973 7957
4974 7959
4976 7961
4977 7963
4978 7965
4979 7967
4981 7969
4982 7971
4983 7973
4984 7975
4986 7977
4987 7979
4988 7981
4989 7983
4991 7985
4992 7987
4993 7989
4994 7991
4996 7993
4997 7995
4998 7997
4999 7999
5001 8001
5002 8003
5003 8005
5004 8007
5006 8009
5007 8011
5008 8013
5009 8015
5011 8017
5012 8019
5013 8021
5014 8023
5016 8025
5017 8027
5018 8029
5019 8031
5021 8033
5022 8035
5023 8037
5024 8039
5026 8041
5027 8043
5028 8045
5029 8047
5031 8049
5032 8051
5033 8053
5034 8055
5036 8057
5037 8059
5038 8061
5039 8063
5041 8065
5042 8067
5043 8069
5044 8071
5046 8073
5047 8075
5048 8077
5049 8079
5051 8081
5052 8083
5053 8085
5054 8087
5056 8089
5057 8091
5058 8093
5059 8095
5061 8097
5062 8099
5063 8101
5064 8103
5066 8105
5067 8107
5068 8109
5069 8111
5071 8113
5072 8115
5073 8117
5074 8119
5076 8121
5077 8123
5078 8125
5079 8127
5081 8129
5082 8131
5083 8133
5084 8135
5086 8137
5087 8139
5088 8141
5089 8143
5091 8145
5092 8147
5093 8149
5094 8151
5096 8153
5097 8155
5098 8157
5099 8159
5101 8161
5102 8163
5103 8165
5104 8167
5106 8169
5107 8171
5108 8173
5109 8175
5111 8177
5112 8179
5113 8181
5114 8183
5116 8185
5117 8187
5118 8189
5119 8191
5121 8193
5122 8195
5123 8197
5124 8199
5126 8201
5127 8203
5128 8205
5129 8207
5131 8209
5132 8211
5133 8213
5134 8215
5136 8217
5137 8219
5138 8221
5139 8223
5141 8225
5142 8227
5143 8229
5144 8231
5146 8233
5147 8235
5148 8237
5149 8239
5151 8241
5152 8243
5153 8245
5154 8247
5156 8249
5157 8251
5158 8253
5159 8255
5161 8257
5162 8259
5163 8261
5164 8263
5166 8265
5167 8267
5168 8269
5169 8271
5171 8273
5172 8275
5173 8277
5174 8279
5176 8281
5177 8283
5178 8285
5179 8287
5181 8289
5182 8291
5183 8293
5184 8295
5186 8297
5187 8299
5188 8301
5189 8303
5191 8305
5192 8307
5193 8309
5194 8311
5196 8313
5197 8315
5198 8317
5199 8319
5201 8321
5202 8323
5203 8325
5204 8327
5206 8329
5207 8331
5208 8333
5209 8335
5211 8337
5212 8339
5213 8341
5214 8343
5216 8345
5217 8347
5218 8349
5219 8351
5221 8353
5222 8355
5223 8357
5224 8359
5226 8361
5227 8363
5228 8365
5229 8367
5231 8369
5232 8371
5233 8373
5234 8375
5236 8377
5237 8379
5238 8381
5239 8383
5241 8385
5242 8387
5243 8389
5244 8391
5246 8393
5247 8395
5248 8397
5249 8399
5251 8401
5252 8403
5253 8405
5254 8407
5256 8409
5257 8411
5258 8413
5259 8415
5261 8417
5262 8419
5263 8421
5264 8423
5266 8425
5267 8427
5268 8429
5269 8431
5271 8433
5272 8435
5273 8437
5274 8439
5276 8441
5277 8443
5278 8445
5279 8447
5281 8449
5282 8451
5283 8453
5284 8455
5286 8457
5287 8459
5288 8461
5289 8463
5291 8465
5292 8467
5293 8469
5294 8471
5296 8473
5297 8475
5298 8477
5299 8479
5301 8481
5302 8483
5303 8485
5304 8487
5306 8489
5307 8491
5308 8493
5309 8495
5311 8497
5312 8499
5313 8501
5314 8503
5316 8505
5317 8507
5318 8509
5319 8511
5321 8513
5322 8515
5323 8517
5324 8519
5326 8521
5327 8523
5328 8525
5329 8527
5331 8529
5332 8531
5333 8533
5334 8535
5336 8537
5337 8539
5338 8541
5339 8543
5341 8545
5342 8547
5343 8549
5344 8551
5346 8553
5347 8555
5348 8557
5349 8559
5351 8561
5352 8563
5353 8565
5354 8567
5356 8569
5357 8571
5358 8573
5359 8575
5361 8577
5362 8579
5363 8581
5364 8583
5366 8585
5367 8587
5368 8589
5369 8591
5371 8593
5372 8595
5373 8597
5374 8599
5376 8601
5377 8603
5378 8605
5379 8607
5381 8609
5382 8611
5383 8613
5384 8615
5386 8617
5387 8619
5388 8621
5389 8623
5391 8625
5392 8627
5393 8629
5394 8631
5396 8633
5397 8635
5398 8637
5399 8639
5401 8641
5402 8643
5403 8645
5404 8647
5406 8649
5407 8651
5408 8653
5409 8655
5411 8657
5412 8659
5413 8661
5414 8663
5416 8665
5417 8667
5418 8669
5419 8671
5421 8673
5422 8675
5423 8677
5424 8679
5426 8681
5427 8683
5428 8685
5429 8687
5431 8689
5432 8691
5433 8693
5434 8695
5436 8697
5437 8699
5438 8701
5439 8703
5441 8705
5442 8707
5443 8709
5444 8711
5446 8713
5447 8715
5448 8717
5449 8719
5451 8721
5452 8723
5453 8725
5454 8727
5456 8729
5457 8731
5458 8733
5459 8735
5461 8737
5462 8739
5463 8741
5464 8743
5466 8745
5467 8747
5468 8749
5469 8751
5471 8753
5472 8755
5473 8757
5474 8759
5476 8761
5477 8763
5478 8765
5479 8767
5481 8769
5482 8771
5483 8773
5484 8775
5486 8777
5487 8779
5488 8781
5489 8783
5491 8785
5492 8787
5493 8789
5494 8791
5496 8793
5497 8795
5498 8797
5499 8799
5501 8801
5502 8803
5503 8805
5504 8807
5506 8809
5507 8811
5508 8813
5509 8815
5511 8817
5512 8819
5513 8821
5514 8823
5516 8825
5517 8827
5518 8829
5519 8831
5521 8833
5522 8835
5523 8837
5524 8839
5526 8841
5527 8843
5528 8845
5529 8847
5531 8849
5532 8851
5533 8853
5534 8855
5536 8857
5537 8859
5538 8861
5539 8863
5541 8865
5542 8867
5543 8869
5544 8871
5546 8873
5547 8875
5548 8877
5549 8879
5551 8881
5552 8883
5553 8885
5554 8887
5556 8889
5557 8891
5558 8893
5559 8895
5561 8897
5562 8899
5563 8901
5564 8903
5566 8905
5567 8907
5568 8909
5569 8911
5571 8913
5572 8915
5573 8917
5574 8919
5576 8921
5577 8923
5578 8925
5579 8927
5581 8929
5582 8931
5583 8933
5584 8935
5586 8937
5587 8939
5588 8941
5589 8943
5591 8945
5592 8947
5593 8949
5594 8951
5596 8953
5597 8955
5598 8957
5599 8959
5601 8961
5602 8963
5603 8965
5604 8967
5606 8969
5607 8971
5608 8973
5609 8975
5611 8977
5612 8979
5613 8981
5614 8983
5616 8985
5617 8987
5618 8989
5619 8991
5621 8993
5622 8995
5623 8997
5624 8999
5626 9001
5627 9003
5628 9005
5629 9007
5631 9009
5632 9011
5633 9013
5634 9015
5636 9017
5637 9019
5638 9021
5639 9023
5641 9025
5642 9027
5643 9029
5644 9031
5646 9033
5647 9035
5648 9037
5649 9039
5651 9041
5652 9043
5653 9045
5654 9047
5656 9049
5657 9051
5658 9053
5659 9055
5661 9057
5662 9059
5663 9061
5664 9063
5666 9065
5667 9067
5668 9069
5669 9071
5671 9073
5672 9075
5673 9077
5674 9079
5676 9081
5677 9083
5678 9085
5679 9087
5681 9089
5682 9091
5683 9093
5684 9095
5686 9097
5687 9099
5688 9101
5689 9103
5691 9105
5692 9107
5693 9109
5694 9111
5696 9113
5697 9115
5698 9117
5699 9119
5701 9121
5702 9123
5703 9125
5704 9127
5706 9129
5707 9131
5708 9133
5709 9135
5711 9137
5712 9139
5713 9141
5714 9143
5716 9145
5717 9147
5718 9149
5719 9151
5721 9153
5722 9155
5723 9157
5724 9159
5726 9161
5727 9163
5728 9165
5729 9167
5731 9169
5732 9171
5733 9173
5734 9175
5736 9177
5737 9179
5738 9181
5739 9183
5741 9185
5742 9187
5743 9189
5744 9191
5746 9193
5747 9195
5748 9197
5749 9199
5751 9201
5752 9203
5753 9205
5754 9207
5756 9209
5757 9211
5758 9213
5759 9215
5761 9217
5762 9219
5763 9221
5764 9223
5766 9225
5767 9227
5768 9229
5769 9231
5771 9233
5772 9235
5773 9237
5774 9239
5776 9241
5777 9243
5778 9245
5779 9247
5781 9249
5782 9251
5783 9253
5784 9255
5786 9257
5787 9259
5788 9261
5789 9263
5791 9265
5792 9267
5793 9269
5794 9271
5796 9273
5797 9275
5798 9277
5799 9279
5801 9281
5802 9283
5803 9285
5804 9287
5806 9289
5807 9291
5808 9293
5809 9295
5811 9297
5812 9299
5813 9301
5814 9303
5816 9305
5817 9307
5818 9309
5819 9311
5821 9313
5822 9315
5823 9317
5824 9319
5826 9321
5827 9323
5828 9325
5829 9327
5831 9329
5832 9331
5833 9333
5834 9335
5836 9337
5837 9339
5838 9341
5839 9343
5841 9345
5842 9347
5843 9349
5844 9351
5846 9353
5847 9355
5848 9357
5849 9359
5851 9361
5852 9363
5853 9365
5854 9367
5856 9369
5857 9371
5858 9373
5859 9375
5861 9377
5862 9379
5863 9381
5864 9383
5866 9385
5867 9387
5868 9389
5869 9391
5871 9393
5872 9395
5873 9397
5874 9399
5876 9401
5877 9403
5878 9405
5879 9407
5881 9409
5882 9411
5883 9413
5884 9415
5886 9417
5887 9419
5888 9421
5889 9423
5891 9425
5892 9427
5893 9429
5894 9431
5896 9433
5897 9435
5898 9437
5899 9439
5901 9441
5902 9443
5903 9445
5904 9447
5906 9449
5907 9451
5908 9453
5909 9455
5911 9457
5912 9459
5913 9461
5914 9463
5916 9465
5917 9467
5918 9469
5919 9471
5921 9473
5922 9475
5923 9477
5924 9479
5926 9481
5927 9483
5928 9485
5929 9487
5931 9489
5932 9491
5933 9493
5934 9495
5936 9497
5937 9499
5938 9501
5939 9503
5941 9505
5942 9507
5943 9509
5944 9511
5946 9513
5947 9515
5948 9517
5949 9519
5951 9521
5952 9523
5953 9525
5954 9527
5956 9529
5957 9531
5958 9533
5959 9535
5961 9537
5962 9539
5963 9541
5964 9543
5966 9545
5967 9547
5968 9549
5969 9551
5971 9553
5972 9555
5973 9557
5974 9559
5976 9561
5977 9563
5978 9565
5979 9567
5981 9569
5982 9571
5983 9573
5984 9575
5986 9577
5987 9579
5988 9581
5989 9583
5991 9585
5992 9587
5993 9589
5994 9591
5996 9593
5997 9595
5998 9597
5999 9599
6001 9601
6002 9603
6003 9605
6004 9607
6006 9609
6007 9611
6008 9613
6009 9615
6011 9617
6012 9619
6013 9621
6014 9623
6016 9625
6017 9627
6018 9629
6019 9631
6021 9633
6022 9635
6023 9637
6024 9639
6026 9641
6027 9643
6028 9645
6029 9647
6031 9649
6032 9651
6033 9653
6034 9655
6036 9657
6037 9659
6038 9661
6039 9663
6041 9665
6042 9667
6043 9669
6044 9671
6046 9673
6047 9675
6048 9677
6049 9679
6051 9681
6052 9683
6053 9685
6054 9687
6056 9689
6057 9691
6058 9693
6059 9695
6061 9697
6062 9699
6063 9701
6064 9703
6066 9705
6067 9707
6068 9709
6069 9711
6071 9713
6072 9715
6073 9717
6074 9719
6076 9721
6077 9723
6078 9725
6079 9727
6081 9729
6082 9731
6083 9733
6084 9735
6086 9737
6087 9739
6088 9741
6089 9743
6091 9745
6092 9747
6093 9749
6094 9751
6096 9753
6097 9755
6098 9757
6099 9759
6101 9761
6102 9763
6103 9765
6104 9767
6106 9769
6107 9771
6108 9773
6109 9775
6111 9777
6112 9779
6113 9781
6114 9783
6116 9785
6117 9787
6118 9789
6119 9791
6121 9793
6122 9795
6123 9797
6124 9799
6126 9801
6127 9803
6128 9805
6129 9807
6131 9809
6132 9811
6133 9813
6134 9815
6136 9817
6137 9819
6138 9821
6139 9823
6141 9825
6142 9827
6143 9829
6144 9831
6146 9833
6147 9835
6148 9837
6149 9839
6151 9841
6152 9843
6153 9845
6154 9847
6156 9849
6157 9851
6158 9853
6159 9855
6161 9857
6162 9859
6163 9861
6164 9863
6166 9865
6167 9867
6168 9869
6169 9871
6171 9873
6172 9875
6173 9877
6174 9879
6176 9881
6177 9883
6178 9885
6179 9887
6181 9889
6182 9891
6183 9893
6184 9895
6186 9897
6187 9899
6188 9901
6189 9903
6191 9905
6192 9907
6193 9909
6194 9911
6196 9913
6197 9915
6198 9917
6199 9919
6201 9921
6202 9923
6203 9925
6204 9927
6206 9929
6207 9931
6208 9933
6209 9935
6211 9937
6212 9939
6213 9941
6214 9943
6216 9945
6217 9947
6218 9949
6219 9951
6221 9953
6222 9955
6223 9957
6224 9959
6226 9961
6227 9963
6228 9965
6229 9967
6231 9969
6232 9971
6233 9973
6234 9975
6236 9977
6237 9979
6238 9981
6239 9983
6241 9985
6242 9987
6243 9989
6244 9991
6246 9993
6247 9995
6248 9997
6249 9999
6251 10001
6252 10003
6253 10005
6254 10007
6256 10009
6257 10011
6258 10013
6259 10015
6261 10017
6262 10019
6263 10021
6264 10023
6266 10025
6267 10027
6268 10029
6269 10031
6271 10033
6272 10035
6273 10037
6274 10039
6276 10041
6277 10043
6278 10045
6279 10047
6281 10049
6282 10051
6283 10053
6284 10055
6286 10057
6287 10059
6288 10061
6289 10063
6291 10065
6292 10067
6293 10069
6294 10071
6296 10073
6297 10075
6298 10077
6299 10079
6301 10081
6302 10083
6303 10085
6304 10087
6306 10089
6307 10091
6308 10093
6309 10095
6311 10097
6312 10099
6313 10101
6314 10103
6316 10105
6317 10107
6318 10109
6319 10111
6321 10113
6322 10115
6323 10117
6324 10119
6326 10121
6327 10123
6328 10125
6329 10127
6331 10129
6332 10131
6333 10133
6334 10135
6336 10137
6337 10139
6338 10141
6339 10143
6341 10145
6342 10147
6343 10149
6344 10151
6346 10153
6347 10155
6348 10157
6349 10159
6351 10161
6352 10163
6353 10165
6354 10167
6356 10169
6357 10171
6358 10173
6359 10175
6361 10177
6362 10179
6363 10181
6364 10183
6366 10185
6367 10187
6368 10189
6369 10191
6371 10193
6372 10195
6373 10197
6374 10199
6376 10201
6377 10203
6378 10205
6379 10207
6381 10209
6382 10211
6383 10213
6384 10215
6386 10217
6387 10219
6388 10221
6389 10223
6391 10225
6392 10227
6393 10229
6394 10231
6396 10233
6397 10235
6398 10237
6399 10239
6401 10241
6402 10243
6403 10245
6404 10247
6406 10249
6407 10251
6408 10253
6409 10255
6411 10257
6412 10259
6413 10261
6414 10263
6416 10265
6417 10267
6418 10269
6419 10271
6421 10273
6422 10275
6423 10277
6424 10279
6426 10281
6427 10283
6428 10285
6429 10287
6431 10289
6432 10291
6433 10293
6434 10295
6436 10297
6437 10299
6438 10301
6439 10303
6441 10305
6442 10307
6443 10309
6444 10311
6446 10313
6447 10315
6448 10317
6449 10319
6451 10321
6452 10323
6453 10325
6454 10327
6456 10329
6457 10331
6458 10333
6459 10335
6461 10337
6462 10339
6463 10341
6464 10343
6466 10345
6467 10347
6468 10349
6469 10351
6471 10353
6472 10355
6473 10357
6474 10359
6476 10361
6477 10363
6478 10365
6479 10367
6481 10369
6482 10371
6483 10373
6484 10375
6486 10377
6487 10379
6488 10381
6489 10383
6491 10385
6492 10387
6493 10389
6494 10391
6496 10393
6497 10395
6498 10397
6499 10399
6501 10401
6502 10403
6503 10405
6504 10407
6506 10409
6507 10411
6508 10413
6509 10415
6511 10417
6512 10419
6513 10421
6514 10423
6516 10425
6517 10427
6518 10429
6519 10431
6521 10433
6522 10435
6523 10437
6524 10439
6526 10441
6527 10443
6528 10445
6529 10447
6531 10449
6532 10451
6533 10453
6534 10455
6536 10457
6537 10459
6538 10461
6539 10463
6541 10465
6542 10467
6543 10469
6544 10471
6546 10473
6547 10475
6548 10477
6549 10479
6551 10481
6552 10483
6553 10485
6554 10487
6556 10489
6557 10491
6558 10493
6559 10495
6561 10497
6562 10499
6563 10501
6564 10503
6566 10505
6567 10507
6568 10509
6569 10511
6571 10513
6572 10515
6573 10517
6574 10519
6576 10521
6577 10523
6578 10525
6579 10527
6581 10529
6582 10531
6583 10533
6584 10535
6586 10537
6587 10539
6588 10541
6589 10543
6591 10545
6592 10547
6593 10549
6594 10551
6596 10553
6597 10555
6598 10557
6599 10559
6601 10561
6602 10563
6603 10565
6604 10567
6606 10569
6607 10571
6608 10573
6609 10575
6611 10577
6612 10579
6613 10581
6614 10583
6616 10585
6617 10587
6618 10589
6619 10591
6621 10593
6622 10595
6623 10597
6624 10599
6626 10601
6627 10603
6628 10605
6629 10607
6631 10609
6632 10611
6633 10613
6634 10615
6636 10617
6637 10619
6638 10621
6639 10623
6641 10625
6642 10627
6643 10629
6644 10631
6646 10633
6647 10635
6648 10637
6649 10639
6651 10641
6652 10643
6653 10645
6654 10647
6656 10649
6657 10651
6658 10653
6659 10655
6661 10657
6662 10659
6663 10661
6664 10663
6666 10665
6667 10667
6668 10669
6669 10671
6671 10673
6672 10675
6673 10677
6674 10679
6676 10681
6677 10683
6678 10685
6679 10687
6681 10689
6682 10691
6683 10693
6684 10695
6686 10697
6687 10699
6688 10701
6689 10703
6691 10705
6692 10707
6693 10709
6694 10711
6696 10713
6697 10715
6698 10717
6699 10719
6701 10721
6702 10723
6703 10725
6704 10727
6706 10729
6707 10731
6708 10733
6709 10735
6711 10737
6712 10739
6713 10741
6714 10743
6716 10745
6717 10747
6718 10749
6719 10751
6721 10753
6722 10755
6723 10757
6724 10759
6726 10761
6727 10763
6728 10765
6729 10767
6731 10769
6732 10771
6733 10773
6734 10775
6736 10777
6737 10779
6738 10781
6739 10783
6741 10785
6742 10787
6743 10789
6744 10791
6746 10793
6747 10795
6748 10797
6749 10799
6751 10801
6752 10803
6753 10805
6754 10807
6756 10809
6757 10811
6758 10813
6759 10815
6761 10817
6762 10819
6763 10821
6764 10823
6766 10825
6767 10827
6768 10829
6769 10831
6771 10833
6772 10835
6773 10837
6774 10839
6776 10841
6777 10843
6778 10845
6779 10847
6781 10849
6782 10851
6783 10853
6784 10855
6786 10857
6787 10859
6788 10861
6789 10863
6791 10865
6792 10867
6793 10869
6794 10871
6796 10873
6797 10875
6798 10877
6799 10879
6801 10881
6802 10883
6803 10885
6804 10887
6806 10889
6807 10891
6808 10893
6809 10895
6811 10897
6812 10899
6813 10901
6814 10903
6816 10905
6817 10907
6818 10909
6819 10911
6821 10913
6822 10915
6823 10917
6824 10919
6826 10921
6827 10923
6828 10925
6829 10927
6831 10929
6832 10931
6833 10933
6834 10935
6836 10937
6837 10939
6838 10941
6839 10943
6841 10945
6842 10947
6843 10949
6844 10951
6846 10953
6847 10955
6848 10957
6849 10959
6851 10961
6852 10963
6853 10965
6854 10967
6856 10969
6857 10971
6858 10973
6859 10975
6861 10977
6862 10979
6863 10981
6864 10983
6866 10985
6867 10987
6868 10989
6869 10991
6871 10993
6872 10995
6873 10997
6874 10999
6876 11001
6877 11003
6878 11005
6879 11007
6881 11009
6882 11011
6883 11013
6884 11015
6886 11017
6887 11019
6888 11021
6889 11023
6891 11025
6892 11027
6893 11029
6894 11031
6896 11033
6897 11035
6898 11037
6899 11039
6901 11041
6902 11043
6903 11045
6904 11047
6906 11049
6907 11051
6908 11053
6909 11055
6911 11057
6912 11059
6913 11061
6914 11063
6916 11065
6917 11067
6918 11069
6919 11071
6921 11073
6922 11075
6923 11077
6924 11079
6926 11081
6927 11083
6928 11085
6929 11087
6931 11089
6932 11091
6933 11093
6934 11095
6936 11097
6937 11099
6938 11101
6939 11103
6941 11105
6942 11107
6943 11109
6944 11111
6946 11113
6947 11115
6948 11117
6949 11119
6951 11121
6952 11123
6953 11125
6954 11127
6956 11129
6957 11131
6958 11133
6959 11135
6961 11137
6962 11139
6963 11141
6964 11143
6966 11145
6967 11147
6968 11149
6969 11151
6971 11153
6972 11155
6973 11157
6974 11159
6976 11161
6977 11163
6978 11165
6979 11167
6981 11169
6982 11171
6983 11173
6984 11175
6986 11177
6987 11179
6988 11181
6989 11183
6991 11185
6992 11187
6993 11189
6994 11191
6996 11193
6997 11195
6998 11197
6999 11199
7001 11201
7002 11203
7003 11205
7004 11207
7006 11209
7007 11211
7008 11213
7009 11215
7011 11217
7012 11219
7013 11221
7014 11223
7016 11225
7017 11227
7018 11229
7019 11231
7021 11233
7022 11235
7023 11237
7024 11239
7026 11241
7027 11243
7028 11245
7029 11247
7031 11249
7032 11251
7033 11253
7034 11255
7036 11257
7037 11259
7038 11261
7039 11263
7041 11265
7042 11267
7043 11269
7044 11271
7046 11273
7047 11275
7048 11277
7049 11279
7051 11281
7052 11283
7053 11285
7054 11287
7056 11289
7057 11291
7058 11293
7059 11295
7061 11297
7062 11299
7063 11301
7064 11303
7066 11305
7067 11307
7068 11309
7069 11311
7071 11313
7072 11315
7073 11317
7074 11319
7076 11321
7077 11323
7078 11325
7079 11327
7081 11329
7082 11331
7083 11333
7084 11335
7086 11337
7087 11339
7088 11341
7089 11343
7091 11345
7092 11347
7093 11349
7094 11351
7096 11353
7097 11355
7098 11357
7099 11359
7101 11361
7102 11363
7103 11365
7104 11367
7106 11369
7107 11371
7108 11373
7109 11375
7111 11377
7112 11379
7113 11381
7114 11383
7116 11385
7117 11387
7118 11389
7119 11391
7121 11393
7122 11395
7123 11397
7124 11399
7126 11401
7127 11403
7128 11405
7129 11407
7131 11409
7132 11411
7133 11413
7134 11415
7136 11417
7137 11419
7138 11421
7139 11423
7141 11425
7142 11427
7143 11429
7144 11431
7146 11433
7147 11435
7148 11437
7149 11439
7151 11441
7152 11443
7153 11445
7154 11447
7156 11449
7157 11451
7158 11453
7159 11455
7161 11457
7162 11459
7163 11461
7164 11463
7166 11465
7167 11467
7168 11469
7169 11471
7171 11473
7172 11475
7173 11477
7174 11479
7176 11481
7177 11483
7178 11485
7179 11487
7181 11489
7182 11491
7183 11493
7184 11495
7186 11497
7187 11499
7188 11501
7189 11503
7191 11505
7192 11507
7193 11509
7194 11511
7196 11513
7197 11515
7198 11517
7199 11519
7201 11521
7202 11523
7203 11525
7204 11527
7206 11529
7207 11531
7208 11533
7209 11535
7211 11537
7212 11539
7213 11541
7214 11543
7216 11545
7217 11547
7218 11549
7219 11551
7221 11553
7222 11555
7223 11557
7224 11559
7226 11561
7227 11563
7228 11565
7229 11567
7231 11569
7232 11571
7233 11573
7234 11575
7236 11577
7237 11579
7238 11581
7239 11583
7241 11585
7242 11587
7243 11589
7244 11591
7246 11593
7247 11595
7248 11597
7249 11599
7251 11601
7252 11603
7253 11605
7254 11607
7256 11609
7257 11611
7258 11613
7259 11615
7261 11617
7262 11619
7263 11621
7264 11623
7266 11625
7267 11627
7268 11629
7269 11631
7271 11633
7272 11635
7273 11637
7274 11639
7276 11641
7277 11643
7278 11645
7279 11647
7281 11649
7282 11651
7283 11653
7284 11655
7286 11657
7287 11659
7288 11661
7289 11663
7291 11665
7292 11667
7293 11669
7294 11671
7296 11673
7297 11675
7298 11677
7299 11679
7301 11681
7302 11683
7303 11685
7304 11687
7306 11689
7307 11691
7308 11693
7309 11695
7311 11697
7312 11699
7313 11701
7314 11703
7316 11705
7317 11707
7318 11709
7319 11711
7321 11713
7322 11715
7323 11717
7324 11719
7326 11721
7327 11723
7328 11725
7329 11727
7331 11729
7332 11731
7333 11733
7334 11735
7336 11737
7337 11739
7338 11741
7339 11743
7341 11745
7342 11747
7343 11749
7344 11751
7346 11753
7347 11755
7348 11757
7349 11759
7351 11761
7352 11763
7353 11765
7354 11767
7356 11769
7357 11771
7358 11773
7359 11775
7361 11777
7362 11779
7363 11781
7364 11783
7366 11785
7367 11787
7368 11789
7369 11791
7371 11793
7372 11795
7373 11797
7374 11799
7376 11801
7377 11803
7378 11805
7379 11807
7381 11809
7382 11811
7383 11813
7384 11815
7386 11817
7387 11819
7388 11821
7389 11823
7391 11825
7392 11827
7393 11829
7394 11831
7396 11833
7397 11835
7398 11837
7399 11839
7401 11841
7402 11843
7403 11845
7404 11847
7406 11849
7407 11851
7408 11853
7409 11855
7411 11857
7412 11859
7413 11861
7414 11863
7416 11865
7417 11867
7418 11869
7419 11871
7421 11873
7422 11875
7423 11877
7424 11879
7426 11881
7427 11883
7428 11885
7429 11887
7431 11889
7432 11891
7433 11893
7434 11895
7436 11897
7437 11899
7438 11901
7439 11903
7441 11905
7442 11907
7443 11909
7444 11911
7446 11913
7447 11915
7448 11917
7449 11919
7451 11921
7452 11923
7453 11925
7454 11927
7456 11929
7457 11931
7458 11933
7459 11935
7461 11937
7462 11939
7463 11941
7464 11943
7466 11945
7467 11947
7468 11949
7469 11951
7471 11953
7472 11955
7473 11957
7474 11959
7476 11961
7477 11963
7478 11965
7479 11967
7481 11969
7482 11971
7483 11973
7484 11975
7486 11977
7487 11979
7488 11981
7489 11983
7491 11985
7492 11987
7493 11989
7494 11991
7496 11993
7497 11995
7498 11997
7499 11999
7501 12001
7502 12003
7503 12005
7504 12007
7506 12009
7507 12011
7508 12013
7509 12015
7511 12017
7512 12019
7513 12021
7514 12023
7516 12025
7517 12027
7518 12029
7519 12031
7521 12033
7522 12035
7523 12037
7524 12039
7526 12041
7527 12043
7528 12045
7529 12047
7531 12049
7532 12051
7533 12053
7534 12055
7536 12057
7537 12059
7538 12061
7539 12063
7541 12065
7542 12067
7543 12069
7544 12071
7546 12073
7547 12075
7548 12077
7549 12079
7551 12081
7552 12083
7553 12085
7554 12087
7556 12089
7557 12091
7558 12093
7559 12095
7561 12097
7562 12099
7563 12101
7564 12103
7566 12105
7567 12107
7568 12109
7569 12111
7571 12113
7572 12115
7573 12117
7574 12119
7576 12121
7577 12123
7578 12125
7579 12127
7581 12129
7582 12131
7583 12133
7584 12135
7586 12137
7587 12139
7588 12141
7589 12143
7591 12145
7592 12147
7593 12149
7594 12151
7596 12153
7597 12155
7598 12157
7599 12159
7601 12161
7602 12163
7603 12165
7604 12167
7606 12169
7607 12171
7608 12173
7609 12175
7611 12177
7612 12179
7613 12181
7614 12183
7616 12185
7617 12187
7618 12189
7619 12191
7621 12193
7622 12195
7623 12197
7624 12199
7626 12201
7627 12203
7628 12205
7629 12207
7631 12209
7632 12211
7633 12213
7634 12215
7636 12217
7637 12219
7638 12221
7639 12223
7641 12225
7642 12227
7643 12229
7644 12231
7646 12233
7647 12235
7648 12237
7649 12239
7651 12241
7652 12243
7653 12245
7654 12247
7656 12249
7657 12251
7658 12253
7659 12255
7661 12257
7662 12259
7663 12261
7664 12263
7666 12265
7667 12267
7668 12269
7669 12271
7671 12273
7672 12275
7673 12277
7674 12279
7676 12281
7677 12283
7678 12285
7679 12287
7681 12289
7682 12291
7683 12293
7684 12295
7686 12297
7687 12299
7688 12301
7689 12303
7691 12305
7692 12307
7693 12309
7694 12311
7696 12313
7697 12315
7698 12317
7699 12319
7701 12321
7702 12323
7703 12325
7704 12327
7706 12329
7707 12331
7708 12333
7709 12335
7711 12337
7712 12339
7713 12341
7714 12343
7716 12345
7717 12347
7718 12349
7719 12351
7721 12353
7722 12355
7723 12357
7724 12359
7726 12361
7727 12363
7728 12365
7729 12367
7731 12369
7732 12371
7733 12373
7734 12375
7736 12377
7737 12379
7738 12381
7739 12383
7741 12385
7742 12387
7743 12389
7744 12391
7746 12393
7747 12395
7748 12397
7749 12399
7751 12401
7752 12403
7753 12405
7754 12407
7756 12409
7757 12411
7758 12413
7759 12415
7761 12417
7762 12419
7763 12421
7764 12423
7766 12425
7767 12427
7768 12429
7769 12431
7771 12433
7772 12435
7773 12437
7774 12439
7776 12441
7777 12443
7778 12445
7779 12447
7781 12449
7782 12451
7783 12453
7784 12455
7786 12457
7787 12459
7788 12461
7789 12463
7791 12465
7792 12467
7793 12469
7794 12471
7796 12473
7797 12475
7798 12477
7799 12479
7801 12481
7802 12483
7803 12485
7804 12487
7806 12489
7807 12491
7808 12493
7809 12495
7811 12497
7812 12499
7813 12501
7814 12503
7816 12505
7817 12507
7818 12509
7819 12511
7821 12513
7822 12515
7823 12517
7824 12519
7826 12521
7827 12523
7828 12525
7829 12527
7831 12529
7832 12531
7833 12533
7834 12535
7836 12537
7837 12539
7838 12541
7839 12543
7841 12545
7842 12547
7843 12549
7844 12551
7846 12553
7847 12555
7848 12557
7849 12559
7851 12561
7852 12563
7853 12565
7854 12567
7856 12569
7857 12571
7858 12573
7859 12575
7861 12577
7862 12579
7863 12581
7864 12583
7866 12585
7867 12587
7868 12589
7869 12591
7871 12593
7872 12595
7873 12597
7874 12599
7876 12601
7877 12603
7878 12605
7879 12607
7881 12609
7882 12611
7883 12613
7884 12615
7886 12617
7887 12619
7888 12621
7889 12623
7891 12625
7892 12627
7893 12629
7894 12631
7896 12633
7897 12635
7898 12637
7899 12639
7901 12641
7902 12643
7903 12645
7904 12647
7906 12649
7907 12651
7908 12653
7909 12655
7911 12657
7912 12659
7913 12661
7914 12663
7916 12665
7917 12667
7918 12669
7919 12671
7921 12673
7922 12675
7923 12677
7924 12679
7926 12681
7927 12683
7928 12685
7929 12687
7931 12689
7932 12691
7933 12693
7934 12695
7936 12697
7937 12699
7938 12701
7939 12703
7941 12705
7942 12707
7943 12709
7944 12711
7946 12713
7947 12715
7948 12717
7949 12719
7951 12721
7952 12723
7953 12725
7954 12727
7956 12729
7957 12731
7958 12733
7959 12735
7961 12737
7962 12739
7963 12741
7964 12743
7966 12745
7967 12747
7968 12749
7969 12751
7971 12753
7972 12755
7973 12757
7974 12759
7976 12761
7977 12763
7978 12765
7979 12767
7981 12769
7982 12771
7983 12773
7984 12775
7986 12777
7987 12779
7988 12781
7989 12783
7991 12785
7992 12787
7993 12789
7994 12791
7996 12793
7997 12795
7998 12797
7999 12799
8001 12801
8002 12803
8003 12805
8004 12807
8006 12809
8007 12811
8008 12813
8009 12815
8011 12817
8012 12819
8013 12821
8014 12823
8016 12825
8017 12827
8018 12829
8019 12831
8021 12833
8022 12835
8023 12837
8024 12839
8026 12841
8027 12843
8028 12845
8029 12847
8031 12849
8032 12851
8033 12853
8034 12855
8036 12857
8037 12859
8038 12861
8039 12863
8041 12865
8042 12867
8043 12869
8044 12871
8046 12873
8047 12875
8048 12877
8049 12879
8051 12881
8052 12883
8053 12885
8054 12887
8056 12889
8057 12891
8058 12893
8059 12895
8061 12897
8062 12899
8063 12901
8064 12903
8066 12905
8067 12907
8068 12909
8069 12911
8071 12913
8072 12915
8073 12917
8074 12919
8076 12921
8077 12923
8078 12925
8079 12927
8081 12929
8082 12931
8083 12933
8084 12935
8086 12937
8087 12939
8088 12941
8089 12943
8091 12945
8092 12947
8093 12949
8094 12951
8096 12953
8097 12955
8098 12957
8099 12959
8101 12961
8102 12963
8103 12965
8104 12967
8106 12969
8107 12971
8108 12973
8109 12975
8111 12977
8112 12979
8113 12981
8114 12983
8116 12985
8117 12987
8118 12989
8119 12991
8121 12993
8122 12995
8123 12997
8124 12999
8126 13001
8127 13003
8128 13005
8129 13007
8131 13009
8132 13011
8133 13013
8134 13015
8136 13017
8137 13019
8138 13021
8139 13023
8141 13025
8142 13027
8143 13029
8144 13031
8146 13033
8147 13035
8148 13037
8149 13039
8151 13041
8152 13043
8153 13045
8154 13047
8156 13049
8157 13051
8158 13053
8159 13055
8161 13057
8162 13059
8163 13061
8164 13063
8166 13065
8167 13067
8168 13069
8169 13071
8171 13073
8172 13075
8173 13077
8174 13079
8176 13081
8177 13083
8178 13085
8179 13087
8181 13089
8182 13091
8183 13093
8184 13095
8186 13097
8187 13099
8188 13101
8189 13103
8191 13105
8192 13107
8193 13109
8194 13111
8196 13113
8197 13115
8198 13117
8199 13119
8201 13121
8202 13123
8203 13125
8204 13127
8206 13129
8207 13131
8208 13133
8209 13135
8211 13137
8212 13139
8213 13141
8214 13143
8216 13145
8217 13147
8218 13149
8219 13151
8221 13153
8222 13155
8223 13157
8224 13159
8226 13161
8227 13163
8228 13165
8229 13167
8231 13169
8232 13171
8233 13173
8234 13175
8236 13177
8237 13179
8238 13181
8239 13183
8241 13185
8242 13187
8243 13189
8244 13191
8246 13193
8247 13195
8248 13197
8249 13199
8251 13201
8252 13203
8253 13205
8254 13207
8256 13209
8257 13211
8258 13213
8259 13215
8261 13217
8262 13219
8263 13221
8264 13223
8266 13225
8267 13227
8268 13229
8269 13231
8271 13233
8272 13235
8273 13237
8274 13239
8276 13241
8277 13243
8278 13245
8279 13247
8281 13249
8282 13251
8283 13253
8284 13255
8286 13257
8287 13259
8288 13261
8289 13263
8291 13265
8292 13267
8293 13269
8294 13271
8296 13273
8297 13275
8298 13277
8299 13279
8301 13281
8302 13283
8303 13285
8304 13287
8306 13289
8307 13291
8308 13293
8309 13295
8311 13297
8312 13299
8313 13301
8314 13303
8316 13305
8317 13307
8318 13309
8319 13311
8321 13313
8322 13315
8323 13317
8324 13319
8326 13321
8327 13323
8328 13325
8329 13327
8331 13329
8332 13331
8333 13333
8334 13335
8336 13337
8337 13339
8338 13341
8339 13343
8341 13345
8342 13347
8343 13349
8344 13351
8346 13353
8347 13355
8348 13357
8349 13359
8351 13361
8352 13363
8353 13365
8354 13367
8356 13369
8357 13371
8358 13373
8359 13375
8361 13377
8362 13379
8363 13381
8364 13383
8366 13385
8367 13387
8368 13389
8369 13391
8371 13393
8372 13395
8373 13397
8374 13399
8376 13401
8377 13403
8378 13405
8379 13407
8381 13409
8382 13411
8383 13413
8384 13415
8386 13417
8387 13419
8388 13421
8389 13423
8391 13425
8392 13427
8393 13429
8394 13431
8396 13433
8397 13435
8398 13437
8399 13439
8401 13441
8402 13443
8403 13445
8404 13447
8406 13449
8407 13451
8408 13453
8409 13455
8411 13457
8412 13459
8413 13461
8414 13463
8416 13465
8417 13467
8418 13469
8419 13471
8421 13473
8422 13475
8423 13477
8424 13479
8426 13481
8427 13483
8428 13485
8429 13487
8431 13489
8432 13491
8433 13493
8434 13495
8436 13497
8437 13499
8438 13501
8439 13503
8441 13505
8442 13507
8443 13509
8444 13511
8446 13513
8447 13515
8448 13517
8449 13519
8451 13521
8452 13523
8453 13525
8454 13527
8456 13529
8457 13531
8458 13533
8459 13535
8461 13537
8462 13539
8463 13541
8464 13543
8466 13545
8467 13547
8468 13549
8469 13551
8471 13553
8472 13555
8473 13557
8474 13559
8476 13561
8477 13563
8478 13565
8479 13567
8481 13569
8482 13571
8483 13573
8484 13575
8486 13577
8487 13579
8488 13581
8489 13583
8491 13585
8492 13587
8493 13589
8494 13591
8496 13593
8497 13595
8498 13597
8499 13599
8501 13601
8502 13603
8503 13605
8504 13607
8506 13609
8507 13611
8508 13613
8509 13615
8511 13617
8512 13619
8513 13621
8514 13623
8516 13625
8517 13627
8518 13629
8519 13631
8521 13633
8522 13635
8523 13637
8524 13639
8526 13641
8527 13643
8528 13645
8529 13647
8531 13649
8532 13651
8533 13653
8534 13655
8536 13657
8537 13659
8538 13661
8539 13663
8541 13665
8542 13667
8543 13669
8544 13671
8546 13673
8547 13675
8548 13677
8549 13679
8551 13681
8552 13683
8553 13685
8554 13687
8556 13689
8557 13691
8558 13693
8559 13695
8561 13697
8562 13699
8563 13701
8564 13703
8566 13705
8567 13707
8568 13709
8569 13711
8571 13713
8572 13715
8573 13717
8574 13719
8576 13721
8577 13723
8578 13725
8579 13727
8581 13729
8582 13731
8583 13733
8584 13735
8586 13737
8587 13739
8588 13741
8589 13743
8591 13745
8592 13747
8593 13749
8594 13751
8596 13753
8597 13755
8598 13757
8599 13759
8601 13761
8602 13763
8603 13765
8604 13767
8606 13769
8607 13771
8608 13773
8609 13775
8611 13777
8612 13779
8613 13781
8614 13783
8616 13785
8617 13787
8618 13789
8619 13791
8621 13793
8622 13795
8623 13797
8624 13799
8626 13801
8627 13803
8628 13805
8629 13807
8631 13809
8632 13811
8633 13813
8634 13815
8636 13817
8637 13819
8638 13821
8639 13823
8641 13825
8642 13827
8643 13829
8644 13831
8646 13833
8647 13835
8648 13837
8649 13839
8651 13841
8652 13843
8653 13845
8654 13847
8656 13849
8657 13851
8658 13853
8659 13855
8661 13857
8662 13859
8663 13861
8664 13863
8666 13865
8667 13867
8668 13869
8669 13871
8671 13873
8672 13875
8673 13877
8674 13879
8676 13881
8677 13883
8678 13885
8679 13887
8681 13889
8682 13891
8683 13893
8684 13895
8686 13897
8687 13899
8688 13901
8689 13903
8691 13905
8692 13907
8693 13909
8694 13911
8696 13913
8697 13915
8698 13917
8699 13919
8701 13921
8702 13923
8703 13925
8704 13927
8706 13929
8707 13931
8708 13933
8709 13935
8711 13937
8712 13939
8714 13941
8716 13943
8717 13945
8718 13947
8719 13949
8721 13951
8722 13953
8723 13955
8724 13957
8726 13959
8727 13961
8728 13963
8729 13965
8731 13967
8732 13969
8733 13971
8734 13973
8736 13975
8737 13977
8738 13979
8739 13981
8741 13983
8742 13985
8743 13987
8744 13989
8746 13991
8747 13993
8748 13995
8749 13997
8751 13999
8752 14001
8753 14003
8754 14005
8756 14007
8757 14009
8758 14011
8759 14013
8761 14015
8762 14017
8763 14019
8764 14021
8766 14023
8767 14025
8768 14027
8769 14029
8771 14031
8772 14033
8773 14035
8774 14037
8776 14039
8777 14041
8778 14043
8779 14045
8781 14047
8782 14049
8783 14051
8784 14053
8786 14055
8787 14057
8788 14059
8789 14061
8791 14063
8792 14065
8793 14067
8794 14069
8796 14071
8797 14073
8798 14075
8799 14077
8801 14079
8802 14081
8803 14083
8804 14085
8806 14087
8807 14089
8808 14091
8809 14093
8811 14095
8812 14097
8813 14099
8814 14101
8816 14103
8817 14105
8818 14107
8819 14109
8821 14111
8822 14113
8823 14115
8824 14117
8826 14119
8827 14121
8828 14123
8829 14125
8831 14127
8832 14129
8833 14131
8834 14133
8836 14135
8837 14137
8838 14139
8839 14141
8841 14143
8842 14145
8843 14147
8844 14149
8846 14151
8847 14153
8848 14155
8849 14157
8851 14159
8852 14161
8853 14163
8854 14165
8856 14167
8857 14169
8858 14171
8859 14173
8861 14175
8862 14177
8863 14179
8864 14181
8866 14183
8867 14185
8868 14187
8869 14189
8871 14191
8872 14193
8873 14195
8874 14197
8876 14199
8877 14201
8878 14203
8879 14205
8881 14207
8882 14209
8883 14211
8884 14213
8886 14215
8887 14217
8888 14219
8889 14221
8891 14223
8892 14225
8893 14227
8894 14229
8896 14231
8897 14233
8898 14235
8899 14237
8901 14239
8902 14241
8903 14243
8904 14245
8906 14247
8907 14249
8908 14251
8909 14253
8911 14255
8912 14257
8913 14259
8914 14261
8916 14263
8917 14265
8918 14267
8919 14269
8921 14271
8922 14273
8923 14275
8924 14277
8926 14279
8927 14281
8928 14283
8929 14285
8931 14287
8932 14289
8933 14291
8934 14293
8936 14295
8937 14297
8938 14299
8939 14301
8941 14303
8942 14305
8943 14307
8944 14309
8946 14311
8947 14313
8948 14315
8949 14317
8951 14319
8952 14321
8953 14323
8954 14325
8956 14327
8957 14329
8958 14331
8959 14333
8961 14335
8962 14337
8963 14339
8964 14341
8966 14343
8967 14345
8968 14347
8969 14349
8971 14351
8972 14353
8973 14355
8974 14357
8976 14359
8977 14361
8978 14363
8979 14365
8981 14367
8982 14369
8983 14371
8984 14373
8986 14375
8987 14377
8988 14379
8989 14381
8991 14383
8992 14385
8993 14387
8994 14389
8996 14391
8997 14393
8998 14395
8999 14397
9001 14399
9002 14401
9003 14403
9004 14405
9006 14407
9007 14409
9008 14411
9009 14413
9011 14415
9012 14417
9013 14419
9014 14421
9016 14423
9017 14425
9018 14427
9019 14429
9021 14431
9022 14433
9023 14435
9024 14437
9026 14439
9027 14441
9028 14443
9029 14445
9031 14447
9032 14449
9033 14451
9034 14453
9036 14455
9037 14457
9038 14459
9039 14461
9041 14463
9042 14465
9043 14467
9044 14469
9046 14471
9047 14473
9048 14475
9049 14477
9051 14479
9052 14481
9053 14483
9054 14485
9056 14487
9057 14489
9058 14491
9059 14493
9061 14495
9062 14497
9063 14499
9064 14501
9066 14503
9067 14505
9068 14507
9069 14509
9071 14511
9072 14513
9073 14515
9074 14517
9076 14519
9077 14521
9078 14523
9079 14525
9081 14527
9082 14529
9083 14531
9084 14533
9086 14535
9087 14537
9088 14539
9089 14541
9091 14543
9092 14545
9093 14547
9094 14549
9096 14551
9097 14553
9098 14555
9099 14557
9101 14559
9102 14561
9103 14563
9104 14565
9106 14567
9107 14569
9108 14571
9109 14573
9111 14575
9112 14577
9113 14579
9114 14581
9116 14583
9117 14585
9118 14587
9119 14589
9121 14591
9122 14593
9123 14595
9124 14597
9126 14599
9127 14601
9128 14603
9129 14605
9131 14607
9132 14609
9133 14611
9134 14613
9136 14615
9137 14617
9138 14619
9139 14621
9141 14623
9142 14625
9143 14627
9144 14629
9146 14631
9147 14633
9148 14635
9149 14637
9151 14639
9152 14641
9153 14643
9154 14645
9156 14647
9157 14649
9158 14651
9159 14653
9161 14655
9162 14657
9163 14659
9164 14661
9166 14663
9167 14665
9168 14667
9169 14669
9171 14671
9172 14673
9173 14675
9174 14677
9176 14679
9177 14681
9178 14683
9179 14685
9181 14687
9182 14689
9183 14691
9184 14693
9186 14695
9187 14697
9188 14699
9189 14701
9191 14703
9192 14705
9193 14707
9194 14709
9196 14711
9197 14713
9198 14715
9199 14717
9201 14719
9202 14721
9203 14723
9204 14725
9206 14727
9207 14729
9208 14731
9209 14733
9211 14735
9212 14737
9213 14739
9214 14741
9216 14743
9217 14745
9218 14747
9219 14749
9221 14751
9222 14753
9223 14755
9224 14757
9226 14759
9227 14761
9228 14763
9229 14765
9231 14767
9232 14769
9233 14771
9234 14773
9236 14775
9237 14777
9238 14779
9239 14781
9241 14783
9242 14785
9243 14787
9244 14789
9246 14791
9247 14793
9248 14795
9249 14797
9251 14799
9252 14801
9253 14803
9254 14805
9256 14807
9257 14809
9258 14811
9259 14813
9261 14815
9262 14817
9263 14819
9264 14821
9266 14823
9267 14825
9268 14827
9269 14829
9271 14831
9272 14833
9273 14835
9274 14837
9276 14839
9277 14841
9278 14843
9279 14845
9281 14847
9282 14849
9283 14851
9284 14853
9286 14855
9287 14857
9288 14859
9289 14861
9291 14863
9292 14865
9293 14867
9294 14869
9296 14871
9297 14873
9298 14875
9299 14877
9301 14879
9302 14881
9303 14883
9304 14885
9306 14887
9307 14889
9308 14891
9309 14893
9311 14895
9312 14897
9313 14899
9314 14901
9316 14903
9317 14905
9318 14907
9319 14909
9321 14911
9322 14913
9323 14915
9324 14917
9326 14919
9327 14921
9328 14923
9329 14925
9331 14927
9332 14929
9333 14931
9334 14933
9336 14935
9337 14937
9338 14939
9339 14941
9341 14943
9342 14945
9343 14947
9344 14949
9346 14951
9347 14953
9348 14955
9349 14957
9351 14959
9352 14961
9353 14963
9354 14965
9356 14967
9357 14969
9358 14971
9359 14973
9361 14975
9362 14977
9363 14979
9364 14981
9366 14983
9367 14985
9368 14987
9369 14989
9371 14991
9372 14993
9373 14995
9374 14997
9376 14999
9377 15001
9378 15003
9379 15005
9381 15007
9382 15009
9383 15011
9384 15013
9386 15015
9387 15017
9388 15019
9389 15021
9391 15023
9392 15025
9393 15027
9394 15029
9396 15031
9397 15033
9398 15035
9399 15037
9401 15039
9402 15041
9403 15043
9404 15045
9406 15047
9407 15049
9408 15051
9409 15053
9411 15055
9412 15057
9413 15059
9414 15061
9416 15063
9417 15065
9418 15067
9419 15069
9421 15071
9422 15073
9423 15075
9424 15077
9426 15079
9427 15081
9428 15083
9429 15085
9431 15087
9432 15089
9433 15091
9434 15093
9436 15095
9437 15097
9438 15099
9439 15101
9441 15103
9442 15105
9443 15107
9444 15109
9446 15111
9447 15113
9448 15115
9449 15117
9451 15119
9452 15121
9453 15123
9454 15125
9456 15127
9457 15129
9458 15131
9459 15133
9461 15135
9462 15137
9463 15139
9464 15141
9466 15143
9467 15145
9468 15147
9469 15149
9471 15151
9472 15153
9473 15155
9474 15157
9476 15159
9477 15161
9478 15163
9479 15165
9481 15167
9482 15169
9483 15171
9484 15173
9486 15175
9487 15177
9488 15179
9489 15181
9491 15183
9492 15185
9493 15187
9494 15189
9496 15191
9497 15193
9498 15195
9499 15197
9501 15199
9502 15201
9503 15203
9504 15205
9506 15207
9507 15209
9508 15211
9509 15213
9511 15215
9512 15217
9513 15219
9514 15221
9516 15223
9517 15225
9518 15227
9519 15229
9521 15231
9522 15233
9523 15235
9524 15237
9526 15239
9527 15241
9528 15243
9529 15245
9531 15247
9532 15249
9533 15251
9534 15253
9536 15255
9537 15257
9538 15259
9539 15261
9541 15263
9542 15265
9543 15267
9544 15269
9546 15271
9547 15273
9548 15275
9549 15277
9551 15279
9552 15281
9553 15283
9554 15285
9556 15287
9557 15289
9558 15291
9559 15293
9561 15295
9562 15297
9563 15299
9564 15301
9566 15303
9567 15305
9568 15307
9569 15309
9571 15311
9572 15313
9573 15315
9574 15317
9576 15319
9577 15321
9578 15323
9579 15325
9581 15327
9582 15329
9583 15331
9584 15333
9586 15335
9587 15337
9588 15339
9589 15341
9591 15343
9592 15345
9593 15347
9594 15349
9596 15351
9597 15353
9598 15355
9599 15357
9601 15359
9602 15361
9603 15363
9604 15365
9606 15367
9607 15369
9608 15371
9609 15373
9611 15375
9612 15377
9613 15379
9614 15381
9616 15383
9617 15385
9618 15387
9619 15389
9621 15391
9622 15393
9623 15395
9624 15397
9626 15399
9627 15401
9628 15403
9629 15405
9631 15407
9632 15409
9633 15411
9634 15413
9636 15415
9637 15417
9638 15419
9639 15421
9641 15423
9642 15425
9643 15427
9644 15429
9646 15431
9647 15433
9648 15435
9649 15437
9651 15439
9652 15441
9653 15443
9654 15445
9656 15447
9657 15449
9658 15451
9659 15453
9661 15455
9662 15457
9663 15459
9664 15461
9666 15463
9667 15465
9668 15467
9669 15469
9671 15471
9672 15473
9673 15475
9674 15477
9676 15479
9677 15481
9678 15483
9679 15485
9681 15487
9682 15489
9683 15491
9684 15493
9686 15495
9687 15497
9688 15499
9689 15501
9691 15503
9692 15505
9693 15507
9694 15509
9696 15511
9697 15513
9698 15515
9699 15517
9701 15519
9702 15521
9703 15523
9704 15525
9706 15527
9707 15529
9708 15531
9709 15533
9711 15535
9712 15537
9713 15539
9714 15541
9716 15543
9717 15545
9718 15547
9719 15549
9721 15551
9722 15553
9723 15555
9724 15557
9726 15559
9727 15561
9728 15563
9729 15565
9731 15567
9732 15569
9733 15571
9734 15573
9736 15575
9737 15577
9738 15579
9739 15581
9741 15583
9742 15585
9743 15587
9744 15589
9746 15591
9747 15593
9748 15595
9749 15597
9751 15599
9752 15601
9753 15603
9754 15605
9756 15607
9757 15609
9758 15611
9759 15613
9761 15615
9762 15617
9763 15619
9764 15621
9766 15623
9767 15625
9768 15627
9769 15629
9771 15631
9772 15633
9773 15635
9774 15637
9776 15639
9777 15641
9778 15643
9779 15645
9781 15647
9782 15649
9783 15651
9784 15653
9786 15655
9787 15657
9788 15659
9789 15661
9791 15663
9792 15665
9793 15667
9794 15669
9796 15671
9797 15673
9798 15675
9799 15677
9801 15679
9802 15681
9803 15683
9804 15685
9806 15687
9807 15689
9808 15691
9809 15693
9811 15695
9812 15697
9813 15699
9814 15701
9816 15703
9817 15705
9818 15707
9819 15709
9821 15711
9822 15713
9823 15715
9824 15717
9826 15719
9827 15721
9828 15723
9829 15725
9831 15727
9832 15729
9833 15731
9834 15733
9836 15735
9837 15737
9838 15739
9839 15741
9841 15743
9842 15745
9843 15747
9844 15749
9846 15751
9847 15753
9848 15755
9849 15757
9851 15759
9852 15761
9853 15763
9854 15765
9856 15767
9857 15769
9858 15771
9859 15773
9861 15775
9862 15777
9863 15779
9864 15781
9866 15783
9867 15785
9868 15787
9869 15789
9871 15791
9872 15793
9873 15795
9874 15797
9876 15799
9877 15801
9878 15803
9879 15805
9881 15807
9882 15809
9883 15811
9884 15813
9886 15815
9887 15817
9888 15819
9889 15821
9891 15823
9892 15825
9893 15827
9894 15829
9896 15831
9897 15833
9898 15835
9899 15837
9901 15839
9902 15841
9903 15843
9904 15845
9906 15847
9907 15849
9908 15851
9909 15853
9911 15855
9912 15857
9913 15859
9914 15861
9916 15863
9917 15865
9918 15867
9919 15869
9921 15871
9922 15873
9923 15875
9924 15877
9926 15879
9927 15881
9928 15883
9929 15885
9931 15887
9932 15889
9933 15891
9934 15893
9936 15895
9937 15897
9938 15899
9939 15901
9941 15903
9942 15905
9943 15907
9944 15909
9946 15911
9947 15913
9948 15915
9949 15917
9951 15919
9952 15921
9953 15923
9954 15925
9956 15927
9957 15929
9958 15931
9959 15933
9961 15935
9962 15937
9963 15939
9964 15941
9966 15943
9967 15945
9968 15947
9969 15949
9971 15951
9972 15953
9973 15955
9974 15957
9976 15959
9977 15961
9978 15963
9979 15965
9981 15967
9982 15969
9983 15971
9984 15973
9986 15975
9987 15977
9988 15979
9989 15981
9991 15983
9992 15985
9993 15987
9994 15989
9996 15991
9997 15993
9998 15995
9999 15997
10001 15999
10002 16001
10003 16003
10004 16005
10006 16007
10007 16009
10008 16011
10009 16013
10011 16015
10012 16017
10013 16019
10014 16021
10016 16023
10017 16025
10018 16027
10019 16029
10021 16031
10022 16033
10023 16035
10024 16037
10026 16039
10027 16041
10028 16043
10029 16045
10031 16047
10032 16049
10033 16051
10034 16053
10036 16055
10037 16057
10038 16059
10039 16061
10041 16063
10042 16065
10043 16067
10044 16069
10046 16071
10047 16073
10048 16075
10049 16077
10051 16079
10052 16081
10053 16083
10054 16085
10056 16087
10057 16089
10058 16091
10059 16093
10061 16095
10062 16097
10063 16099
10064 16101
10066 16103
10067 16105
10068 16107
10069 16109
10071 16111
10072 16113
10073 16115
10074 16117
10076 16119
10077 16121
10078 16123
10079 16125
10081 16127
10082 16129
10083 16131
10084 16133
10086 16135
10087 16137
10088 16139
10089 16141
10091 16143
10092 16145
10093 16147
10094 16149
10096 16151
10097 16153
10098 16155
10099 16157
10101 16159
10102 16161
10103 16163
10104 16165
10106 16167
10107 16169
10108 16171
10109 16173
10111 16175
10112 16177
10113 16179
10114 16181
10116 16183
10117 16185
10118 16187
10119 16189
10121 16191
10122 16193
10123 16195
10124 16197
10126 16199
10127 16201
10128 16203
10129 16205
10131 16207
10132 16209
10133 16211
10134 16213
10136 16215
10137 16217
10138 16219
10139 16221
10141 16223
10142 16225
10143 16227
10144 16229
10146 16231
10147 16233
10148 16235
10149 16237
10151 16239
10152 16241
10153 16243
10154 16245
10156 16247
10157 16249
10158 16251
10159 16253
10161 16255
10162 16257
10163 16259
10164 16261
10166 16263
10167 16265
10168 16267
10169 16269
10171 16271
10172 16273
10173 16275
10174 16277
10176 16279
10177 16281
10178 16283
10179 16285
10181 16287
10182 16289
10183 16291
10184 16293
10186 16295
10187 16297
10188 16299
10189 16301
10191 16303
10192 16305
10193 16307
10194 16309
10196 16311
10197 16313
10198 16315
10199 16317
10201 16319
10202 16321
10203 16323
10204 16325
10206 16327
10207 16329
10208 16331
10209 16333
10211 16335
10212 16337
10213 16339
10214 16341
10216 16343
10217 16345
10218 16347
10219 16349
10221 16351
10222 16353
10223 16355
10224 16357
10226 16359
10227 16361
10228 16363
10229 16365
10231 16367
10232 16369
10233 16371
10234 16373
10236 16375
10237 16377
10238 16379
10239 16381
10241 16383
10242 16385
10243 16387
10244 16389
10246 16391
10247 16393
10248 16395
10249 16397
10251 16399
10252 16401
10253 16403
10254 16405
10256 16407
10257 16409
10258 16411
10259 16413
10261 16415
10262 16417
10263 16419
10264 16421
10266 16423
10267 16425
10268 16427
10269 16429
10271 16431
10272 16433
10273 16435
10274 16437
10276 16439
10277 16441
10278 16443
10279 16445
10281 16447
10282 16449
10283 16451
10284 16453
10286 16455
10287 16457
10288 16459
10289 16461
10291 16463
10292 16465
10293 16467
10294 16469
10296 16471
10297 16473
10298 16475
10299 16477
10301 16479
10302 16481
10303 16483
10304 16485
10306 16487
10307 16489
10308 16491
10309 16493
10311 16495
10312 16497
10313 16499
10314 16501
10316 16503
10317 16505
10318 16507
10319 16509
10321 16511
10322 16513
10323 16515
10324 16517
10326 16519
10327 16521
10328 16523
10329 16525
10331 16527
10332 16529
10333 16531
10334 16533
10336 16535
10337 16537
10338 16539
10339 16541
10341 16543
10342 16545
10343 16547
10344 16549
10346 16551
10347 16553
10348 16555
10349 16557
10351 16559
10352 16561
10353 16563
10354 16565
10356 16567
10357 16569
10358 16571
10359 16573
10361 16575
10362 16577
10363 16579
10364 16581
10366 16583
10367 16585
10368 16587
10369 16589
10371 16591
10372 16593
10373 16595
10374 16597
10376 16599
10377 16601
10378 16603
10379 16605
10381 16607
10382 16609
10383 16611
10384 16613
10386 16615
10387 16617
10388 16619
10389 16621
10391 16623
10392 16625
10393 16627
10394 16629
10396 16631
10397 16633
10398 16635
10399 16637
10401 16639
10402 16641
10403 16643
10404 16645
10406 16647
10407 16649
10408 16651
10409 16653
10411 16655
10412 16657
10413 16659
10414 16661
10416 16663
10417 16665
10418 16667
10419 16669
10421 16671
10422 16673
10423 16675
10424 16677
10426 16679
10427 16681
10428 16683
10429 16685
10431 16687
10432 16689
10433 16691
10434 16693
10436 16695
10437 16697
10438 16699
10439 16701
10441 16703
10442 16705
10443 16707
10444 16709
10446 16711
10447 16713
10448 16715
10449 16717
10451 16719
10452 16721
10453 16723
10454 16725
10456 16727
10457 16729
10458 16731
10459 16733
10461 16735
10462 16737
10463 16739
10464 16741
10466 16743
10467 16745
10468 16747
10469 16749
10471 16751
10472 16753
10473 16755
10474 16757
10476 16759
10477 16761
10478 16763
10479 16765
10481 16767
10482 16769
10483 16771
10484 16773
10486 16775
10487 16777
10488 16779
10489 16781
10491 16783
10492 16785
10493 16787
10494 16789
10496 16791
10497 16793
10498 16795
10499 16797
10501 16799
10502 16801
10503 16803
10504 16805
10506 16807
10507 16809
10508 16811
10509 16813
10511 16815
10512 16817
10513 16819
10514 16821
10516 16823
10517 16825
10518 16827
10519 16829
10521 16831
10522 16833
10523 16835
10524 16837
10526 16839
10527 16841
10528 16843
10529 16845
10531 16847
10532 16849
10533 16851
10534 16853
10536 16855
10537 16857
10538 16859
10539 16861
10541 16863
10542 16865
10543 16867
10544 16869
10546 16871
10547 16873
10548 16875
10549 16877
10551 16879
10552 16881
10553 16883
10554 16885
10556 16887
10557 16889
10558 16891
10559 16893
10561 16895
10562 16897
10563 16899
10564 16901
10566 16903
10567 16905
10568 16907
10569 16909
10571 16911
10572 16913
10573 16915
10574 16917
10576 16919
10577 16921
10578 16923
10579 16925
10581 16927
10582 16929
10583 16931
10584 16933
10586 16935
10587 16937
10588 16939
10589 16941
10591 16943
10592 16945
10593 16947
10594 16949
10596 16951
10597 16953
10598 16955
10599 16957
10601 16959
10602 16961
10603 16963
10604 16965
10606 16967
10607 16969
10608 16971
10609 16973
10611 16975
10612 16977
10613 16979
10614 16981
10616 16983
10617 16985
10618 16987
10619 16989
10621 16991
10622 16993
10623 16995
10624 16997
10626 16999
10627 17001
10628 17003
10629 17005
10631 17007
10632 17009
10633 17011
10634 17013
10636 17015
10637 17017
10638 17019
10639 17021
10641 17023
10642 17025
10643 17027
10644 17029
10646 17031
10647 17033
10648 17035
10649 17037
10651 17039
10652 17041
10653 17043
10654 17045
10656 17047
10657 17049
10658 17051
10659 17053
10661 17055
10662 17057
10663 17059
10664 17061
10666 17063
10667 17065
10668 17067
10669 17069
10671 17071
10672 17073
10673 17075
10674 17077
10676 17079
10677 17081
10678 17083
10679 17085
10681 17087
10682 17089
10683 17091
10684 17093
10686 17095
10687 17097
10688 17099
10689 17101
10691 17103
10692 17105
10693 17107
10694 17109
10696 17111
10697 17113
10698 17115
10699 17117
10701 17119
10702 17121
10703 17123
10704 17125
10706 17127
10707 17129
10708 17131
10709 17133
10711 17135
10712 17137
10713 17139
10714 17141
10716 17143
10717 17145
10718 17147
10719 17149
10721 17151
10722 17153
10723 17155
10724 17157
10726 17159
10727 17161
10728 17163
10729 17165
10731 17167
10732 17169
10733 17171
10734 17173
10736 17175
10737 17177
10738 17179
10739 17181
10741 17183
10742 17185
10743 17187
10744 17189
10746 17191
10747 17193
10748 17195
10749 17197
10751 17199
10752 17201
10753 17203
10754 17205
10756 17207
10757 17209
10758 17211
10759 17213
10761 17215
10762 17217
10763 17219
10764 17221
10766 17223
10767 17225
10768 17227
10769 17229
10771 17231
10772 17233
10773 17235
10774 17237
10776 17239
10777 17241
10778 17243
10779 17245
10781 17247
10782 17249
10783 17251
10784 17253
10786 17255
10787 17257
10788 17259
10789 17261
10791 17263
10792 17265
10793 17267
10794 17269
10796 17271
10797 17273
10798 17275
10799 17277
10801 17279
10802 17281
10803 17283
10804 17285
10806 17287
10807 17289
10808 17291
10809 17293
10811 17295
10812 17297
10813 17299
10814 17301
10816 17303
10817 17305
10818 17307
10819 17309
10821 17311
10822 17313
10823 17315
10824 17317
10826 17319
10827 17321
10828 17323
10829 17325
10831 17327
10832 17329
10833 17331
10834 17333
10836 17335
10837 17337
10838 17339
10839 17341
10841 17343
10842 17345
10843 17347
10844 17349
10846 17351
10847 17353
10848 17355
10849 17357
10851 17359
10852 17361
10853 17363
10854 17365
10856 17367
10857 17369
10858 17371
10859 17373
10861 17375
10862 17377
10863 17379
10864 17381
10866 17383
10867 17385
10868 17387
10869 17389
10871 17391
10872 17393
10873 17395
10874 17397
10876 17399
10877 17401
10878 17403
10879 17405
10881 17407
10882 17409
10883 17411
10884 17413
10886 17415
10887 17417
10888 17419
10889 17421
10891 17423
10892 17425
10893 17427
10894 17429
10896 17431
10897 17433
10898 17435
10899 17437
10901 17439
10902 17441
10903 17443
10904 17445
10906 17447
10907 17449
10908 17451
10909 17453
10911 17455
10912 17457
10913 17459
10914 17461
10916 17463
10917 17465
10918 17467
10919 17469
10921 17471
10922 17473
10923 17475
10924 17477
10926 17479
10927 17481
10928 17483
10929 17485
10931 17487
10932 17489
10933 17491
10934 17493
10936 17495
10937 17497
10938 17499
10939 17501
10941 17503
10942 17505
10943 17507
10944 17509
10946 17511
10947 17513
10948 17515
10949 17517
10951 17519
10952 17521
10953 17523
10954 17525
10956 17527
10957 17529
10958 17531
10959 17533
10961 17535
10962 17537
10963 17539
10964 17541
10966 17543
10967 17545
10968 17547
10969 17549
10971 17551
10972 17553
10973 17555
10974 17557
10976 17559
10977 17561
10978 17563
10979 17565
10981 17567
10982 17569
10983 17571
10984 17573
10986 17575
10987 17577
10988 17579
10989 17581
10991 17583
10992 17585
10993 17587
10994 17589
10996 17591
10997 17593
10998 17595
10999 17597
11001 17599
11002 17601
11003 17603
11004 17605
11006 17607
11007 17609
11008 17611
11009 17613
11011 17615
11012 17617
11013 17619
11014 17621
11016 17623
11017 17625
11018 17627
11019 17629
11021 17631
11022 17633
11023 17635
11024 17637
11026 17639
11027 17641
11028 17643
11029 17645
11031 17647
11032 17649
11033 17651
11034 17653
11036 17655
11037 17657
11038 17659
11039 17661
11041 17663
11042 17665
11043 17667
11044 17669
11046 17671
11047 17673
11048 17675
11049 17677
11051 17679
11052 17681
11053 17683
11054 17685
11056 17687
11057 17689
11058 17691
11059 17693
11061 17695
11062 17697
11063 17699
11064 17701
11066 17703
11067 17705
11068 17707
11069 17709
11071 17711
11072 17713
11073 17715
11074 17717
11076 17719
11077 17721
11078 17723
11079 17725
11081 17727
11082 17729
11083 17731
11084 17733
11086 17735
11087 17737
11088 17739
11089 17741
11091 17743
11092 17745
11093 17747
11094 17749
11096 17751
11097 17753
11098 17755
11099 17757
11101 17759
11102 17761
11103 17763
11104 17765
11106 17767
11107 17769
11108 17771
11109 17773
11111 17775
11112 17777
11113 17779
11114 17781
11116 17783
11117 17785
11118 17787
11119 17789
11121 17791
11122 17793
11123 17795
11124 17797
11126 17799
11127 17801
11128 17803
11129 17805
11131 17807
11132 17809
11133 17811
11134 17813
11136 17815
11137 17817
11138 17819
11139 17821
11141 17823
11142 17825
11143 17827
11144 17829
11146 17831
11147 17833
11148 17835
11149 17837
11151 17839
11152 17841
11153 17843
11154 17845
11156 17847
11157 17849
11158 17851
11159 17853
11161 17855
11162 17857
11163 17859
11164 17861
11166 17863
11167 17865
11168 17867
11169 17869
11171 17871
11172 17873
11173 17875
11174 17877
11176 17879
11177 17881
11178 17883
11179 17885
11181 17887
11182 17889
11183 17891
11184 17893
11186 17895
11187 17897
11188 17899
11189 17901
11191 17903
11192 17905
11193 17907
11194 17909
11196 17911
11197 17913
11198 17915
11199 17917
11201 17919
11202 17921
11203 17923
11204 17925
11206 17927
11207 17929
11208 17931
11209 17933
11211 17935
11212 17937
11213 17939
11214 17941
11216 17943
11217 17945
11218 17947
11219 17949
11221 17951
11222 17953
11223 17955
11224 17957
11226 17959
11227 17961
11228 17963
11229 17965
11231 17967
11232 17969
11233 17971
11234 17973
11236 17975
11237 17977
11238 17979
11239 17981
11241 17983
11242 17985
11243 17987
11244 17989
11246 17991
11247 17993
11248 17995
11249 17997
11251 17999
11252 18001
11253 18003
11254 18005
11256 18007
11257 18009
11258 18011
11259 18013
11261 18015
11262 18017
11263 18019
11264 18021
11266 18023
11267 18025
11268 18027
11269 18029
11271 18031
11272 18033
11273 18035
11274 18037
11276 18039
11277 18041
11278 18043
11279 18045
11281 18047
11282 18049
11283 18051
11284 18053
11286 18055
11287 18057
11288 18059
11289 18061
11291 18063
11292 18065
11293 18067
11294 18069
11296 18071
11297 18073
11298 18075
11299 18077
11301 18079
11302 18081
11303 18083
11304 18085
11306 18087
11307 18089
11308 18091
11309 18093
11311 18095
11312 18097
11313 18099
11314 18101
11316 18103
11317 18105
11318 18107
11319 18109
11321 18111
11322 18113
11323 18115
11324 18117
11326 18119
11327 18121
11328 18123
11329 18125
11331 18127
11332 18129
11333 18131
11334 18133
11336 18135
11337 18137
11338 18139
11339 18141
11341 18143
11342 18145
11343 18147
11344 18149
11346 18151
11347 18153
11348 18155
11349 18157
11351 18159
11352 18161
11353 18163
11354 18165
11356 18167
11357 18169
11358 18171
11359 18173
11361 18175
11362 18177
11363 18179
11364 18181
11366 18183
11367 18185
11368 18187
11369 18189
11371 18191
11372 18193
11373 18195
11374 18197
11376 18199
11377 18201
11378 18203
11379 18205
11381 18207
11382 18209
11383 18211
11384 18213
11386 18215
11387 18217
11388 18219
11389 18221
11391 18223
11392 18225
11393 18227
11394 18229
11396 18231
11397 18233
11398 18235
11399 18237
11401 18239
11402 18241
11403 18243
11404 18245
11406 18247
11407 18249
11408 18251
11409 18253
11411 18255
11412 18257
11413 18259
11414 18261
11416 18263
11417 18265
11418 18267
11419 18269
11421 18271
11422 18273
11423 18275
11424 18277
11426 18279
11427 18281
11428 18283
11429 18285
11431 18287
11432 18289
11433 18291
11434 18293
11436 18295
11437 18297
11438 18299
11439 18301
11441 18303
11442 18305
11443 18307
11444 18309
11446 18311
11447 18313
11448 18315
11449 18317
11451 18319
11452 18321
11453 18323
11454 18325
11456 18327
11457 18329
11458 18331
11459 18333
11461 18335
11462 18337
11463 18339
11464 18341
11466 18343
11467 18345
11468 18347
11469 18349
11471 18351
11472 18353
11473 18355
11474 18357
11476 18359
11477 18361
11478 18363
11479 18365
11481 18367
11482 18369
11483 18371
11484 18373
11486 18375
11487 18377
11488 18379
11489 18381
11491 18383
11492 18385
11493 18387
11494 18389
11496 18391
11497 18393
11498 18395
11499 18397
11501 18399
11502 18401
11503 18403
11504 18405
11506 18407
11507 18409
11508 18411
11509 18413
11511 18415
11512 18417
11513 18419
11514 18421
11516 18423
11517 18425
11518 18427
11519 18429
11521 18431
11522 18433
11523 18435
11524 18437
11526 18439
11527 18441
11528 18443
11529 18445
11531 18447
11532 18449
11533 18451
11534 18453
11536 18455
11537 18457
11538 18459
11539 18461
11541 18463
11542 18465
11543 18467
11544 18469
11546 18471
11547 18473
11548 18475
11549 18477
11551 18479
11552 18481
11553 18483
11554 18485
11556 18487
11557 18489
11558 18491
11559 18493
11561 18495
11562 18497
11563 18499
11564 18501
11566 18503
11567 18505
11568 18507
11569 18509
11571 18511
11572 18513
11573 18515
11574 18517
11576 18519
11577 18521
11578 18523
11579 18525
11581 18527
11582 18529
11583 18531
11584 18533
11586 18535
11587 18537
11588 18539
11589 18541
11591 18543
11592 18545
11593 18547
11594 18549
11596 18551
11597 18553
11598 18555
11599 18557
11601 18559
11602 18561
11603 18563
11604 18565
11606 18567
11607 18569
11608 18571
11609 18573
11611 18575
11612 18577
11613 18579
11614 18581
11616 18583
11617 18585
11618 18587
11619 18589
11621 18591
11622 18593
11623 18595
11624 18597
11626 18599
11627 18601
11628 18603
11629 18605
11631 18607
11632 18609
11633 18611
11634 18613
11636 18615
11637 18617
11638 18619
11639 18621
11641 18623
11642 18625
11643 18627
11644 18629
11646 18631
11647 18633
11648 18635
11649 18637
11651 18639
11652 18641
11653 18643
11654 18645
11656 18647
11657 18649
11658 18651
11659 18653
11661 18655
11662 18657
11663 18659
11664 18661
11666 18663
11667 18665
11668 18667
11669 18669
11671 18671
11672 18673
11673 18675
11674 18677
11676 18679
11677 18681
11678 18683
11679 18685
11681 18687
11682 18689
11683 18691
11684 18693
11686 18695
11687 18697
11688 18699
11689 18701
11691 18703
11692 18705
11693 18707
11694 18709
11696 18711
11697 18713
11698 18715
11699 18717
11701 18719
11702 18721
11703 18723
11704 18725
11706 18727
11707 18729
11708 18731
11709 18733
11711 18735
11712 18737
11713 18739
11714 18741
11716 18743
11717 18745
11718 18747
11719 18749
11721 18751
11722 18753
11723 18755
11724 18757
11726 18759
11727 18761
11728 18763
11729 18765
11731 18767
11732 18769
11733 18771
11734 18773
11736 18775
11737 18777
11738 18779
11739 18781
11741 18783
11742 18785
11743 18787
11744 18789
11746 18791
11747 18793
11748 18795
11749 18797
11751 18799
11752 18801
11753 18803
11754 18805
11756 18807
11757 18809
11758 18811
11759 18813
11761 18815
11762 18817
11763 18819
11764 18821
11766 18823
11767 18825
11768 18827
11769 18829
11771 18831
11772 18833
11773 18835
11774 18837
11776 18839
11777 18841
11778 18843
11779 18845
11781 18847
11782 18849
11783 18851
11784 18853
11786 18855
11787 18857
11788 18859
11789 18861
11791 18863
11792 18865
11793 18867
11794 18869
11796 18871
11797 18873
11798 18875
11799 18877
11801 18879
11802 18881
11803 18883
11804 18885
11806 18887
11807 18889
11808 18891
11809 18893
11811 18895
11812 18897
11813 18899
11814 18901
11816 18903
11817 18905
11818 18907
11819 18909
11821 18911
11822 18913
11823 18915
11824 18917
11826 18919
11827 18921
11828 18923
11829 18925
11831 18927
11832 18929
11833 18931
11834 18933
11836 18935
11837 18937
11838 18939
11839 18941
11841 18943
11842 18945
11843 18947
11844 18949
11846 18951
11847 18953
11848 18955
11849 18957
11851 18959
11852 18961
11853 18963
11854 18965
11856 18967
11857 18969
11858 18971
11859 18973
11861 18975
11862 18977
11863 18979
11864 18981
11866 18983
11867 18985
11868 18987
11869 18989
11871 18991
11872 18993
11873 18995
11874 18997
11876 18999
11877 19001
11878 19003
11879 19005
11881 19007
11882 19009
11883 19011
11884 19013
11886 19015
11887 19017
11888 19019
11889 19021
11891 19023
11892 19025
11893 19027
11894 19029
11896 19031
11897 19033
11898 19035
11899 19037
11901 19039
11902 19041
11903 19043
11904 19045
11906 19047
11907 19049
11908 19051
11909 19053
11911 19055
11912 19057
11913 19059
11914 19061
11916 19063
11917 19065
11918 19067
11919 19069
11921 19071
11922 19073
11923 19075
11924 19077
11926 19079
11927 19081
11928 19083
11929 19085
11931 19087
11932 19089
11933 19091
11934 19093
11936 19095
11937 19097
11938 19099
11939 19101
11941 19103
11942 19105
11943 19107
11944 19109
11946 19111
11947 19113
11948 19115
11949 19117
11951 19119
11952 19121
11953 19123
11954 19125
11956 19127
11957 19129
11958 19131
11959 19133
11961 19135
11962 19137
11963 19139
11964 19141
11966 19143
11967 19145
11968 19147
11969 19149
11971 19151
11972 19153
11973 19155
11974 19157
11976 19159
11977 19161
11978 19163
11979 19165
11981 19167
11982 19169
11983 19171
11984 19173
11986 19175
11987 19177
11988 19179
11989 19181
11991 19183
11992 19185
11993 19187
11994 19189
11996 19191
11997 19193
11998 19195
11999 19197
12001 19199
12002 19201
12003 19203
12004 19205
12006 19207
12007 19209
12008 19211
12009 19213
12011 19215
12012 19217
12013 19219
12014 19221
12016 19223
12017 19225
12018 19227
12019 19229
12021 19231
12022 19233
12023 19235
12024 19237
12026 19239
12027 19241
12028 19243
12029 19245
12031 19247
12032 19249
12033 19251
12034 19253
12036 19255
12037 19257
12038 19259
12039 19261
12041 19263
12042 19265
12043 19267
12044 19269
12046 19271
12047 19273
12048 19275
12049 19277
12051 19279
12052 19281
12053 19283
12054 19285
12056 19287
12057 19289
12058 19291
12059 19293
12061 19295
12062 19297
12063 19299
12064 19301
12066 19303
12067 19305
12068 19307
12069 19309
12071 19311
12072 19313
12073 19315
12074 19317
12076 19319
12077 19321
12078 19323
12079 19325
12081 19327
12082 19329
12083 19331
12084 19333
12086 19335
12087 19337
12088 19339
12089 19341
12091 19343
12092 19345
12093 19347
12094 19349
12096 19351
12097 19353
12098 19355
12099 19357
12101 19359
12102 19361
12103 19363
12104 19365
12106 19367
12107 19369
12108 19371
12109 19373
12111 19375
12112 19377
12113 19379
12114 19381
12116 19383
12117 19385
12118 19387
12119 19389
12121 19391
12122 19393
12123 19395
12124 19397
12126 19399
12127 19401
12128 19403
12129 19405
12131 19407
12132 19409
12133 19411
12134 19413
12136 19415
12137 19417
12138 19419
12139 19421
12141 19423
12142 19425
12143 19427
12144 19429
12146 19431
12147 19433
12148 19435
12149 19437
12151 19439
12152 19441
12153 19443
12154 19445
12156 19447
12157 19449
12158 19451
12159 19453
12161 19455
12162 19457
12163 19459
12164 19461
12166 19463
12167 19465
12168 19467
12169 19469
12171 19471
12172 19473
12173 19475
12174 19477
12176 19479
12177 19481
12178 19483
12179 19485
12181 19487
12182 19489
12183 19491
12184 19493
12186 19495
12187 19497
12188 19499
12189 19501
12191 19503
12192 19505
12193 19507
12194 19509
12196 19511
12197 19513
12198 19515
12199 19517
12201 19519
12202 19521
12203 19523
12204 19525
12206 19527
12207 19529
12208 19531
12209 19533
12211 19535
12212 19537
12213 19539
12214 19541
12216 19543
12217 19545
12218 19547
12219 19549
12221 19551
12222 19553
12223 19555
12224 19557
12226 19559
12227 19561
12228 19563
12229 19565
12231 19567
12232 19569
12233 19571
12234 19573
12236 19575
12237 19577
12238 19579
12239 19581
12241 19583
12242 19585
12243 19587
12244 19589
12246 19591
12247 19593
12248 19595
12249 19597
12251 19599
12252 19601
12253 19603
12254 19605
12256 19607
12257 19609
12258 19611
12259 19613
12261 19615
12262 19617
12263 19619
12264 19621
12266 19623
12267 19625
12268 19627
12269 19629
12271 19631
12272 19633
12273 19635
12274 19637
12276 19639
12277 19641
12278 19643
12279 19645
12281 19647
12282 19649
12283 19651
12284 19653
12286 19655
12287 19657
12288 19659
12289 19661
12291 19663
12292 19665
12293 19667
12294 19669
12296 19671
12297 19673
12298 19675
12299 19677
12301 19679
12302 19681
12303 19683
12304 19685
12306 19687
12307 19689
12308 19691
12309 19693
12311 19695
12312 19697
12313 19699
12314 19701
12316 19703
12317 19705
12318 19707
12319 19709
12321 19711
12322 19713
12323 19715
12324 19717
12326 19719
12327 19721
12328 19723
12329 19725
12331 19727
12332 19729
12333 19731
12334 19733
12336 19735
12337 19737
12338 19739
12339 19741
12341 19743
12342 19745
12343 19747
12344 19749
12346 19751
12347 19753
12348 19755
12349 19757
12351 19759
12352 19761
12353 19763
12354 19765
12356 19767
12357 19769
12358 19771
12359 19773
12361 19775
12362 19777
12363 19779
12364 19781
12366 19783
12367 19785
12368 19787
12369 19789
12371 19791
12372 19793
12373 19795
12374 19797
12376 19799
12377 19801
12378 19803
12379 19805
12381 19807
12382 19809
12383 19811
12384 19813
12386 19815
12387 19817
12388 19819
12389 19821
12391 19823
12392 19825
12393 19827
12394 19829
12396 19831
12397 19833
12398 19835
12399 19837
12401 19839
12402 19841
12403 19843
12404 19845
12406 19847
12407 19849
12408 19851
12409 19853
12411 19855
12412 19857
12413 19859
12414 19861
12416 19863
12417 19865
12418 19867
12419 19869
12421 19871
12422 19873
12423 19875
12424 19877
12426 19879
12427 19881
12428 19883
12429 19885
12431 19887
12432 19889
12433 19891
12434 19893
12436 19895
12437 19897
12438 19899
12439 19901
12441 19903
12442 19905
12443 19907
12444 19909
12446 19911
12447 19913
12448 19915
12449 19917
12451 19919
12452 19921
12453 19923
12454 19925
12456 19927
12457 19929
12458 19931
12459 19933
12461 19935
12462 19937
12463 19939
12464 19941
12466 19943
12467 19945
12468 19947
12469 19949
12471 19951
12472 19953
12473 19955
12474 19957
12476 19959
12477 19961
12478 19963
12479 19965
12481 19967
12482 19969
12483 19971
12484 19973
12486 19975
12487 19977
12488 19979
12489 19981
12491 19983
12492 19985
12493 19987
12494 19989
12496 19991
12497 19993
12498 19995
12499 19997
12501 19999
12502 20001
12503 20003
12504 20005
12506 20007
12507 20009
12508 20011
12509 20013
12511 20015
12512 20017
12513 20019
12514 20021
12516 20023
12517 20025
12518 20027
12519 20029
12521 20031
12522 20033
12523 20035
12524 20037
12526 20039
12527 20041
12528 20043
12529 20045
12531 20047
12532 20049
12533 20051
12534 20053
12536 20055
12537 20057
12538 20059
12539 20061
12541 20063
12542 20065
12543 20067
12544 20069
12546 20071
12547 20073
12548 20075
12549 20077
12551 20079
12552 20081
12553 20083
12554 20085
12556 20087
12557 20089
12558 20091
12559 20093
12561 20095
12562 20097
12563 20099
12564 20101
12566 20103
12567 20105
12568 20107
12569 20109
12571 20111
12572 20113
12573 20115
12574 20117
12576 20119
12577 20121
12578 20123
12579 20125
12581 20127
12582 20129
12583 20131
12584 20133
12586 20135
12587 20137
12588 20139
12589 20141
12591 20143
12592 20145
12593 20147
12594 20149
12596 20151
12597 20153
12598 20155
12599 20157
12601 20159
12602 20161
12603 20163
12604 20165
12606 20167
12607 20169
12608 20171
12609 20173
12611 20175
12612 20177
12613 20179
12614 20181
12616 20183
12617 20185
12618 20187
12619 20189
12621 20191
12622 20193
12623 20195
12624 20197
12626 20199
12627 20201
12628 20203
12629 20205
12631 20207
12632 20209
12633 20211
12634 20213
12636 20215
12637 20217
12638 20219
12639 20221
12641 20223
12642 20225
12643 20227
12644 20229
12646 20231
12647 20233
12648 20235
12649 20237
12651 20239
12652 20241
12653 20243
12654 20245
12656 20247
12657 20249
12658 20251
12659 20253
12661 20255
12662 20257
12663 20259
12664 20261
12666 20263
12667 20265
12668 20267
12669 20269
12671 20271
12672 20273
12673 20275
12674 20277
12676 20279
12677 20281
12678 20283
12679 20285
12681 20287
12682 20289
12683 20291
12684 20293
12686 20295
12687 20297
12688 20299
12689 20301
12691 20303
12692 20305
12693 20307
12694 20309
12696 20311
12697 20313
12698 20315
12699 20317
12701 20319
12702 20321
12703 20323
12704 20325
12706 20327
12707 20329
12708 20331
12709 20333
12711 20335
12712 20337
12713 20339
12714 20341
12716 20343
12717 20345
12718 20347
12719 20349
12721 20351
12722 20353
12723 20355
12724 20357
12726 20359
12727 20361
12728 20363
12729 20365
12731 20367
12732 20369
12733 20371
12734 20373
12736 20375
12737 20377
12738 20379
12739 20381
12741 20383
12742 20385
12743 20387
12744 20389
12746 20391
12747 20393
12748 20395
12749 20397
12751 20399
12752 20401
12753 20403
12754 20405
12756 20407
12757 20409
12758 20411
12759 20413
12761 20415
12762 20417
12763 20419
12764 20421
12766 20423
12767 20425
12768 20427
12769 20429
12771 20431
12772 20433
12773 20435
12774 20437
12776 20439
12777 20441
12778 20443
12779 20445
12781 20447
12782 20449
12783 20451
12784 20453
12786 20455
12787 20457
12788 20459
12789 20461
12791 20463
12792 20465
12793 20467
12794 20469
12796 20471
12797 20473
12798 20475
12799 20477
12801 20479
12802 20481
12803 20483
12804 20485
12806 20487
12807 20489
12808 20491
12809 20493
12811 20495
12812 20497
12813 20499
12814 20501
12816 20503
12817 20505
12818 20507
12819 20509
12821 20511
12822 20513
12823 20515
12824 20517
12826 20519
12827 20521
12828 20523
12829 20525
12831 20527
12832 20529
12833 20531
12834 20533
12836 20535
12837 20537
12838 20539
12839 20541
12841 20543
12842 20545
12843 20547
12844 20549
12846 20551
12847 20553
12848 20555
12849 20557
12851 20559
12852 20561
12853 20563
12854 20565
12856 20567
12857 20569
12858 20571
12859 20573
12861 20575
12862 20577
12863 20579
12864 20581
12866 20583
12867 20585
12868 20587
12869 20589
12871 20591
12872 20593
12873 20595
12874 20597
12876 20599
12877 20601
12878 20603
12879 20605
12881 20607
12882 20609
12883 20611
12884 20613
12886 20615
12887 20617
12888 20619
12889 20621
12891 20623
12892 20625
12893 20627
12894 20629
12896 20631
12897 20633
12898 20635
12899 20637
12901 20639
12902 20641
12903 20643
12904 20645
12906 20647
12907 20649
12908 20651
12909 20653
12911 20655
12912 20657
12913 20659
12914 20661
12916 20663
12917 20665
12918 20667
12919 20669
12921 20671
12922 20673
12923 20675
12924 20677
12926 20679
12927 20681
12928 20683
12929 20685
12931 20687
12932 20689
12933 20691
12934 20693
12936 20695
12937 20697
12938 20699
12939 20701
12941 20703
12942 20705
12943 20707
12944 20709
12946 20711
12947 20713
12948 20715
12949 20717
12951 20719
12952 20721
12953 20723
12954 20725
12956 20727
12957 20729
12958 20731
12959 20733
12961 20735
12962 20737
12963 20739
12964 20741
12966 20743
12967 20745
12968 20747
12969 20749
12971 20751
12972 20753
12973 20755
12974 20757
12976 20759
12977 20761
12978 20763
12979 20765
12981 20767
12982 20769
12983 20771
12984 20773
12986 20775
12987 20777
12988 20779
12989 20781
12991 20783
12992 20785
12993 20787
12994 20789
12996 20791
12997 20793
12998 20795
12999 20797
13001 20799
13002 20801
13003 20803
13004 20805
13006 20807
13007 20809
13008 20811
13009 20813
13011 20815
13012 20817
13013 20819
13014 20821
13016 20823
13017 20825
13018 20827
13019 20829
13021 20831
13022 20833
13023 20835
13024 20837
13026 20839
13027 20841
13028 20843
13029 20845
13031 20847
13032 20849
13033 20851
13034 20853
13036 20855
13037 20857
13038 20859
13039 20861
13041 20863
13042 20865
13043 20867
13044 20869
13046 20871
13047 20873
13048 20875
13049 20877
13051 20879
13052 20881
13053 20883
13054 20885
13056 20887
13057 20889
13058 20891
13059 20893
13061 20895
13062 20897
13063 20899
13064 20901
13066 20903
13067 20905
13068 20907
13069 20909
13071 20911
13072 20913
13073 20915
13074 20917
13076 20919
13077 20921
13078 20923
13079 20925
13081 20927
13082 20929
13083 20931
13084 20933
13086 20935
13087 20937
13088 20939
13089 20941
13091 20943
13092 20945
13093 20947
13094 20949
13096 20951
13097 20953
13098 20955
13099 20957
13101 20959
13102 20961
13103 20963
13104 20965
13106 20967
13107 20969
13108 20971
13109 20973
13111 20975
13112 20977
13113 20979
13114 20981
13116 20983
13117 20985
13118 20987
13119 20989
13121 20991
13122 20993
13123 20995
13124 20997
13126 20999
13127 21001
13128 21003
13129 21005
13131 21007
13132 21009
13133 21011
13134 21013
13136 21015
13137 21017
13138 21019
13139 21021
13141 21023
13142 21025
13143 21027
13144 21029
13146 21031
13147 21033
13148 21035
13149 21037
13151 21039
13152 21041
13153 21043
13154 21045
13156 21047
13157 21049
13158 21051
13159 21053
13161 21055
13162 21057
13163 21059
13164 21061
13166 21063
13167 21065
13168 21067
13169 21069
13171 21071
13172 21073
13173 21075
13174 21077
13176 21079
13177 21081
13178 21083
13179 21085
13181 21087
13182 21089
13183 21091
13184 21093
13186 21095
13187 21097
13188 21099
13189 21101
13191 21103
13192 21105
13193 21107
13194 21109
13196 21111
13197 21113
13198 21115
13199 21117
13201 21119
13202 21121
13203 21123
13204 21125
13206 21127
13207 21129
13208 21131
13209 21133
13211 21135
13212 21137
13213 21139
13214 21141
13216 21143
13217 21145
13218 21147
13219 21149
13221 21151
13222 21153
13223 21155
13224 21157
13226 21159
13227 21161
13228 21163
13229 21165
13231 21167
13232 21169
13233 21171
13234 21173
13236 21175
13237 21177
13238 21179
13239 21181
13241 21183
13242 21185
13243 21187
13244 21189
13246 21191
13247 21193
13248 21195
13249 21197
13251 21199
13252 21201
13253 21203
13254 21205
13256 21207
13257 21209
13258 21211
13259 21213
13261 21215
13262 21217
13263 21219
13264 21221
13266 21223
13267 21225
13268 21227
13269 21229
13271 21231
13272 21233
13273 21235
13274 21237
13276 21239
13277 21241
13278 21243
13279 21245
13281 21247
13282 21249
13283 21251
13284 21253
13286 21255
13287 21257
13288 21259
13289 21261
13291 21263
13292 21265
13293 21267
13294 21269
13296 21271
13297 21273
13298 21275
13299 21277
13301 21279
13302 21281
13303 21283
13304 21285
13306 21287
13307 21289
13308 21291
13309 21293
13311 21295
13312 21297
13313 21299
13314 21301
13316 21303
13317 21305
13318 21307
13319 21309
13321 21311
13322 21313
13323 21315
13324 21317
13326 21319
13327 21321
13328 21323
13329 21325
13331 21327
13332 21329
13333 21331
13334 21333
13336 21335
13337 21337
13338 21339
13339 21341
13341 21343
13342 21345
13343 21347
13344 21349
13346 21351
13347 21353
13348 21355
13349 21357
13351 21359
13352 21361
13353 21363
13354 21365
13356 21367
13357 21369
13358 21371
13359 21373
13361 21375
13362 21377
13363 21379
13364 21381
13366 21383
13367 21385
13368 21387
13369 21389
13371 21391
13372 21393
13373 21395
13374 21397
13376 21399
13377 21401
13378 21403
13379 21405
13381 21407
13382 21409
13383 21411
13384 21413
13386 21415
13387 21417
13388 21419
13389 21421
13391 21423
13392 21425
13393 21427
13394 21429
13396 21431
13397 21433
13398 21435
13399 21437
13401 21439
13402 21441
13403 21443
13404 21445
13406 21447
13407 21449
13408 21451
13409 21453
13411 21455
13412 21457
13413 21459
13414 21461
13416 21463
13417 21465
13418 21467
13419 21469
13421 21471
13422 21473
13423 21475
13424 21477
13426 21479
13427 21481
13428 21483
13429 21485
13431 21487
13432 21489
13433 21491
13434 21493
13436 21495
13437 21497
13438 21499
13439 21501
13441 21503
13442 21505
13443 21507
13444 21509
13446 21511
13447 21513
13448 21515
13449 21517
13451 21519
13452 21521
13453 21523
13454 21525
13456 21527
13457 21529
13458 21531
13459 21533
13461 21535
13462 21537
13463 21539
13464 21541
13466 21543
13467 21545
13468 21547
13469 21549
13471 21551
13472 21553
13473 21555
13474 21557
13476 21559
13477 21561
13478 21563
13479 21565
13481 21567
13482 21569
13483 21571
13484 21573
13486 21575
13487 21577
13488 21579
13489 21581
13491 21583
13492 21585
13493 21587
13494 21589
13496 21591
13497 21593
13498 21595
13499 21597
13501 21599
13502 21601
13503 21603
13504 21605
13506 21607
13507 21609
13508 21611
13509 21613
13511 21615
13512 21617
13513 21619
13514 21621
13516 21623
13517 21625
13518 21627
13519 21629
13521 21631
13522 21633
13523 21635
13524 21637
13526 21639
13527 21641
13528 21643
13529 21645
13531 21647
13532 21649
13533 21651
13534 21653
13536 21655
13537 21657
13538 21659
13539 21661
13541 21663
13542 21665
13543 21667
13544 21669
13546 21671
13547 21673
13548 21675
13549 21677
13551 21679
13552 21681
13553 21683
13554 21685
13556 21687
13557 21689
13558 21691
13559 21693
13561 21695
13562 21697
13563 21699
13564 21701
13566 21703
13567 21705
13568 21707
13569 21709
13571 21711
13572 21713
13573 21715
13574 21717
13576 21719
13577 21721
13578 21723
13579 21725
13581 21727
13582 21729
13583 21731
13584 21733
13586 21735
13587 21737
13588 21739
13589 21741
13591 21743
13592 21745
13593 21747
13594 21749
13596 21751
13597 21753
13598 21755
13599 21757
13601 21759
13602 21761
13603 21763
13604 21765
13606 21767
13607 21769
13608 21771
13609 21773
13611 21775
13612 21777
13613 21779
13614 21781
13616 21783
13617 21785
13618 21787
13619 21789
13621 21791
13622 21793
13623 21795
13624 21797
13626 21799
13627 21801
13628 21803
13629 21805
13631 21807
13632 21809
13633 21811
13634 21813
13636 21815
13637 21817
13638 21819
13639 21821
13641 21823
13642 21825
13643 21827
13644 21829
13646 21831
13647 21833
13648 21835
13649 21837
13651 21839
13652 21841
13653 21843
13654 21845
13656 21847
13657 21849
13658 21851
13659 21853
13661 21855
13662 21857
13663 21859
13664 21861
13666 21863
13667 21865
13668 21867
13669 21869
13671 21871
13672 21873
13673 21875
13674 21877
13676 21879
13677 21881
13678 21883
13679 21885
13681 21887
13682 21889
13683 21891
13684 21893
13686 21895
13687 21897
13688 21899
13689 21901
13691 21903
13692 21905
13693 21907
13694 21909
13696 21911
13697 21913
13698 21915
13699 21917
13701 21919
13702 21921
13703 21923
13704 21925
13706 21927
13707 21929
13708 21931
13709 21933
13711 21935
13712 21937
13713 21939
13714 21941
13716 21943
13717 21945
13718 21947
13719 21949
13721 21951
13722 21953
13723 21955
13724 21957
13726 21959
13727 21961
13728 21963
13729 21965
13731 21967
13732 21969
13733 21971
13734 21973
13736 21975
13737 21977
13738 21979
13739 21981
13741 21983
13742 21985
13743 21987
13744 21989
13746 21991
13747 21993
13748 21995
13749 21997
13751 21999
13752 22001
13753 22003
13754 22005
13756 22007
13757 22009
13758 22011
13759 22013
13761 22015
13762 22017
13763 22019
13764 22021
13766 22023
13767 22025
13768 22027
13769 22029
13771 22031
13772 22033
13773 22035
13774 22037
13776 22039
13777 22041
13778 22043
13779 22045
13781 22047
13782 22049
13783 22051
13784 22053
13786 22055
13787 22057
13788 22059
13789 22061
13791 22063
13792 22065
13793 22067
13794 22069
13796 22071
13797 22073
13798 22075
13799 22077
13801 22079
13802 22081
13803 22083
13804 22085
13806 22087
13807 22089
13808 22091
13809 22093
13811 22095
13812 22097
13813 22099
13814 22101
13816 22103
13817 22105
13818 22107
13819 22109
13821 22111
13822 22113
13823 22115
13824 22117
13826 22119
13827 22121
13828 22123
13829 22125
13831 22127
13832 22129
13833 22131
13834 22133
13836 22135
13837 22137
13838 22139
13839 22141
13841 22143
13842 22145
13843 22147
13844 22149
13846 22151
13847 22153
13848 22155
13849 22157
13851 22159
13852 22161
13853 22163
13854 22165
13856 22167
13857 22169
13858 22171
13859 22173
13861 22175
13862 22177
13863 22179
13864 22181
13866 22183
13867 22185
13868 22187
13869 22189
13871 22191
13872 22193
13873 22195
13874 22197
13876 22199
13877 22201
13878 22203
13879 22205
13881 22207
13882 22209
13883 22211
13884 22213
13886 22215
13887 22217
13888 22219
13889 22221
13891 22223
13892 22225
13893 22227
13894 22229
13896 22231
13897 22233
13898 22235
13899 22237
13901 22239
13902 22241
13903 22243
13904 22245
13906 22247
13907 22249
13908 22251
13909 22253
13911 22255
13912 22257
13913 22259
13914 22261
13916 22263
13917 22265
13918 22267
13919 22269
13921 22271
13922 22273
13923 22275
13924 22277
13926 22279
13927 22281
13928 22283
13929 22285
13931 22287
13932 22289
13933 22291
13934 22293
13936 22295
13937 22297
13938 22299
13939 22301
13941 22303
13942 22305
13943 22307
13944 22309
13946 22311
13947 22313
13948 22315
13949 22317
13951 22319
13952 22321
13953 22323
13954 22325
13956 22327
13957 22329
13958 22331
13959 22333
13961 22335
13962 22337
13963 22339
13964 22341
13966 22343
13967 22345
13968 22347
13969 22349
13971 22351
13972 22353
13973 22355
13974 22357
13976 22359
13977 22361
13978 22363
13979 22365
13981 22367
13982 22369
13983 22371
13984 22373
13986 22375
13987 22377
13988 22379
13989 22381
13991 22383
13992 22385
13993 22387
13994 22389
13996 22391
13997 22393
13998 22395
13999 22397
14001 22399
14002 22401
14003 22403
14004 22405
14006 22407
14007 22409
14008 22411
14009 22413
14011 22415
14012 22417
14013 22419
14014 22421
14016 22423
14017 22425
14018 22427
14019 22429
14021 22431
14022 22433
14023 22435
14024 22437
14026 22439
14027 22441
14028 22443
14029 22445
14031 22447
14032 22449
14033 22451
14034 22453
14036 22455
14037 22457
14038 22459
14039 22461
14041 22463
14042 22465
14043 22467
14044 22469
14046 22471
14047 22473
14048 22475
14049 22477
14051 22479
14052 22481
14053 22483
14054 22485
14056 22487
14057 22489
14058 22491
14059 22493
14061 22495
14062 22497
14063 22499
14064 22501
14066 22503
14067 22505
14068 22507
14069 22509
14071 22511
14072 22513
14073 22515
14074 22517
14076 22519
14077 22521
14078 22523
14079 22525
14081 22527
14082 22529
14083 22531
14084 22533
14086 22535
14087 22537
14088 22539
14089 22541
14091 22543
14092 22545
14093 22547
14094 22549
14096 22551
14097 22553
14098 22555
14099 22557
14101 22559
14102 22561
14103 22563
14104 22565
14106 22567
14107 22569
14108 22571
14109 22573
14111 22575
14112 22577
14113 22579
14114 22581
14116 22583
14117 22585
14118 22587
14119 22589
14121 22591
14122 22593
14123 22595
14124 22597
14126 22599
14127 22601
14128 22603
14129 22605
14131 22607
14132 22609
14133 22611
14134 22613
14136 22615
14137 22617
14138 22619
14139 22621
14141 22623
14142 22625
14143 22627
14144 22629
14146 22631
14147 22633
14148 22635
14149 22637
14151 22639
14152 22641
14153 22643
14154 22645
14156 22647
14157 22649
14158 22651
14159 22653
14161 22655
14162 22657
14163 22659
14164 22661
14166 22663
14167 22665
14168 22667
14169 22669
14171 22671
14172 22673
14173 22675
14174 22677
14176 22679
14177 22681
14178 22683
14179 22685
14181 22687
14182 22689
14183 22691
14184 22693
14186 22695
14187 22697
14188 22699
14189 22701
14191 22703
14192 22705
14193 22707
14194 22709
14196 22711
14197 22713
14198 22715
14199 22717
14201 22719
14202 22721
14203 22723
14204 22725
14206 22727
14207 22729
14208 22731
14209 22733
14211 22735
14212 22737
14213 22739
14214 22741
14216 22743
14217 22745
14218 22747
14219 22749
14221 22751
14222 22753
14223 22755
14224 22757
14226 22759
14227 22761
14228 22763
14229 22765
14231 22767
14232 22769
14233 22771
14234 22773
14236 22775
14237 22777
14238 22779
14239 22781
14241 22783
14242 22785
14243 22787
14244 22789
14246 22791
14247 22793
14248 22795
14249 22797
14251 22799
14252 22801
14253 22803
14254 22805
14256 22807
14257 22809
14258 22811
14259 22813
14261 22815
14262 22817
14263 22819
14264 22821
14266 22823
14267 22825
14268 22827
14269 22829
14271 22831
14272 22833
14273 22835
14274 22837
14276 22839
14277 22841
14278 22843
14279 22845
14281 22847
14282 22849
14283 22851
14284 22853
14286 22855
14287 22857
14288 22859
14289 22861
14291 22863
14292 22865
14293 22867
14294 22869
14296 22871
14297 22873
14298 22875
14299 22877
14301 22879
14302 22881
14303 22883
14304 22885
14306 22887
14307 22889
14308 22891
14309 22893
14311 22895
14312 22897
14313 22899
14314 22901
14316 22903
14317 22905
14318 22907
14319 22909
14321 22911
14322 22913
14323 22915
14324 22917
14326 22919
14327 22921
14328 22923
14329 22925
14331 22927
14332 22929
14333 22931
14334 22933
14336 22935
14337 22937
14338 22939
14339 22941
14341 22943
14342 22945
14343 22947
14344 22949
14346 22951
14347 22953
14348 22955
14349 22957
14351 22959
14352 22961
14353 22963
14354 22965
14356 22967
14357 22969
14358 22971
14359 22973
14361 22975
14362 22977
14363 22979
14364 22981
14366 22983
14367 22985
14368 22987
14369 22989
14371 22991
14372 22993
14373 22995
14374 22997
14376 22999
14377 23001
14378 23003
14379 23005
14381 23007
14382 23009
14383 23011
14384 23013
14386 23015
14387 23017
14388 23019
14389 23021
14391 23023
14392 23025
14393 23027
14394 23029
14396 23031
14397 23033
14398 23035
14399 23037
14401 23039
14402 23041
14403 23043
14404 23045
14406 23047
14407 23049
14408 23051
14409 23053
14411 23055
14412 23057
14413 23059
14414 23061
14416 23063
14417 23065
14418 23067
14419 23069
14421 23071
14422 23073
14423 23075
14424 23077
14426 23079
14427 23081
14428 23083
14429 23085
14431 23087
14432 23089
14433 23091
14434 23093
14436 23095
14437 23097
14438 23099
14439 23101
14441 23103
14442 23105
14443 23107
14444 23109
14446 23111
14447 23113
14448 23115
14449 23117
14451 23119
14452 23121
14453 23123
14454 23125
14456 23127
14457 23129
14458 23131
14459 23133
14461 23135
14462 23137
14463 23139
14464 23141
14466 23143
14467 23145
14468 23147
14469 23149
14471 23151
14472 23153
14473 23155
14474 23157
14476 23159
14477 23161
14478 23163
14479 23165
14481 23167
14482 23169
14483 23171
14484 23173
14486 23175
14487 23177
14488 23179
14489 23181
14491 23183
14492 23185
14493 23187
14494 23189
14496 23191
14497 23193
14498 23195
14499 23197
14501 23199
14502 23201
14503 23203
14504 23205
14506 23207
14507 23209
14508 23211
14509 23213
14511 23215
14512 23217
14513 23219
14514 23221
14516 23223
14517 23225
14518 23227
14519 23229
14521 23231
14522 23233
14523 23235
14524 23237
14526 23239
14527 23241
14528 23243
14529 23245
14531 23247
14532 23249
14533 23251
14534 23253
14536 23255
14537 23257
14538 23259
14539 23261
14541 23263
14542 23265
14543 23267
14544 23269
14546 23271
14547 23273
14548 23275
14549 23277
14551 23279
14552 23281
14553 23283
14554 23285
14556 23287
14557 23289
14558 23291
14559 23293
14561 23295
14562 23297
14563 23299
14564 23301
14566 23303
14567 23305
14568 23307
14569 23309
14571 23311
14572 23313
14573 23315
14574 23317
14576 23319
14577 23321
14578 23323
14579 23325
14581 23327
14582 23329
14583 23331
14584 23333
14586 23335
14587 23337
14588 23339
14589 23341
14591 23343
14592 23345
14593 23347
14594 23349
14596 23351
14597 23353
14598 23355
14599 23357
14601 23359
14602 23361
14603 23363
14604 23365
14606 23367
14607 23369
14608 23371
14609 23373
14611 23375
14612 23377
14613 23379
14614 23381
14616 23383
14617 23385
14618 23387
14619 23389
14621 23391
14622 23393
14623 23395
14624 23397
14626 23399
14627 23401
14628 23403
14629 23405
14631 23407
14632 23409
14633 23411
14634 23413
14636 23415
14637 23417
14638 23419
14639 23421
14641 23423
14642 23425
14643 23427
14644 23429
14646 23431
14647 23433
14648 23435
14649 23437
14651 23439
14652 23441
14653 23443
14654 23445
14656 23447
14657 23449
14658 23451
14659 23453
14661 23455
14662 23457
14663 23459
14664 23461
14666 23463
14667 23465
14668 23467
14669 23469
14671 23471
14672 23473
14673 23475
14674 23477
14676 23479
14677 23481
14678 23483
14679 23485
14681 23487
14682 23489
14683 23491
14684 23493
14686 23495
14687 23497
14688 23499
14689 23501
14691 23503
14692 23505
14693 23507
14694 23509
14696 23511
14697 23513
14698 23515
14699 23517
14701 23519
14702 23521
14703 23523
14704 23525
14706 23527
14707 23529
14708 23531
14709 23533
14711 23535
14712 23537
14713 23539
14714 23541
14716 23543
14717 23545
14718 23547
14719 23549
14721 23551
14722 23553
14723 23555
14724 23557
14726 23559
14727 23561
14728 23563
14729 23565
14731 23567
14732 23569
14733 23571
14734 23573
14736 23575
14737 23577
14738 23579
14739 23581
14741 23583
14742 23585
14743 23587
14744 23589
14746 23591
14747 23593
14748 23595
14749 23597
14751 23599
14752 23601
14753 23603
14754 23605
14756 23607
14757 23609
14758 23611
14759 23613
14761 23615
14762 23617
14763 23619
14764 23621
14766 23623
14767 23625
14768 23627
14769 23629
14771 23631
14772 23633
14773 23635
14774 23637
14776 23639
14777 23641
14778 23643
14779 23645
14781 23647
14782 23649
14783 23651
14784 23653
14786 23655
14787 23657
14788 23659
14789 23661
14791 23663
14792 23665
14793 23667
14794 23669
14796 23671
14797 23673
14798 23675
14799 23677
14801 23679
14802 23681
14803 23683
14804 23685
14806 23687
14807 23689
14808 23691
14809 23693
14811 23695
14812 23697
14813 23699
14814 23701
14816 23703
14817 23705
14818 23707
14819 23709
14821 23711
14822 23713
14823 23715
14824 23717
14826 23719
14827 23721
14828 23723
14829 23725
14831 23727
14832 23729
14833 23731
14834 23733
14836 23735
14837 23737
14838 23739
14839 23741
14841 23743
14842 23745
14843 23747
14844 23749
14846 23751
14847 23753
14848 23755
14849 23757
14851 23759
14852 23761
14853 23763
14854 23765
14856 23767
14857 23769
14858 23771
14859 23773
14861 23775
14862 23777
14863 23779
14864 23781
14866 23783
14867 23785
14868 23787
14869 23789
14871 23791
14872 23793
14873 23795
14874 23797
14876 23799
14877 23801
14878 23803
14879 23805
14881 23807
14882 23809
14883 23811
14884 23813
14886 23815
14887 23817
14888 23819
14889 23821
14891 23823
14892 23825
14893 23827
14894 23829
14896 23831
14897 23833
14898 23835
14899 23837
14901 23839
14902 23841
14903 23843
14904 23845
14906 23847
14907 23849
14908 23851
14909 23853
14911 23855
14912 23857
14913 23859
14914 23861
14916 23863
14917 23865
14918 23867
14919 23869
14921 23871
14922 23873
14923 23875
14924 23877
14926 23879
14927 23881
14928 23883
14929 23885
14931 23887
14932 23889
14933 23891
14934 23893
14936 23895
14937 23897
14938 23899
14939 23901
14941 23903
14942 23905
14943 23907
14944 23909
14946 23911
14947 23913
14948 23915
14949 23917
14951 23919
14952 23921
14953 23923
14954 23925
14956 23927
14957 23929
14958 23931
14959 23933
14961 23935
14962 23937
14963 23939
14964 23941
14966 23943
14967 23945
14968 23947
14969 23949
14971 23951
14972 23953
14973 23955
14974 23957
14976 23959
14977 23961
14978 23963
14979 23965
14981 23967
14982 23969
14983 23971
14984 23973
14986 23975
14987 23977
14988 23979
14989 23981
14991 23983
14992 23985
14993 23987
14994 23989
14996 23991
14997 23993
14998 23995
14999 23997
15001 23999
15002 24001
15003 24003
15004 24005
15006 24007
15007 24009
15008 24011
15009 24013
15011 24015
15012 24017
15013 24019
15014 24021
15016 24023
15017 24025
15018 24027
15019 24029
15021 24031
15022 24033
15023 24035
15024 24037
15026 24039
15027 24041
15028 24043
15029 24045
15031 24047
15032 24049
15033 24051
15034 24053
15036 24055
15037 24057
15038 24059
15039 24061
15041 24063
15042 24065
15043 24067
15044 24069
15046 24071
15047 24073
15048 24075
15049 24077
15051 24079
15052 24081
15053 24083
15054 24085
15056 24087
15057 24089
15058 24091
15059 24093
15061 24095
15062 24097
15063 24099
15064 24101
15066 24103
15067 24105
15068 24107
15069 24109
15071 24111
15072 24113
15073 24115
15074 24117
15076 24119
15077 24121
15078 24123
15079 24125
15081 24127
15082 24129
15083 24131
15084 24133
15086 24135
15087 24137
15088 24139
15089 24141
15091 24143
15092 24145
15093 24147
15094 24149
15096 24151
15097 24153
15098 24155
15099 24157
15101 24159
15102 24161
15103 24163
15104 24165
15106 24167
15107 24169
15108 24171
15109 24173
15111 24175
15112 24177
15113 24179
15114 24181
15116 24183
15117 24185
15118 24187
15119 24189
15121 24191
15122 24193
15123 24195
15124 24197
15126 24199
15127 24201
15128 24203
15129 24205
15131 24207
15132 24209
15133 24211
15134 24213
15136 24215
15137 24217
15138 24219
15139 24221
15141 24223
15142 24225
15143 24227
15144 24229
15146 24231
15147 24233
15148 24235
15149 24237
15151 24239
15152 24241
15153 24243
15154 24245
15156 24247
15157 24249
15158 24251
15159 24253
15161 24255
15162 24257
15163 24259
15164 24261
15166 24263
15167 24265
15168 24267
15169 24269
15171 24271
15172 24273
15173 24275
15174 24277
15176 24279
15177 24281
15178 24283
15179 24285
15181 24287
15182 24289
15183 24291
15184 24293
15186 24295
15187 24297
15188 24299
15189 24301
15191 24303
15192 24305
15193 24307
15194 24309
15196 24311
15197 24313
15198 24315
15199 24317
15201 24319
15202 24321
15203 24323
15204 24325
15206 24327
15207 24329
15208 24331
15209 24333
15211 24335
15212 24337
15213 24339
15214 24341
15216 24343
15217 24345
15218 24347
15219 24349
15221 24351
15222 24353
15223 24355
15224 24357
15226 24359
15227 24361
15228 24363
15229 24365
15231 24367
15232 24369
15233 24371
15234 24373
15236 24375
15237 24377
15238 24379
15239 24381
15241 24383
15242 24385
15243 24387
15244 24389
15246 24391
15247 24393
15248 24395
15249 24397
15251 24399
15252 24401
15253 24403
15254 24405
15256 24407
15257 24409
15258 24411
15259 24413
15261 24415
15262 24417
15263 24419
15264 24421
15266 24423
15267 24425
15268 24427
15269 24429
15271 24431
15272 24433
15273 24435
15274 24437
15276 24439
15277 24441
15278 24443
15279 24445
15281 24447
15282 24449
15283 24451
15284 24453
15286 24455
15287 24457
15288 24459
15289 24461
15291 24463
15292 24465
15293 24467
15294 24469
15296 24471
15297 24473
15298 24475
15299 24477
15301 24479
15302 24481
15303 24483
15304 24485
15306 24487
15307 24489
15308 24491
15309 24493
15311 24495
15312 24497
15313 24499
15314 24501
15316 24503
15317 24505
15318 24507
15319 24509
15321 24511
15322 24513
15323 24515
15324 24517
15326 24519
15327 24521
15328 24523
15329 24525
15331 24527
15332 24529
15333 24531
15334 24533
15336 24535
15337 24537
15338 24539
15339 24541
15341 24543
15342 24545
15343 24547
15344 24549
15346 24551
15347 24553
15348 24555
15349 24557
15351 24559
15352 24561
15353 24563
15354 24565
15356 24567
15357 24569
15358 24571
15359 24573
15361 24575
15362 24577
15363 24579
15364 24581
15366 24583
15367 24585
15368 24587
15369 24589
15371 24591
15372 24593
15373 24595
15374 24597
15376 24599
15377 24601
15378 24603
15379 24605
15381 24607
15382 24609
15383 24611
15384 24613
15386 24615
15387 24617
15388 24619
15389 24621
15391 24623
15392 24625
15393 24627
15394 24629
15396 24631
15397 24633
15398 24635
15399 24637
15401 24639
15402 24641
15403 24643
15404 24645
15406 24647
15407 24649
15408 24651
15409 24653
15411 24655
15412 24657
15413 24659
15414 24661
15416 24663
15417 24665
15418 24667
15419 24669
15421 24671
15422 24673
15423 24675
15424 24677
15426 24679
15427 24681
15428 24683
15429 24685
15431 24687
15432 24689
15433 24691
15434 24693
15436 24695
15437 24697
15438 24699
15439 24701
15441 24703
15442 24705
15443 24707
15444 24709
15446 24711
15447 24713
15448 24715
15449 24717
15451 24719
15452 24721
15453 24723
15454 24725
15456 24727
15457 24729
15458 24731
15459 24733
15461 24735
15462 24737
15463 24739
15464 24741
15466 24743
15467 24745
15468 24747
15469 24749
15471 24751
15472 24753
15473 24755
15474 24757
15476 24759
15477 24761
15478 24763
15479 24765
15481 24767
15482 24769
15483 24771
15484 24773
15486 24775
15487 24777
15488 24779
15489 24781
15491 24783
15492 24785
15493 24787
15494 24789
15496 24791
15497 24793
15498 24795
15499 24797
15501 24799
15502 24801
15503 24803
15504 24805
15506 24807
15507 24809
15508 24811
15509 24813
15511 24815
15512 24817
15513 24819
15514 24821
15516 24823
15517 24825
15518 24827
15519 24829
15521 24831
15522 24833
15523 24835
15524 24837
15526 24839
15527 24841
15528 24843
15529 24845
15531 24847
15532 24849
15533 24851
15534 24853
15536 24855
15537 24857
15538 24859
15539 24861
15541 24863
15542 24865
15543 24867
15544 24869
15546 24871
15547 24873
15548 24875
15549 24877
15551 24879
15552 24881
15553 24883
15554 24885
15556 24887
15557 24889
15558 24891
15559 24893
15561 24895
15562 24897
15563 24899
15564 24901
15566 24903
15567 24905
15568 24907
15569 24909
15571 24911
15572 24913
15573 24915
15574 24917
15576 24919
15577 24921
15578 24923
15579 24925
15581 24927
15582 24929
15583 24931
15584 24933
15586 24935
15587 24937
15588 24939
15589 24941
15591 24943
15592 24945
15593 24947
15594 24949
15596 24951
15597 24953
15598 24955
15599 24957
15601 24959
15602 24961
15603 24963
15604 24965
15606 24967
15607 24969
15608 24971
15609 24973
15611 24975
15612 24977
15613 24979
15614 24981
15616 24983
15617 24985
15618 24987
15619 24989
15621 24991
15622 24993
15623 24995
15624 24997
15626 24999
15627 25001
15628 25003
15629 25005
15631 25007
15632 25009
15633 25011
15634 25013
15636 25015
15637 25017
15638 25019
15639 25021
15641 25023
15642 25025
15643 25027
15644 25029
15646 25031
15647 25033
15648 25035
15649 25037
15651 25039
15652 25041
15653 25043
15654 25045
15656 25047
15657 25049
15658 25051
15659 25053
15661 25055
15662 25057
15663 25059
15664 25061
15666 25063
15667 25065
15668 25067
15669 25069
15671 25071
15672 25073
15673 25075
15674 25077
15676 25079
15677 25081
15678 25083
15679 25085
15681 25087
15682 25089
15683 25091
15684 25093
15686 25095
15687 25097
15688 25099
15689 25101
15691 25103
15692 25105
15693 25107
15694 25109
15696 25111
15697 25113
15698 25115
15699 25117
15701 25119
15702 25121
15703 25123
15704 25125
15706 25127
15707 25129
15708 25131
15709 25133
15711 25135
15712 25137
15713 25139
15714 25141
15716 25143
15717 25145
15718 25147
15719 25149
15721 25151
15722 25153
15723 25155
15724 25157
15726 25159
15727 25161
15728 25163
15729 25165
15731 25167
15732 25169
15733 25171
15734 25173
15736 25175
15737 25177
15738 25179
15739 25181
15741 25183
15742 25185
15743 25187
15744 25189
15746 25191
15747 25193
15748 25195
15749 25197
15751 25199
15752 25201
15753 25203
15754 25205
15756 25207
15757 25209
15758 25211
15759 25213
15761 25215
15762 25217
15763 25219
15764 25221
15766 25223
15767 25225
15768 25227
15769 25229
15771 25231
15772 25233
15773 25235
15774 25237
15776 25239
15777 25241
15778 25243
15779 25245
15781 25247
15782 25249
15783 25251
15784 25253
15786 25255
15787 25257
15788 25259
15789 25261
15791 25263
15792 25265
15793 25267
15794 25269
15796 25271
15797 25273
15798 25275
15799 25277
15801 25279
15802 25281
15803 25283
15804 25285
15806 25287
15807 25289
15808 25291
15809 25293
15811 25295
15812 25297
15813 25299
15814 25301
15816 25303
15817 25305
15818 25307
15819 25309
15821 25311
15822 25313
15823 25315
15824 25317
15826 25319
15827 25321
15828 25323
15829 25325
15831 25327
15832 25329
15833 25331
15834 25333
15836 25335
15837 25337
15838 25339
15839 25341
15841 25343
15842 25345
15843 25347
15844 25349
15846 25351
15847 25353
15848 25355
15849 25357
15851 25359
15852 25361
15853 25363
15854 25365
15856 25367
15857 25369
15858 25371
15859 25373
15861 25375
15862 25377
15863 25379
15864 25381
15866 25383
15867 25385
15868 25387
15869 25389
15871 25391
15872 25393
15873 25395
15874 25397
15876 25399
15877 25401
15878 25403
15879 25405
15881 25407
15882 25409
15883 25411
15884 25413
15886 25415
15887 25417
15888 25419
15889 25421
15891 25423
15892 25425
15893 25427
15894 25429
15896 25431
15897 25433
15898 25435
15899 25437
15901 25439
15902 25441
15903 25443
15904 25445
15906 25447
15907 25449
15908 25451
15909 25453
15911 25455
15912 25457
15913 25459
15914 25461
15916 25463
15917 25465
15918 25467
15919 25469
15921 25471
15922 25473
15923 25475
15924 25477
15926 25479
15927 25481
15928 25483
15929 25485
15931 25487
15932 25489
15933 25491
15934 25493
15936 25495
15937 25497
15938 25499
15939 25501
15941 25503
15942 25505
15943 25507
15944 25509
15946 25511
15947 25513
15948 25515
15949 25517
15951 25519
15952 25521
15953 25523
15954 25525
15956 25527
15957 25529
15958 25531
15959 25533
15961 25535
15962 25537
15963 25539
15964 25541
15966 25543
15967 25545
15968 25547
15969 25549
15971 25551
15972 25553
15973 25555
15974 25557
15976 25559
15977 25561
15978 25563
15979 25565
15981 25567
15982 25569
15983 25571
15984 25573
15986 25575
15987 25577
15988 25579
15989 25581
15991 25583
15992 25585
15993 25587
15994 25589
15996 25591
15997 25593
15998 25595
15999 25597
16001 25599
16002 25601
16003 25603
16004 25605
16006 25607
16007 25609
16008 25611
16009 25613
16011 25615
16012 25617
16013 25619
16014 25621
16016 25623
16017 25625
16018 25627
16019 25629
16021 25631
16022 25633
16023 25635
16024 25637
16026 25639
16027 25641
16028 25643
16029 25645
16031 25647
16032 25649
16033 25651
16034 25653
16036 25655
16037 25657
16038 25659
16039 25661
16041 25663
16042 25665
16043 25667
16044 25669
16046 25671
16047 25673
16048 25675
16049 25677
16051 25679
16052 25681
16053 25683
16054 25685
16056 25687
16057 25689
16058 25691
16059 25693
16061 25695
16062 25697
16063 25699
16064 25701
16066 25703
16067 25705
16068 25707
16069 25709
16071 25711
16072 25713
16073 25715
16074 25717
16076 25719
16077 25721
16078 25723
16079 25725
16081 25727
16082 25729
16083 25731
16084 25733
16086 25735
16087 25737
16088 25739
16089 25741
16091 25743
16092 25745
16093 25747
16094 25749
16096 25751
16097 25753
16098 25755
16099 25757
16101 25759
16102 25761
16103 25763
16104 25765
16106 25767
16107 25769
16108 25771
16109 25773
16111 25775
16112 25777
16113 25779
16114 25781
16116 25783
16117 25785
16118 25787
16119 25789
16121 25791
16122 25793
16123 25795
16124 25797
16126 25799
16127 25801
16128 25803
16129 25805
16131 25807
16132 25809
16133 25811
16134 25813
16136 25815
16137 25817
16138 25819
16139 25821
16141 25823
16142 25825
16143 25827
16144 25829
16146 25831
16147 25833
16148 25835
16149 25837
16151 25839
16152 25841
16153 25843
16154 25845
16156 25847
16157 25849
16158 25851
16159 25853
16161 25855
16162 25857
16163 25859
16164 25861
16166 25863
16167 25865
16168 25867
16169 25869
16171 25871
16172 25873
16173 25875
16174 25877
16176 25879
16177 25881
16178 25883
16179 25885
16181 25887
16182 25889
16183 25891
16184 25893
16186 25895
16187 25897
16188 25899
16189 25901
16191 25903
16192 25905
16193 25907
16194 25909
16196 25911
16197 25913
16198 25915
16199 25917
16201 25919
16202 25921
16203 25923
16204 25925
16206 25927
16207 25929
16208 25931
16209 25933
16211 25935
16212 25937
16213 25939
16214 25941
16216 25943
16217 25945
16218 25947
16219 25949
16221 25951
16222 25953
16223 25955
16224 25957
16226 25959
16227 25961
16228 25963
16229 25965
16231 25967
16232 25969
16233 25971
16234 25973
16236 25975
16237 25977
16238 25979
16239 25981
16241 25983
16242 25985
16243 25987
16244 25989
16246 25991
16247 25993
16248 25995
16249 25997
16251 25999
16252 26001
16253 26003
16254 26005
16256 26007
16257 26009
16258 26011
16259 26013
16261 26015
16262 26017
16263 26019
16264 26021
16266 26023
16267 26025
16268 26027
16269 26029
16271 26031
16272 26033
16273 26035
16274 26037
16276 26039
16277 26041
16278 26043
16279 26045
16281 26047
16282 26049
16283 26051
16284 26053
16286 26055
16287 26057
16288 26059
16289 26061
16291 26063
16292 26065
16293 26067
16294 26069
16296 26071
16297 26073
16298 26075
16299 26077
16301 26079
16302 26081
16303 26083
16304 26085
16306 26087
16307 26089
16308 26091
16309 26093
16311 26095
16312 26097
16313 26099
16314 26101
16316 26103
16317 26105
16318 26107
16319 26109
16321 26111
16322 26113
16323 26115
16324 26117
16326 26119
16327 26121
16328 26123
16329 26125
16331 26127
16332 26129
16333 26131
16334 26133
16336 26135
16337 26137
16338 26139
16339 26141
16341 26143
16342 26145
16343 26147
16344 26149
16346 26151
16347 26153
16348 26155
16349 26157
16351 26159
16352 26161
16353 26163
16354 26165
16356 26167
16357 26169
16358 26171
16359 26173
16361 26175
16362 26177
16363 26179
16364 26181
16366 26183
16367 26185
16368 26187
16369 26189
16371 26191
16372 26193
16373 26195
16374 26197
16376 26199
16377 26201
16378 26203
16379 26205
16381 26207
16382 26209
16383 26211
16384 26213
16386 26215
16387 26217
16388 26219
16389 26221
16391 26223
16392 26225
16393 26227
16394 26229
16396 26231
16397 26233
16398 26235
16399 26237
16401 26239
16402 26241
16403 26243
16404 26245
16406 26247
16407 26249
16408 26251
16409 26253
16411 26255
16412 26257
16413 26259
16414 26261
16416 26263
16417 26265
16418 26267
16419 26269
16421 26271
16422 26273
16423 26275
16424 26277
16426 26279
16427 26281
16428 26283
16429 26285
16431 26287
16432 26289
16433 26291
16434 26293
16436 26295
16437 26297
16438 26299
16439 26301
16441 26303
16442 26305
16443 26307
16444 26309
16446 26311
16447 26313
16448 26315
16449 26317
16451 26319
16452 26321
16453 26323
16454 26325
16456 26327
16457 26329
16458 26331
16459 26333
16461 26335
16462 26337
16463 26339
16464 26341
16466 26343
16467 26345
16468 26347
16469 26349
16471 26351
16472 26353
16473 26355
16474 26357
16476 26359
16477 26361
16478 26363
16479 26365
16481 26367
16482 26369
16483 26371
16484 26373
16486 26375
16487 26377
16488 26379
16489 26381
16491 26383
16492 26385
16493 26387
16494 26389
16496 26391
16497 26393
16498 26395
16499 26397
16501 26399
16502 26401
16503 26403
16504 26405
16506 26407
16507 26409
16508 26411
16509 26413
16511 26415
16512 26417
16513 26419
16514 26421
16516 26423
16517 26425
16518 26427
16519 26429
16521 26431
16522 26433
16523 26435
16524 26437
16526 26439
16527 26441
16528 26443
16529 26445
16531 26447
16532 26449
16533 26451
16534 26453
16536 26455
16537 26457
16538 26459
16539 26461
16541 26463
16542 26465
16543 26467
16544 26469
16546 26471
16547 26473
16548 26475
16549 26477
16551 26479
16552 26481
16553 26483
16554 26485
16556 26487
16557 26489
16558 26491
16559 26493
16561 26495
16562 26497
16563 26499
16564 26501
16566 26503
16567 26505
16568 26507
16569 26509
16571 26511
16572 26513
16573 26515
16574 26517
16576 26519
16577 26521
16578 26523
16579 26525
16581 26527
16582 26529
16583 26531
16584 26533
16586 26535
16587 26537
16588 26539
16589 26541
16591 26543
16592 26545
16593 26547
16594 26549
16596 26551
16597 26553
16598 26555
16599 26557
16601 26559
16602 26561
16603 26563
16604 26565
16606 26567
16607 26569
16608 26571
16609 26573
16611 26575
16612 26577
16613 26579
16614 26581
16616 26583
16617 26585
16618 26587
16619 26589
16621 26591
16622 26593
16623 26595
16624 26597
16626 26599
16627 26601
16628 26603
16629 26605
16631 26607
16632 26609
16633 26611
16634 26613
16636 26615
16637 26617
16638 26619
16639 26621
16641 26623
16642 26625
16643 26627
16644 26629
16646 26631
16647 26633
16648 26635
16649 26637
16651 26639
16652 26641
16653 26643
16654 26645
16656 26647
16657 26649
16658 26651
16659 26653
16661 26655
16662 26657
16663 26659
16664 26661
16666 26663
16667 26665
16668 26667
16669 26669
16671 26671
16672 26673
16673 26675
16674 26677
16676 26679
16677 26681
16678 26683
16679 26685
16681 26687
16682 26689
16683 26691
16684 26693
16686 26695
16687 26697
16688 26699
16689 26701
16691 26703
16692 26705
16693 26707
16694 26709
16696 26711
16697 26713
16698 26715
16699 26717
16701 26719
16702 26721
16703 26723
16704 26725
16706 26727
16707 26729
16708 26731
16709 26733
16711 26735
16712 26737
16713 26739
16714 26741
16716 26743
16717 26745
16718 26747
16719 26749
16721 26751
16722 26753
16723 26755
16724 26757
16726 26759
16727 26761
16728 26763
16729 26765
16731 26767
16732 26769
16733 26771
16734 26773
16736 26775
16737 26777
16738 26779
16739 26781
16741 26783
16742 26785
16743 26787
16744 26789
16746 26791
16747 26793
16748 26795
16749 26797
16751 26799
16752 26801
16753 26803
16754 26805
16756 26807
16757 26809
16758 26811
16759 26813
16761 26815
16762 26817
16763 26819
16764 26821
16766 26823
16767 26825
16768 26827
16769 26829
16771 26831
16772 26833
16773 26835
16774 26837
16776 26839
16777 26841
16778 26843
16779 26845
16781 26847
16782 26849
16783 26851
16784 26853
16786 26855
16787 26857
16788 26859
16789 26861
16791 26863
16792 26865
16793 26867
16794 26869
16796 26871
16797 26873
16798 26875
16799 26877
16801 26879
16802 26881
16803 26883
16804 26885
16806 26887
16807 26889
16808 26891
16809 26893
16811 26895
16812 26897
16813 26899
16814 26901
16816 26903
16817 26905
16818 26907
16819 26909
16821 26911
16822 26913
16823 26915
16824 26917
16826 26919
16827 26921
16828 26923
16829 26925
16831 26927
16832 26929
16833 26931
16834 26933
16836 26935
16837 26937
16838 26939
16839 26941
16841 26943
16842 26945
16843 26947
16844 26949
16846 26951
16847 26953
16848 26955
16849 26957
16851 26959
16852 26961
16853 26963
16854 26965
16856 26967
16857 26969
16858 26971
16859 26973
16861 26975
16862 26977
16863 26979
16864 26981
16866 26983
16867 26985
16868 26987
16869 26989
16871 26991
16872 26993
16873 26995
16874 26997
16876 26999
16877 27001
16878 27003
16879 27005
16881 27007
16882 27009
16883 27011
16884 27013
16886 27015
16887 27017
16888 27019
16889 27021
16891 27023
16892 27025
16893 27027
16894 27029
16896 27031
16897 27033
16898 27035
16899 27037
16901 27039
16902 27041
16903 27043
16904 27045
16906 27047
16907 27049
16908 27051
16909 27053
16911 27055
16912 27057
16913 27059
16914 27061
16916 27063
16917 27065
16918 27067
16919 27069
16921 27071
16922 27073
16923 27075
16924 27077
16926 27079
16927 27081
16928 27083
16929 27085
16931 27087
16932 27089
16933 27091
16934 27093
16936 27095
16937 27097
16938 27099
16939 27101
16941 27103
16942 27105
16943 27107
16944 27109
16946 27111
16947 27113
16948 27115
16949 27117
16951 27119
16952 27121
16953 27123
16954 27125
16956 27127
16957 27129
16958 27131
16959 27133
16961 27135
16962 27137
16963 27139
16964 27141
16966 27143
16967 27145
16968 27147
16969 27149
16971 27151
16972 27153
16973 27155
16974 27157
16976 27159
16977 27161
16978 27163
16979 27165
16981 27167
16982 27169
16983 27171
16984 27173
16986 27175
16987 27177
16988 27179
16989 27181
16991 27183
16992 27185
16993 27187
16994 27189
16996 27191
16997 27193
16998 27195
16999 27197
17001 27199
17002 27201
17003 27203
17004 27205
17006 27207
17007 27209
17008 27211
17009 27213
17011 27215
17012 27217
17013 27219
17014 27221
17016 27223
17017 27225
17018 27227
17019 27229
17021 27231
17022 27233
17023 27235
17024 27237
17026 27239
17027 27241
17028 27243
17029 27245
17031 27247
17032 27249
17033 27251
17034 27253
17036 27255
17037 27257
17038 27259
17039 27261
17041 27263
17042 27265
17043 27267
17044 27269
17046 27271
17047 27273
17048 27275
17049 27277
17051 27279
17052 27281
17053 27283
17054 27285
17056 27287
17057 27289
17058 27291
17059 27293
17061 27295
17062 27297
17063 27299
17064 27301
17066 27303
17067 27305
17068 27307
17069 27309
17071 27311
17072 27313
17073 27315
17074 27317
17076 27319
17077 27321
17078 27323
17079 27325
17081 27327
17082 27329
17083 27331
17084 27333
17086 27335
17087 27337
17088 27339
17089 27341
17091 27343
17092 27345
17093 27347
17094 27349
17096 27351
17097 27353
17098 27355
17099 27357
17101 27359
17102 27361
17103 27363
17104 27365
17106 27367
17107 27369
17108 27371
17109 27373
17111 27375
17112 27377
17113 27379
17114 27381
17116 27383
17117 27385
17118 27387
17119 27389
17121 27391
17122 27393
17123 27395
17124 27397
17126 27399
17127 27401
17128 27403
17129 27405
17131 27407
17132 27409
17133 27411
17134 27413
17136 27415
17137 27417
17138 27419
17139 27421
17141 27423
17142 27425
17143 27427
17144 27429
17146 27431
17147 27433
17148 27435
17149 27437
17151 27439
17152 27441
17153 27443
17154 27445
17156 27447
17157 27449
17158 27451
17159 27453
17161 27455
17162 27457
17163 27459
17164 27461
17166 27463
17167 27465
17168 27467
17169 27469
17171 27471
17172 27473
17173 27475
17174 27477
17176 27479
17177 27481
17178 27483
17179 27485
17181 27487
17182 27489
17183 27491
17184 27493
17186 27495
17187 27497
17188 27499
17189 27501
17191 27503
17192 27505
17193 27507
17194 27509
17196 27511
17197 27513
17198 27515
17199 27517
17201 27519
17202 27521
17203 27523
17204 27525
17206 27527
17207 27529
17208 27531
17209 27533
17211 27535
17212 27537
17213 27539
17214 27541
17216 27543
17217 27545
17218 27547
17219 27549
17221 27551
17222 27553
17223 27555
17224 27557
17226 27559
17227 27561
17228 27563
17229 27565
17231 27567
17232 27569
17233 27571
17234 27573
17236 27575
17237 27577
17238 27579
17239 27581
17241 27583
17242 27585
17243 27587
17244 27589
17246 27591
17247 27593
17248 27595
17249 27597
17251 27599
17252 27601
17253 27603
17254 27605
17256 27607
17257 27609
17258 27611
17259 27613
17261 27615
17262 27617
17263 27619
17264 27621
17266 27623
17267 27625
17268 27627
17269 27629
17271 27631
17272 27633
17273 27635
17274 27637
17276 27639
17277 27641
17278 27643
17279 27645
17281 27647
17282 27649
17283 27651
17284 27653
17286 27655
17287 27657
17288 27659
17289 27661
17291 27663
17292 27665
17293 27667
17294 27669
17296 27671
17297 27673
17298 27675
17299 27677
17301 27679
17302 27681
17303 27683
17304 27685
17306 27687
17307 27689
17308 27691
17309 27693
17311 27695
17312 27697
17313 27699
17314 27701
17316 27703
17317 27705
17318 27707
17319 27709
17321 27711
17322 27713
17323 27715
17324 27717
17326 27719
17327 27721
17328 27723
17329 27725
17331 27727
17332 27729
17333 27731
17334 27733
17336 27735
17337 27737
17338 27739
17339 27741
17341 27743
17342 27745
17343 27747
17344 27749
17346 27751
17347 27753
17348 27755
17349 27757
17351 27759
17352 27761
17353 27763
17354 27765
17356 27767
17357 27769
17358 27771
17359 27773
17361 27775
17362 27777
17363 27779
17364 27781
17366 27783
17367 27785
17368 27787
17369 27789
17371 27791
17372 27793
17373 27795
17374 27797
17376 27799
17377 27801
17378 27803
17379 27805
17381 27807
17382 27809
17383 27811
17384 27813
17386 27815
17387 27817
17388 27819
17389 27821
17391 27823
17392 27825
17393 27827
17394 27829
17396 27831
17397 27833
17398 27835
17399 27837
17401 27839
17402 27841
17403 27843
17404 27845
17406 27847
17407 27849
17408 27851
17409 27853
17411 27855
17412 27857
17413 27859
17414 27861
17416 27863
17417 27865
17418 27867
17419 27869
17421 27871
17422 27873
17423 27875
17424 27877
17427 27879
17428 27881
17429 27883
17431 27885
17432 27887
17433 27889
17434 27891
17436 27893
17437 27895
17438 27897
17439 27899
17441 27901
17442 27903
17443 27905
17444 27907
17446 27909
17447 27911
17448 27913
17449 27915
17451 27917
17452 27919
17453 27921
17454 27923
17456 27925
17457 27927
17458 27929
17459 27931
17461 27933
17462 27935
17463 27937
17464 27939
17466 27941
17467 27943
17468 27945
17469 27947
17471 27949
17472 27951
17473 27953
17474 27955
17476 27957
17477 27959
17478 27961
17479 27963
17481 27965
17482 27967
17483 27969
17484 27971
17486 27973
17487 27975
17488 27977
17489 27979
17491 27981
17492 27983
17493 27985
17494 27987
17496 27989
17497 27991
17498 27993
17499 27995
17501 27997
17502 27999
17503 28001
17504 28003
17506 28005
17507 28007
17508 28009
17509 28011
17511 28013
17512 28015
17513 28017
17514 28019
17516 28021
17517 28023
17518 28025
17519 28027
17521 28029
17522 28031
17523 28033
17524 28035
17526 28037
17527 28039
17528 28041
17529 28043
17531 28045
17532 28047
17533 28049
17534 28051
17536 28053
17537 28055
17538 28057
17539 28059
17541 28061
17542 28063
17543 28065
17544 28067
17546 28069
17547 28071
17548 28073
17549 28075
17551 28077
17552 28079
17553 28081
17554 28083
17556 28085
17557 28087
17558 28089
17559 28091
17561 28093
17562 28095
17563 28097
17564 28099
17566 28101
17567 28103
17568 28105
17569 28107
17571 28109
17572 28111
17573 28113
17574 28115
17576 28117
17577 28119
17578 28121
17579 28123
17581 28125
17582 28127
17583 28129
17584 28131
17586 28133
17587 28135
17588 28137
17589 28139
17591 28141
17592 28143
17593 28145
17594 28147
17596 28149
17597 28151
17598 28153
17599 28155
17601 28157
17602 28159
17603 28161
17604 28163
17606 28165
17607 28167
17608 28169
17609 28171
17611 28173
17612 28175
17613 28177
17614 28179
17616 28181
17617 28183
17618 28185
17619 28187
17621 28189
17622 28191
17623 28193
17624 28195
17626 28197
17627 28199
17628 28201
17629 28203
17631 28205
17632 28207
17633 28209
17634 28211
17636 28213
17637 28215
17638 28217
17639 28219
17641 28221
17642 28223
17643 28225
17644 28227
17646 28229
17647 28231
17648 28233
17649 28235
17651 28237
17652 28239
17653 28241
17654 28243
17656 28245
17657 28247
17658 28249
17659 28251
17661 28253
17662 28255
17663 28257
17664 28259
17666 28261
17667 28263
17668 28265
17669 28267
17671 28269
17672 28271
17673 28273
17674 28275
17676 28277
17677 28279
17678 28281
17679 28283
17681 28285
17682 28287
17683 28289
17684 28291
17686 28293
17687 28295
17688 28297
17689 28299
17691 28301
17692 28303
17693 28305
17694 28307
17696 28309
17697 28311
17698 28313
17699 28315
17701 28317
17702 28319
17703 28321
17704 28323
17706 28325
17707 28327
17708 28329
17709 28331
17711 28333
17712 28335
17713 28337
17714 28339
17716 28341
17717 28343
17718 28345
17719 28347
17721 28349
17722 28351
17723 28353
17724 28355
17726 28357
17727 28359
17728 28361
17729 28363
17731 28365
17732 28367
17733 28369
17734 28371
17736 28373
17737 28375
17738 28377
17739 28379
17741 28381
17742 28383
17743 28385
17744 28387
17746 28389
17747 28391
17748 28393
17749 28395
17751 28397
17752 28399
17753 28401
17754 28403
17756 28405
17757 28407
17758 28409
17759 28411
17761 28413
17762 28415
17763 28417
17764 28419
17766 28421
17767 28423
17768 28425
17769 28427
17771 28429
17772 28431
17773 28433
17774 28435
17776 28437
17777 28439
17778 28441
17779 28443
17781 28445
17782 28447
17783 28449
17784 28451
17786 28453
17787 28455
17788 28457
17789 28459
17791 28461
17792 28463
17793 28465
17794 28467
17796 28469
17797 28471
17798 28473
17799 28475
17801 28477
17802 28479
17803 28481
17804 28483
17806 28485
17807 28487
17808 28489
17809 28491
17811 28493
17812 28495
17813 28497
17814 28499
17816 28501
17817 28503
17818 28505
17819 28507
17821 28509
17822 28511
17823 28513
17824 28515
17826 28517
17827 28519
17828 28521
17829 28523
17831 28525
17832 28527
17833 28529
17834 28531
17836 28533
17837 28535
17838 28537
17839 28539
17841 28541
17842 28543
17843 28545
17844 28547
17846 28549
17847 28551
17848 28553
17849 28555
17851 28557
17852 28559
17853 28561
17854 28563
17856 28565
17857 28567
17858 28569
17859 28571
17861 28573
17862 28575
17863 28577
17864 28579
17866 28581
17867 28583
17868 28585
17869 28587
17871 28589
17872 28591
17873 28593
17874 28595
17876 28597
17877 28599
17878 28601
17879 28603
17881 28605
17882 28607
17883 28609
17884 28611
17886 28613
17887 28615
17888 28617
17889 28619
17891 28621
17892 28623
17893 28625
17894 28627
17896 28629
17897 28631
17898 28633
17899 28635
17901 28637
17902 28639
17903 28641
17904 28643
17906 28645
17907 28647
17908 28649
17909 28651
17911 28653
17912 28655
17913 28657
17914 28659
17916 28661
17917 28663
17918 28665
17919 28667
17921 28669
17922 28671
17923 28673
17924 28675
17926 28677
17927 28679
17928 28681
17929 28683
17931 28685
17932 28687
17933 28689
17934 28691
17936 28693
17937 28695
17938 28697
17939 28699
17941 28701
17942 28703
17943 28705
17944 28707
17946 28709
17947 28711
17948 28713
17949 28715
17951 28717
17952 28719
17953 28721
17954 28723
17956 28725
17957 28727
17958 28729
17959 28731
17961 28733
17962 28735
17963 28737
17964 28739
17966 28741
17967 28743
17968 28745
17969 28747
17971 28749
17972 28751
17973 28753
17974 28755
17976 28757
17977 28759
17978 28761
17979 28763
17981 28765
17982 28767
17983 28769
17984 28771
17986 28773
17987 28775
17988 28777
17989 28779
17991 28781
17992 28783
17993 28785
17994 28787
17996 28789
17997 28791
17998 28793
17999 28795
18001 28797
18002 28799
18003 28801
18004 28803
18006 28805
18007 28807
18008 28809
18009 28811
18011 28813
18012 28815
18013 28817
18014 28819
18016 28821
18017 28823
18018 28825
18019 28827
18021 28829
18022 28831
18023 28833
18024 28835
18026 28837
18027 28839
18028 28841
18029 28843
18031 28845
18032 28847
18033 28849
18034 28851
18036 28853
18037 28855
18038 28857
18039 28859
18041 28861
18042 28863
18043 28865
18044 28867
18046 28869
18047 28871
18048 28873
18049 28875
18051 28877
18052 28879
18053 28881
18054 28883
18056 28885
18057 28887
18058 28889
18059 28891
18061 28893
18062 28895
18063 28897
18064 28899
18066 28901
18067 28903
18068 28905
18069 28907
18071 28909
18072 28911
18073 28913
18074 28915
18076 28917
18077 28919
18078 28921
18079 28923
18081 28925
18082 28927
18083 28929
18084 28931
18086 28933
18087 28935
18088 28937
18089 28939
18091 28941
18092 28943
18093 28945
18094 28947
18096 28949
18097 28951
18098 28953
18099 28955
18101 28957
18102 28959
18103 28961
18104 28963
18106 28965
18107 28967
18108 28969
18109 28971
18111 28973
18112 28975
18113 28977
18114 28979
18116 28981
18117 28983
18118 28985
18119 28987
18121 28989
18122 28991
18123 28993
18124 28995
18126 28997
18127 28999
18128 29001
18129 29003
18131 29005
18132 29007
18133 29009
18134 29011
18136 29013
18137 29015
18138 29017
18139 29019
18141 29021
18142 29023
18143 29025
18144 29027
18146 29029
18147 29031
18148 29033
18149 29035
18151 29037
18152 29039
18153 29041
18154 29043
18156 29045
18157 29047
18158 29049
18159 29051
18161 29053
18162 29055
18163 29057
18164 29059
18166 29061
18167 29063
18168 29065
18169 29067
18171 29069
18172 29071
18173 29073
18174 29075
18176 29077
18177 29079
18178 29081
18179 29083
18181 29085
18182 29087
18183 29089
18184 29091
18186 29093
18187 29095
18188 29097
18189 29099
18191 29101
18192 29103
18193 29105
18194 29107
18196 29109
18197 29111
18198 29113
18199 29115
18201 29117
18202 29119
18203 29121
18204 29123
18206 29125
18207 29127
18208 29129
18209 29131
18211 29133
18212 29135
18213 29137
18214 29139
18216 29141
18217 29143
18218 29145
18219 29147
18221 29149
18222 29151
18223 29153
18224 29155
18226 29157
18227 29159
18228 29161
18229 29163
18231 29165
18232 29167
18233 29169
18234 29171
18236 29173
18237 29175
18238 29177
18239 29179
18241 29181
18242 29183
18243 29185
18244 29187
18246 29189
18247 29191
18248 29193
18249 29195
18251 29197
18252 29199
18253 29201
18254 29203
18256 29205
18257 29207
18258 29209
18259 29211
18261 29213
18262 29215
18263 29217
18264 29219
18266 29221
18267 29223
18268 29225
18269 29227
18271 29229
18272 29231
18273 29233
18274 29235
18276 29237
18277 29239
18278 29241
18279 29243
18281 29245
18282 29247
18283 29249
18284 29251
18286 29253
18287 29255
18288 29257
18289 29259
18291 29261
18292 29263
18293 29265
18294 29267
18296 29269
18297 29271
18298 29273
18299 29275
18301 29277
18302 29279
18303 29281
18304 29283
18306 29285
18307 29287
18308 29289
18309 29291
18311 29293
18312 29295
18313 29297
18314 29299
18316 29301
18317 29303
18318 29305
18319 29307
18321 29309
18322 29311
18323 29313
18324 29315
18326 29317
18327 29319
18328 29321
18329 29323
18331 29325
18332 29327
18333 29329
18334 29331
18336 29333
18337 29335
18338 29337
18339 29339
18341 29341
18342 29343
18343 29345
18344 29347
18346 29349
18347 29351
18348 29353
18349 29355
18351 29357
18352 29359
18353 29361
18354 29363
18356 29365
18357 29367
18358 29369
18359 29371
18361 29373
18362 29375
18363 29377
18364 29379
18366 29381
18367 29383
18368 29385
18369 29387
18371 29389
18372 29391
18373 29393
18374 29395
18376 29397
18377 29399
18378 29401
18379 29403
18381 29405
18382 29407
18383 29409
18384 29411
18386 29413
18387 29415
18388 29417
18389 29419
18391 29421
18392 29423
18393 29425
18394 29427
18396 29429
18397 29431
18398 29433
18399 29435
18401 29437
18402 29439
18403 29441
18404 29443
18406 29445
18407 29447
18408 29449
18409 29451
18411 29453
18412 29455
18413 29457
18414 29459
18416 29461
18417 29463
18418 29465
18419 29467
18421 29469
18422 29471
18423 29473
18424 29475
18426 29477
18427 29479
18428 29481
18429 29483
18431 29485
18432 29487
18433 29489
18434 29491
18436 29493
18437 29495
18438 29497
18439 29499
18441 29501
18442 29503
18443 29505
18444 29507
18446 29509
18447 29511
18448 29513
18449 29515
18451 29517
18452 29519
18453 29521
18454 29523
18456 29525
18457 29527
18458 29529
18459 29531
18461 29533
18462 29535
18463 29537
18464 29539
18466 29541
18467 29543
18468 29545
18469 29547
18471 29549
18472 29551
18473 29553
18474 29555
18476 29557
18477 29559
18478 29561
18479 29563
18481 29565
18482 29567
18483 29569
18484 29571
18486 29573
18487 29575
18488 29577
18489 29579
18491 29581
18492 29583
18493 29585
18494 29587
18496 29589
18497 29591
18498 29593
18499 29595
18501 29597
18502 29599
18503 29601
18504 29603
18506 29605
18507 29607
18508 29609
18509 29611
18511 29613
18512 29615
18513 29617
18514 29619
18516 29621
18517 29623
18518 29625
18519 29627
18521 29629
18522 29631
18523 29633
18524 29635
18526 29637
18527 29639
18528 29641
18529 29643
18531 29645
18532 29647
18533 29649
18534 29651
18536 29653
18537 29655
18538 29657
18539 29659
18541 29661
18542 29663
18543 29665
18544 29667
18546 29669
18547 29671
18548 29673
18549 29675
18551 29677
18552 29679
18553 29681
18554 29683
18556 29685
18557 29687
18558 29689
18559 29691
18561 29693
18562 29695
18563 29697
18564 29699
18566 29701
18567 29703
18568 29705
18569 29707
18571 29709
18572 29711
18573 29713
18574 29715
18576 29717
18577 29719
18578 29721
18579 29723
18581 29725
18582 29727
18583 29729
18584 29731
18586 29733
18587 29735
18588 29737
18589 29739
18591 29741
18592 29743
18593 29745
18594 29747
18596 29749
18597 29751
18598 29753
18599 29755
18601 29757
18602 29759
18603 29761
18604 29763
18606 29765
18607 29767
18608 29769
18609 29771
18611 29773
18612 29775
18613 29777
18614 29779
18616 29781
18617 29783
18618 29785
18619 29787
18621 29789
18622 29791
18623 29793
18624 29795
18626 29797
18627 29799
18628 29801
18629 29803
18631 29805
18632 29807
18633 29809
18634 29811
18636 29813
18637 29815
18638 29817
18639 29819
18641 29821
18642 29823
18643 29825
18644 29827
18646 29829
18647 29831
18648 29833
18649 29835
18651 29837
18652 29839
18653 29841
18654 29843
18656 29845
18657 29847
18658 29849
18659 29851
18661 29853
18662 29855
18663 29857
18664 29859
18666 29861
18667 29863
18668 29865
18669 29867
18671 29869
18672 29871
18673 29873
18674 29875
18676 29877
18677 29879
18678 29881
18679 29883
18681 29885
18682 29887
18683 29889
18684 29891
18686 29893
18687 29895
18688 29897
18689 29899
18691 29901
18692 29903
18693 29905
18694 29907
18696 29909
18697 29911
18698 29913
18699 29915
18701 29917
18702 29919
18703 29921
18704 29923
18706 29925
18707 29927
18708 29929
18709 29931
18711 29933
18712 29935
18713 29937
18714 29939
18716 29941
18717 29943
18718 29945
18719 29947
18721 29949
18722 29951
18723 29953
18724 29955
18726 29957
18727 29959
18728 29961
18729 29963
18731 29965
18732 29967
18733 29969
18734 29971
18736 29973
18737 29975
18738 29977
18739 29979
18741 29981
18742 29983
18743 29985
18744 29987
18746 29989
18747 29991
18748 29993
18749 29995
18751 29997
18752 29999
18753 30001
18754 30003
18756 30005
18757 30007
18758 30009
18759 30011
18761 30013
18762 30015
18763 30017
18764 30019
18766 30021
18767 30023
18768 30025
18769 30027
18771 30029
18772 30031
18773 30033
18774 30035
18776 30037
18777 30039
18778 30041
18779 30043
18781 30045
18782 30047
18783 30049
18784 30051
18786 30053
18787 30055
18788 30057
18789 30059
18791 30061
18792 30063
18793 30065
18794 30067
18796 30069
18797 30071
18798 30073
18799 30075
18801 30077
18802 30079
18803 30081
18804 30083
18806 30085
18807 30087
18808 30089
18809 30091
18811 30093
18812 30095
18813 30097
18814 30099
18816 30101
18817 30103
18818 30105
18819 30107
18821 30109
18822 30111
18823 30113
18824 30115
18826 30117
18827 30119
18828 30121
18829 30123
18831 30125
18832 30127
18833 30129
18834 30131
18836 30133
18837 30135
18838 30137
18839 30139
18841 30141
18842 30143
18843 30145
18844 30147
18846 30149
18847 30151
18848 30153
18849 30155
18851 30157
18852 30159
18853 30161
18854 30163
18856 30165
18857 30167
18858 30169
18859 30171
18861 30173
18862 30175
18863 30177
18864 30179
18866 30181
18867 30183
18868 30185
18869 30187
18871 30189
18872 30191
18873 30193
18874 30195
18876 30197
18877 30199
18878 30201
18879 30203
18881 30205
18882 30207
18883 30209
18884 30211
18886 30213
18887 30215
18888 30217
18889 30219
18891 30221
18892 30223
18893 30225
18894 30227
18896 30229
18897 30231
18898 30233
18899 30235
18901 30237
18902 30239
18903 30241
18904 30243
18906 30245
18907 30247
18908 30249
18909 30251
18911 30253
18912 30255
18913 30257
18914 30259
18916 30261
18917 30263
18918 30265
18919 30267
18921 30269
18922 30271
18923 30273
18924 30275
18926 30277
18927 30279
18928 30281
18929 30283
18931 30285
18932 30287
18933 30289
18934 30291
18936 30293
18937 30295
18938 30297
18939 30299
18941 30301
18942 30303
18943 30305
18944 30307
18946 30309
18947 30311
18948 30313
18949 30315
18951 30317
18952 30319
18953 30321
18954 30323
18956 30325
18957 30327
18958 30329
18959 30331
18961 30333
18962 30335
18963 30337
18964 30339
18966 30341
18967 30343
18968 30345
18969 30347
18971 30349
18972 30351
18973 30353
18974 30355
18976 30357
18977 30359
18978 30361
18979 30363
18981 30365
18982 30367
18983 30369
18984 30371
18986 30373
18987 30375
18988 30377
18989 30379
18991 30381
18992 30383
18993 30385
18994 30387
18996 30389
18997 30391
18998 30393
18999 30395
19001 30397
19002 30399
19003 30401
19004 30403
19006 30405
19007 30407
19008 30409
19009 30411
19011 30413
19012 30415
19013 30417
19014 30419
19016 30421
19017 30423
19018 30425
19019 30427
19021 30429
19022 30431
19023 30433
19024 30435
19026 30437
19027 30439
19028 30441
19029 30443
19031 30445
19032 30447
19033 30449
19034 30451
19036 30453
19037 30455
19038 30457
19039 30459
19041 30461
19042 30463
19043 30465
19044 30467
19046 30469
19047 30471
19048 30473
19049 30475
19051 30477
19052 30479
19053 30481
19054 30483
19056 30485
19057 30487
19058 30489
19059 30491
19061 30493
19062 30495
19063 30497
19064 30499
19066 30501
19067 30503
19068 30505
19069 30507
19071 30509
19072 30511
19073 30513
19074 30515
19076 30517
19077 30519
19078 30521
19079 30523
19081 30525
19082 30527
19083 30529
19084 30531
19086 30533
19087 30535
19088 30537
19089 30539
19091 30541
19092 30543
19093 30545
19094 30547
19096 30549
19097 30551
19098 30553
19099 30555
19101 30557
19102 30559
19103 30561
19104 30563
19106 30565
19107 30567
19108 30569
19109 30571
19111 30573
19112 30575
19113 30577
19114 30579
19116 30581
19117 30583
19118 30585
19119 30587
19121 30589
19122 30591
19123 30593
19124 30595
19126 30597
19127 30599
19128 30601
19129 30603
19131 30605
19132 30607
19133 30609
19134 30611
19136 30613
19137 30615
19138 30617
19139 30619
19141 30621
19142 30623
19143 30625
19144 30627
19146 30629
19147 30631
19148 30633
19149 30635
19151 30637
19152 30639
19153 30641
19154 30643
19156 30645
19157 30647
19158 30649
19159 30651
19161 30653
19162 30655
19163 30657
19164 30659
19166 30661
19167 30663
19168 30665
19169 30667
19171 30669
19172 30671
19173 30673
19174 30675
19176 30677
19177 30679
19178 30681
19179 30683
19181 30685
19182 30687
19183 30689
19184 30691
19186 30693
19187 30695
19188 30697
19189 30699
19191 30701
19192 30703
19193 30705
19194 30707
19196 30709
19197 30711
19198 30713
19199 30715
19201 30717
19202 30719
19203 30721
19204 30723
19206 30725
19207 30727
19208 30729
19209 30731
19211 30733
19212 30735
19213 30737
19214 30739
19216 30741
19217 30743
19218 30745
19219 30747
19221 30749
19222 30751
19223 30753
19224 30755
19226 30757
19227 30759
19228 30761
19229 30763
19231 30765
19232 30767
19233 30769
19234 30771
19236 30773
19237 30775
19238 30777
19239 30779
19241 30781
19242 30783
19243 30785
19244 30787
19246 30789
19247 30791
19248 30793
19249 30795
19251 30797
19252 30799
19253 30801
19254 30803
19256 30805
19257 30807
19258 30809
19259 30811
19261 30813
19262 30815
19263 30817
19264 30819
19266 30821
19267 30823
19268 30825
19269 30827
19271 30829
19272 30831
19273 30833
19274 30835
19276 30837
19277 30839
19278 30841
19279 30843
19281 30845
19282 30847
19283 30849
19284 30851
19286 30853
19287 30855
19288 30857
19289 30859
19291 30861
19292 30863
19293 30865
19294 30867
19296 30869
19297 30871
19298 30873
19299 30875
19301 30877
19302 30879
19303 30881
19304 30883
19306 30885
19307 30887
19308 30889
19309 30891
19311 30893
19312 30895
19313 30897
19314 30899
19316 30901
19317 30903
19318 30905
19319 30907
19321 30909
19322 30911
19323 30913
19324 30915
19326 30917
19327 30919
19328 30921
19329 30923
19331 30925
19332 30927
19333 30929
19334 30931
19336 30933
19337 30935
19338 30937
19339 30939
19341 30941
19342 30943
19343 30945
19344 30947
19346 30949
19347 30951
19348 30953
19349 30955
19351 30957
19352 30959
19353 30961
19354 30963
19356 30965
19357 30967
19358 30969
19359 30971
19361 30973
19362 30975
19363 30977
19364 30979
19366 30981
19367 30983
19368 30985
19369 30987
19371 30989
19372 30991
19373 30993
19374 30995
19376 30997
19377 30999
19378 31001
19379 31003
19381 31005
19382 31007
19383 31009
19384 31011
19386 31013
19387 31015
19388 31017
19389 31019
19391 31021
19392 31023
19393 31025
19394 31027
19396 31029
19397 31031
19398 31033
19399 31035
19401 31037
19402 31039
19403 31041
19404 31043
19406 31045
19407 31047
19408 31049
19409 31051
19411 31053
19412 31055
19413 31057
19414 31059
19416 31061
19417 31063
19418 31065
19419 31067
19421 31069
19422 31071
19423 31073
19424 31075
19426 31077
19427 31079
19428 31081
19429 31083
19431 31085
19432 31087
19433 31089
19434 31091
19436 31093
19437 31095
19438 31097
19439 31099
19441 31101
19442 31103
19443 31105
19444 31107
19446 31109
19447 31111
19448 31113
19449 31115
19451 31117
19452 31119
19453 31121
19454 31123
19456 31125
19457 31127
19458 31129
19459 31131
19461 31133
19462 31135
19463 31137
19464 31139
19466 31141
19467 31143
19468 31145
19469 31147
19471 31149
19472 31151
19473 31153
19474 31155
19476 31157
19477 31159
19478 31161
19479 31163
19481 31165
19482 31167
19483 31169
19484 31171
19486 31173
19487 31175
19488 31177
19489 31179
19491 31181
19492 31183
19493 31185
19494 31187
19496 31189
19497 31191
19498 31193
19499 31195
19501 31197
19502 31199
19503 31201
19504 31203
19506 31205
19507 31207
19508 31209
19509 31211
19511 31213
19512 31215
19513 31217
19514 31219
19516 31221
19517 31223
19518 31225
19519 31227
19521 31229
19522 31231
19523 31233
19524 31235
19526 31237
19527 31239
19528 31241
19529 31243
19531 31245
19532 31247
19533 31249
19534 31251
19536 31253
19537 31255
19538 31257
19539 31259
19541 31261
19542 31263
19543 31265
19544 31267
19546 31269
19547 31271
19548 31273
19549 31275
19551 31277
19552 31279
19553 31281
19554 31283
19556 31285
19557 31287
19558 31289
19559 31291
19561 31293
19562 31295
19563 31297
19564 31299
19566 31301
19567 31303
19568 31305
19569 31307
19571 31309
19572 31311
19573 31313
19574 31315
19576 31317
19577 31319
19578 31321
19579 31323
19581 31325
19582 31327
19583 31329
19584 31331
19586 31333
19587 31335
19588 31337
19589 31339
19591 31341
19592 31343
19593 31345
19594 31347
19596 31349
19597 31351
19598 31353
19599 31355
19601 31357
19602 31359
19603 31361
19604 31363
19606 31365
19607 31367
19608 31369
19609 31371
19611 31373
19612 31375
19613 31377
19614 31379
19616 31381
19617 31383
19618 31385
19619 31387
19621 31389
19622 31391
19623 31393
19624 31395
19626 31397
19627 31399
19628 31401
19629 31403
19631 31405
19632 31407
19633 31409
19634 31411
19636 31413
19637 31415
19638 31417
19639 31419
19641 31421
19642 31423
19643 31425
19644 31427
19646 31429
19647 31431
19648 31433
19649 31435
19651 31437
19652 31439
19653 31441
19654 31443
19656 31445
19657 31447
19658 31449
19659 31451
19661 31453
19662 31455
19663 31457
19664 31459
19666 31461
19667 31463
19668 31465
19669 31467
19671 31469
19672 31471
19673 31473
19674 31475
19676 31477
19677 31479
19678 31481
19679 31483
19681 31485
19682 31487
19683 31489
19684 31491
19686 31493
19687 31495
19688 31497
19689 31499
19691 31501
19692 31503
19693 31505
19694 31507
19696 31509
19697 31511
19698 31513
19699 31515
19701 31517
19702 31519
19703 31521
19704 31523
19706 31525
19707 31527
19708 31529
19709 31531
19711 31533
19712 31535
19713 31537
19714 31539
19716 31541
19717 31543
19718 31545
19719 31547
19721 31549
19722 31551
19723 31553
19724 31555
19726 31557
19727 31559
19728 31561
19729 31563
19731 31565
19732 31567
19733 31569
19734 31571
19736 31573
19737 31575
19738 31577
19739 31579
19741 31581
19742 31583
19743 31585
19744 31587
19746 31589
19747 31591
19748 31593
19749 31595
19751 31597
19752 31599
19753 31601
19754 31603
19756 31605
19757 31607
19758 31609
19759 31611
19761 31613
19762 31615
19763 31617
19764 31619
19766 31621
19767 31623
19768 31625
19769 31627
19771 31629
19772 31631
19773 31633
19774 31635
19776 31637
19777 31639
19778 31641
19779 31643
19781 31645
19782 31647
19783 31649
19784 31651
19786 31653
19787 31655
19788 31657
19789 31659
19791 31661
19792 31663
19793 31665
19794 31667
19796 31669
19797 31671
19798 31673
19799 31675
19801 31677
19802 31679
19803 31681
19804 31683
19806 31685
19807 31687
19808 31689
19809 31691
19811 31693
19812 31695
19813 31697
19814 31699
19816 31701
19817 31703
19818 31705
19819 31707
19821 31709
19822 31711
19823 31713
19824 31715
19826 31717
19827 31719
19828 31721
19829 31723
19831 31725
19832 31727
19833 31729
19834 31731
19836 31733
19837 31735
19838 31737
19839 31739
19841 31741
19842 31743
19843 31745
19844 31747
19846 31749
19847 31751
19848 31753
19849 31755
19851 31757
19852 31759
19853 31761
19854 31763
19856 31765
19857 31767
19858 31769
19859 31771
19861 31773
19862 31775
19863 31777
19864 31779
19866 31781
19867 31783
19868 31785
19869 31787
19871 31789
19872 31791
19873 31793
19874 31795
19876 31797
19877 31799
19878 31801
19879 31803
19881 31805
19882 31807
19883 31809
19884 31811
19886 31813
19887 31815
19888 31817
19889 31819
19891 31821
19892 31823
19893 31825
19894 31827
19896 31829
19897 31831
19898 31833
19899 31835
19901 31837
19902 31839
19903 31841
19904 31843
19906 31845
19907 31847
19908 31849
19909 31851
19911 31853
19912 31855
19913 31857
19914 31859
19916 31861
19917 31863
19918 31865
19919 31867
19921 31869
19922 31871
19923 31873
19924 31875
19926 31877
19927 31879
19928 31881
19929 31883
19931 31885
19932 31887
19933 31889
19934 31891
19936 31893
19937 31895
19938 31897
19939 31899
19941 31901
19942 31903
19943 31905
19944 31907
19946 31909
19947 31911
19948 31913
19949 31915
19951 31917
19952 31919
19953 31921
19954 31923
19956 31925
19957 31927
19958 31929
19959 31931
19961 31933
19962 31935
19963 31937
19964 31939
19966 31941
19967 31943
19968 31945
19969 31947
19971 31949
19972 31951
19973 31953
19974 31955
19976 31957
19977 31959
19978 31961
19979 31963
19981 31965
19982 31967
19983 31969
19984 31971
19986 31973
19987 31975
19988 31977
19989 31979
19991 31981
19992 31983
19993 31985
19994 31987
19996 31989
19997 31991
19998 31993
19999 31995
20001 31997
20002 31999
20003 32001
20004 32003
20006 32005
20007 32007
20008 32009
20009 32011
20011 32013
20012 32015
20013 32017
20014 32019
20016 32021
20017 32023
20018 32025
20019 32027
20021 32029
20022 32031
20023 32033
20024 32035
20026 32037
20027 32039
20028 32041
20029 32043
20031 32045
20032 32047
20033 32049
20034 32051
20036 32053
20037 32055
20038 32057
20039 32059
20041 32061
20042 32063
20043 32065
20044 32067
20046 32069
20047 32071
20048 32073
20049 32075
20051 32077
20052 32079
20053 32081
20054 32083
20056 32085
20057 32087
20058 32089
20059 32091
20061 32093
20062 32095
20063 32097
20064 32099
20066 32101
20067 32103
20068 32105
20069 32107
20071 32109
20072 32111
20073 32113
20074 32115
20076 32117
20077 32119
20078 32121
20079 32123
20081 32125
20082 32127
20083 32129
20084 32131
20086 32133
20087 32135
20088 32137
20089 32139
20091 32141
20092 32143
20093 32145
20094 32147
20096 32149
20097 32151
20098 32153
20099 32155
20101 32157
20102 32159
20103 32161
20104 32163
20106 32165
20107 32167
20108 32169
20109 32171
20111 32173
20112 32175
20113 32177
20114 32179
20116 32181
20117 32183
20118 32185
20119 32187
20121 32189
20122 32191
20123 32193
20124 32195
20126 32197
20127 32199
20128 32201
20129 32203
20131 32205
20132 32207
20133 32209
20134 32211
20136 32213
20137 32215
20138 32217
20139 32219
20141 32221
20142 32223
20143 32225
20144 32227
20146 32229
20147 32231
20148 32233
20149 32235
20151 32237
20152 32239
20153 32241
20154 32243
20156 32245
20157 32247
20158 32249
20159 32251
20161 32253
20162 32255
20163 32257
20164 32259
20166 32261
20167 32263
20168 32265
20169 32267
20171 32269
20172 32271
20173 32273
20174 32275
20176 32277
20177 32279
20178 32281
20179 32283
20181 32285
20182 32287
20183 32289
20184 32291
20186 32293
20187 32295
20188 32297
20189 32299
20191 32301
20192 32303
20193 32305
20194 32307
20196 32309
20197 32311
20198 32313
20199 32315
20201 32317
20202 32319
20203 32321
20204 32323
20206 32325
20207 32327
20208 32329
20209 32331
20211 32333
20212 32335
20213 32337
20214 32339
20216 32341
20217 32343
20218 32345
20219 32347
20221 32349
20222 32351
20223 32353
20224 32355
20226 32357
20227 32359
20228 32361
20229 32363
20231 32365
20232 32367
20233 32369
20234 32371
20236 32373
20237 32375
20238 32377
20239 32379
20241 32381
20242 32383
20243 32385
20244 32387
20246 32389
20247 32391
20248 32393
20249 32395
20251 32397
20252 32399
20253 32401
20254 32403
20256 32405
20257 32407
20258 32409
20259 32411
20261 32413
20262 32415
20263 32417
20264 32419
20266 32421
20267 32423
20268 32425
20269 32427
20271 32429
20272 32431
20273 32433
20274 32435
20276 32437
20277 32439
20278 32441
20279 32443
20281 32445
20282 32447
20283 32449
20284 32451
20286 32453
20287 32455
20288 32457
20289 32459
20291 32461
20292 32463
20293 32465
20294 32467
20296 32469
20297 32471
20298 32473
20299 32475
20301 32477
20302 32479
20303 32481
20304 32483
20306 32485
20307 32487
20308 32489
20309 32491
20311 32493
20312 32495
20313 32497
20314 32499
20316 32501
20317 32503
20318 32505
20319 32507
20321 32509
20322 32511
20323 32513
20324 32515
20326 32517
20327 32519
20328 32521
20329 32523
20331 32525
20332 32527
20333 32529
20334 32531
20336 32533
20337 32535
20338 32537
20339 32539
20341 32541
20342 32543
20343 32545
20344 32547
20346 32549
20347 32551
20348 32553
20349 32555
20351 32557
20352 32559
20353 32561
20354 32563
20356 32565
20357 32567
20358 32569
20359 32571
20361 32573
20362 32575
20363 32577
20364 32579
20366 32581
20367 32583
20368 32585
20369 32587
20371 32589
20372 32591
20373 32593
20374 32595
20376 32597
20377 32599
20378 32601
20379 32603
20381 32605
20382 32607
20383 32609
20384 32611
20386 32613
20387 32615
20388 32617
20389 32619
20391 32621
20392 32623
20393 32625
20394 32627
20396 32629
20397 32631
20398 32633
20399 32635
20401 32637
20402 32639
20403 32641
20404 32643
20406 32645
20407 32647
20408 32649
20409 32651
20411 32653
20412 32655
20413 32657
20414 32659
20416 32661
20417 32663
20418 32665
20419 32667
20421 32669
20422 32671
20423 32673
20424 32675
20426 32677
20427 32679
20428 32681
20429 32683
20431 32685
20432 32687
20433 32689
20434 32691
20436 32693
20437 32695
20438 32697
20439 32699
20441 32701
20442 32703
20443 32705
20444 32707
20446 32709
20447 32711
20448 32713
20449 32715
20451 32717
20452 32719
20453 32721
20454 32723
20456 32725
20457 32727
20458 32729
20459 32731
20461 32733
20462 32735
20463 32737
20464 32739
20466 32741
20467 32743
20468 32745
20469 32747
20471 32749
20472 32751
20473 32753
20474 32755
20476 32757
20477 32759
20478 32761
20479 32763
20481 32765
20482 32767
20483 32769
20484 32771
20486 32773
20487 32775
20488 32777
20489 32779
20491 32781
20492 32783
20493 32785
20494 32787
20496 32789
20497 32791
20498 32793
20499 32795
20501 32797
20502 32799
20503 32801
20504 32803
20506 32805
20507 32807
20508 32809
20509 32811
20511 32813
20512 32815
20513 32817
20514 32819
20516 32821
20517 32823
20518 32825
20519 32827
20521 32829
20522 32831
20523 32833
20524 32835
20526 32837
20527 32839
20528 32841
20529 32843
20531 32845
20532 32847
20533 32849
20534 32851
20536 32853
20537 32855
20538 32857
20539 32859
20541 32861
20542 32863
20543 32865
20544 32867
20546 32869
20547 32871
20548 32873
20549 32875
20551 32877
20552 32879
20553 32881
20554 32883
20556 32885
20557 32887
20558 32889
20559 32891
20561 32893
20562 32895
20563 32897
20564 32899
20566 32901
20567 32903
20568 32905
20569 32907
20571 32909
20572 32911
20573 32913
20574 32915
20576 32917
20577 32919
20578 32921
20579 32923
20581 32925
20582 32927
20583 32929
20584 32931
20586 32933
20587 32935
20588 32937
20589 32939
20591 32941
20592 32943
20593 32945
20594 32947
20596 32949
20597 32951
20598 32953
20599 32955
20601 32957
20602 32959
20603 32961
20604 32963
20606 32965
20607 32967
20608 32969
20609 32971
20611 32973
20612 32975
20613 32977
20614 32979
20616 32981
20617 32983
20618 32985
20619 32987
20621 32989
20622 32991
20623 32993
20624 32995
20626 32997
20627 32999
20628 33001
20629 33003
20631 33005
20632 33007
20633 33009
20634 33011
20636 33013
20637 33015
20638 33017
20639 33019
20641 33021
20642 33023
20643 33025
20644 33027
20646 33029
20647 33031
20648 33033
20649 33035
20651 33037
20652 33039
20653 33041
20654 33043
20656 33045
20657 33047
20658 33049
20659 33051
20661 33053
20662 33055
20663 33057
20664 33059
20666 33061
20667 33063
20668 33065
20669 33067
20671 33069
20672 33071
20673 33073
20674 33075
20676 33077
20677 33079
20678 33081
20679 33083
20681 33085
20682 33087
20683 33089
20684 33091
20686 33093
20687 33095
20688 33097
20689 33099
20691 33101
20692 33103
20693 33105
20694 33107
20696 33109
20697 33111
20698 33113
20699 33115
20701 33117
20702 33119
20703 33121
20704 33123
20706 33125
20707 33127
20708 33129
20709 33131
20711 33133
20712 33135
20713 33137
20714 33139
20716 33141
20717 33143
20718 33145
20719 33147
20721 33149
20722 33151
20723 33153
20724 33155
20726 33157
20727 33159
20728 33161
20729 33163
20731 33165
20732 33167
20733 33169
20734 33171
20736 33173
20737 33175
20738 33177
20739 33179
20741 33181
20742 33183
20743 33185
20744 33187
20746 33189
20747 33191
20748 33193
20749 33195
20751 33197
20752 33199
20753 33201
20754 33203
20756 33205
20757 33207
20758 33209
20759 33211
20761 33213
20762 33215
20763 33217
20764 33219
20766 33221
20767 33223
20768 33225
20769 33227
20771 33229
20772 33231
20773 33233
20774 33235
20776 33237
20777 33239
20778 33241
20779 33243
20781 33245
20782 33247
20783 33249
20784 33251
20786 33253
20787 33255
20788 33257
20789 33259
20791 33261
20792 33263
20793 33265
20794 33267
20796 33269
20797 33271
20798 33273
20799 33275
20801 33277
20802 33279
20803 33281
20804 33283
20806 33285
20807 33287
20808 33289
20809 33291
20811 33293
20812 33295
20813 33297
20814 33299
20816 33301
20817 33303
20818 33305
20819 33307
20821 33309
20822 33311
20823 33313
20824 33315
20826 33317
20827 33319
20828 33321
20829 33323
20831 33325
20832 33327
20833 33329
20834 33331
20836 33333
20837 33335
20838 33337
20839 33339
20841 33341
20842 33343
20843 33345
20844 33347
20846 33349
20847 33351
20848 33353
20849 33355
20851 33357
20852 33359
20853 33361
20854 33363
20856 33365
20857 33367
20858 33369
20859 33371
20861 33373
20862 33375
20863 33377
20864 33379
20866 33381
20867 33383
20868 33385
20869 33387
20871 33389
20872 33391
20873 33393
20874 33395
20876 33397
20877 33399
20878 33401
20879 33403
20881 33405
20882 33407
20883 33409
20884 33411
20886 33413
20887 33415
20888 33417
20889 33419
20891 33421
20892 33423
20893 33425
20894 33427
20896 33429
20897 33431
20898 33433
20899 33435
20901 33437
20902 33439
20903 33441
20904 33443
20906 33445
20907 33447
20908 33449
20909 33451
20911 33453
20912 33455
20913 33457
20914 33459
20916 33461
20917 33463
20918 33465
20919 33467
20921 33469
20922 33471
20923 33473
20924 33475
20926 33477
20927 33479
20928 33481
20929 33483
20931 33485
20932 33487
20933 33489
20934 33491
20936 33493
20937 33495
20938 33497
20939 33499
20941 33501
20942 33503
20943 33505
20944 33507
20946 33509
20947 33511
20948 33513
20949 33515
20951 33517
20952 33519
20953 33521
20954 33523
20956 33525
20957 33527
20958 33529
20959 33531
20961 33533
20962 33535
20963 33537
20964 33539
20966 33541
20967 33543
20968 33545
20969 33547
20971 33549
20972 33551
20973 33553
20974 33555
20976 33557
20977 33559
20978 33561
20979 33563
20981 33565
20982 33567
20983 33569
20984 33571
20986 33573
20987 33575
20988 33577
20989 33579
20991 33581
20992 33583
20993 33585
20994 33587
20996 33589
20997 33591
20998 33593
20999 33595
21001 33597
21002 33599
21003 33601
21004 33603
21006 33605
21007 33607
21008 33609
21009 33611
21011 33613
21012 33615
21013 33617
21014 33619
21016 33621
21017 33623
21018 33625
21019 33627
21021 33629
21022 33631
21023 33633
21024 33635
21026 33637
21027 33639
21028 33641
21029 33643
21031 33645
21032 33647
21033 33649
21034 33651
21036 33653
21037 33655
21038 33657
21039 33659
21041 33661
21042 33663
21043 33665
21044 33667
21046 33669
21047 33671
21048 33673
21049 33675
21051 33677
21052 33679
21053 33681
21054 33683
21056 33685
21057 33687
21058 33689
21059 33691
21061 33693
21062 33695
21063 33697
21064 33699
21066 33701
21067 33703
21068 33705
21069 33707
21071 33709
21072 33711
21073 33713
21074 33715
21076 33717
21077 33719
21078 33721
21079 33723
21081 33725
21082 33727
21083 33729
21084 33731
21086 33733
21087 33735
21088 33737
21089 33739
21091 33741
21092 33743
21093 33745
21094 33747
21096 33749
21097 33751
21098 33753
21099 33755
21101 33757
21102 33759
21103 33761
21104 33763
21106 33765
21107 33767
21108 33769
21109 33771
21111 33773
21112 33775
21113 33777
21114 33779
21116 33781
21117 33783
21118 33785
21119 33787
21121 33789
21122 33791
21123 33793
21124 33795
21126 33797
21127 33799
21128 33801
21129 33803
21131 33805
21132 33807
21133 33809
21134 33811
21136 33813
21137 33815
21138 33817
21139 33819
21141 33821
21142 33823
21143 33825
21144 33827
21146 33829
21147 33831
21148 33833
21149 33835
21151 33837
21152 33839
21153 33841
21154 33843
21156 33845
21157 33847
21158 33849
21159 33851
21161 33853
21162 33855
21163 33857
21164 33859
21166 33861
21167 33863
21168 33865
21169 33867
21171 33869
21172 33871
21173 33873
21174 33875
21176 33877
21177 33879
21178 33881
21179 33883
21181 33885
21182 33887
21183 33889
21184 33891
21186 33893
21187 33895
21188 33897
21189 33899
21191 33901
21192 33903
21193 33905
21194 33907
21196 33909
21197 33911
21198 33913
21199 33915
21201 33917
21202 33919
21203 33921
21204 33923
21206 33925
21207 33927
21208 33929
21209 33931
21211 33933
21212 33935
21213 33937
21214 33939
21216 33941
21217 33943
21218 33945
21219 33947
21221 33949
21222 33951
21223 33953
21224 33955
21226 33957
21227 33959
21228 33961
21229 33963
21231 33965
21232 33967
21233 33969
21234 33971
21236 33973
21237 33975
21238 33977
21239 33979
21241 33981
21242 33983
21243 33985
21244 33987
21246 33989
21247 33991
21248 33993
21249 33995
21251 33997
21252 33999
21253 34001
21254 34003
21256 34005
21257 34007
21258 34009
21259 34011
21261 34013
21262 34015
21263 34017
21264 34019
21266 34021
21267 34023
21268 34025
21269 34027
21271 34029
21272 34031
21273 34033
21274 34035
21276 34037
21277 34039
21278 34041
21279 34043
21281 34045
21282 34047
21283 34049
21284 34051
21286 34053
21287 34055
21288 34057
21289 34059
21291 34061
21292 34063
21293 34065
21294 34067
21296 34069
21297 34071
21298 34073
21299 34075
21301 34077
21302 34079
21303 34081
21304 34083
21306 34085
21307 34087
21308 34089
21309 34091
21311 34093
21312 34095
21313 34097
21314 34099
21316 34101
21317 34103
21318 34105
21319 34107
21321 34109
21322 34111
21323 34113
21324 34115
21326 34117
21327 34119
21328 34121
21329 34123
21331 34125
21332 34127
21333 34129
21334 34131
21336 34133
21337 34135
21338 34137
21339 34139
21341 34141
21342 34143
21343 34145
21344 34147
21346 34149
21347 34151
21348 34153
21349 34155
21351 34157
21352 34159
21353 34161
21354 34163
21356 34165
21357 34167
21358 34169
21359 34171
21361 34173
21362 34175
21363 34177
21364 34179
21366 34181
21367 34183
21368 34185
21369 34187
21371 34189
21372 34191
21373 34193
21374 34195
21376 34197
21377 34199
21378 34201
21379 34203
21381 34205
21382 34207
21383 34209
21384 34211
21386 34213
21387 34215
21388 34217
21389 34219
21391 34221
21392 34223
21393 34225
21394 34227
21396 34229
21397 34231
21398 34233
21399 34235
21401 34237
21402 34239
21403 34241
21404 34243
21406 34245
21407 34247
21408 34249
21409 34251
21411 34253
21412 34255
21413 34257
21414 34259
21416 34261
21417 34263
21418 34265
21419 34267
21421 34269
21422 34271
21423 34273
21424 34275
21426 34277
21427 34279
21428 34281
21429 34283
21431 34285
21432 34287
21433 34289
21434 34291
21436 34293
21437 34295
21438 34297
21439 34299
21441 34301
21442 34303
21443 34305
21444 34307
21446 34309
21447 34311
21448 34313
21449 34315
21451 34317
21452 34319
21453 34321
21454 34323
21456 34325
21457 34327
21458 34329
21459 34331
21461 34333
21462 34335
21463 34337
21464 34339
21466 34341
21467 34343
21468 34345
21469 34347
21471 34349
21472 34351
21473 34353
21474 34355
21476 34357
21477 34359
21478 34361
21479 34363
21481 34365
21482 34367
21483 34369
21484 34371
21486 34373
21487 34375
21488 34377
21489 34379
21491 34381
21492 34383
21493 34385
21494 34387
21496 34389
21497 34391
21498 34393
21499 34395
21501 34397
21502 34399
21503 34401
21504 34403
21506 34405
21507 34407
21508 34409
21509 34411
21511 34413
21512 34415
21513 34417
21514 34419
21516 34421
21517 34423
21518 34425
21519 34427
21521 34429
21522 34431
21523 34433
21524 34435
21526 34437
21527 34439
21528 34441
21529 34443
21531 34445
21532 34447
21533 34449
21534 34451
21536 34453
21537 34455
21538 34457
21539 34459
21541 34461
21542 34463
21543 34465
21544 34467
21546 34469
21547 34471
21548 34473
21549 34475
21551 34477
21552 34479
21553 34481
21554 34483
21556 34485
21557 34487
21558 34489
21559 34491
21561 34493
21562 34495
21563 34497
21564 34499
21566 34501
21567 34503
21568 34505
21569 34507
21571 34509
21572 34511
21573 34513
21574 34515
21576 34517
21577 34519
21578 34521
21579 34523
21581 34525
21582 34527
21583 34529
21584 34531
21586 34533
21587 34535
21588 34537
21589 34539
21591 34541
21592 34543
21593 34545
21594 34547
21596 34549
21597 34551
21598 34553
21599 34555
21601 34557
21602 34559
21603 34561
21604 34563
21606 34565
21607 34567
21608 34569
21609 34571
21611 34573
21612 34575
21613 34577
21614 34579
21616 34581
21617 34583
21618 34585
21619 34587
21621 34589
21622 34591
21623 34593
21624 34595
21626 34597
21627 34599
21628 34601
21629 34603
21631 34605
21632 34607
21633 34609
21634 34611
21636 34613
21637 34615
21638 34617
21639 34619
21641 34621
21642 34623
21643 34625
21644 34627
21646 34629
21647 34631
21648 34633
21649 34635
21651 34637
21652 34639
21653 34641
21654 34643
21656 34645
21657 34647
21658 34649
21659 34651
21661 34653
21662 34655
21663 34657
21664 34659
21666 34661
21667 34663
21668 34665
21669 34667
21671 34669
21672 34671
21673 34673
21674 34675
21676 34677
21677 34679
21678 34681
21679 34683
21681 34685
21682 34687
21683 34689
21684 34691
21686 34693
21687 34695
21688 34697
21689 34699
21691 34701
21692 34703
21693 34705
21694 34707
21696 34709
21697 34711
21698 34713
21699 34715
21701 34717
21702 34719
21703 34721
21704 34723
21706 34725
21707 34727
21708 34729
21709 34731
21711 34733
21712 34735
21713 34737
21714 34739
21716 34741
21717 34743
21718 34745
21719 34747
21721 34749
21722 34751
21723 34753
21724 34755
21726 34757
21727 34759
21728 34761
21729 34763
21731 34765
21732 34767
21733 34769
21734 34771
21736 34773
21737 34775
21738 34777
21739 34779
21741 34781
21742 34783
21743 34785
21744 34787
21746 34789
21747 34791
21748 34793
21749 34795
21751 34797
21752 34799
21753 34801
21754 34803
21756 34805
21757 34807
21758 34809
21759 34811
21761 34813
21762 34815
21763 34817
21764 34819
21766 34821
21767 34823
21768 34825
21769 34827
21771 34829
21772 34831
21773 34833
21774 34835
21776 34837
21777 34839
21778 34841
21779 34843
21781 34845
21782 34847
21783 34849
21784 34851
21786 34853
21787 34855
21788 34857
21789 34859
21791 34861
21792 34863
21793 34865
21794 34867
21796 34869
21797 34871
21798 34873
21799 34875
21801 34877
21802 34879
21803 34881
21804 34883
21806 34885
21807 34887
21808 34889
21809 34891
21811 34893
21812 34895
21813 34897
21814 34899
21816 34901
21817 34903
21818 34905
21819 34907
21821 34909
21822 34911
21823 34913
21824 34915
21826 34917
21827 34919
21828 34921
21829 34923
21831 34925
21832 34927
21833 34929
21834 34931
21836 34933
21837 34935
21838 34937
21839 34939
21841 34941
21842 34943
21843 34945
21844 34947
21846 34949
21847 34951
21848 34953
21849 34955
21851 34957
21852 34959
21853 34961
21854 34963
21856 34965
21857 34967
21858 34969
21859 34971
21861 34973
21862 34975
21863 34977
21864 34979
21866 34981
21867 34983
21868 34985
21869 34987
21871 34989
21872 34991
21873 34993
21874 34995
21876 34997
21877 34999
21878 35001
21879 35003
21881 35005
21882 35007
21883 35009
21884 35011
21886 35013
21887 35015
21888 35017
21889 35019
21891 35021
21892 35023
21893 35025
21894 35027
21896 35029
21897 35031
21898 35033
21899 35035
21901 35037
21902 35039
21903 35041
21904 35043
21906 35045
21907 35047
21908 35049
21909 35051
21911 35053
21912 35055
21913 35057
21914 35059
21916 35061
21917 35063
21918 35065
21919 35067
21921 35069
21922 35071
21923 35073
21924 35075
21926 35077
21927 35079
21928 35081
21929 35083
21931 35085
21932 35087
21933 35089
21934 35091
21936 35093
21937 35095
21938 35097
21939 35099
21941 35101
21942 35103
21943 35105
21944 35107
21946 35109
21947 35111
21948 35113
21949 35115
21951 35117
21952 35119
21953 35121
21954 35123
21956 35125
21957 35127
21958 35129
21959 35131
21961 35133
21962 35135
21963 35137
21964 35139
21966 35141
21967 35143
21968 35145
21969 35147
21971 35149
21972 35151
21973 35153
21974 35155
21976 35157
21977 35159
21978 35161
21979 35163
21981 35165
21982 35167
21983 35169
21984 35171
21986 35173
21987 35175
21988 35177
21989 35179
21991 35181
21992 35183
21993 35185
21994 35187
21996 35189
21997 35191
21998 35193
21999 35195
22001 35197
22002 35199
22003 35201
22004 35203
22006 35205
22007 35207
22008 35209
22009 35211
22011 35213
22012 35215
22013 35217
22014 35219
22016 35221
22017 35223
22018 35225
22019 35227
22021 35229
22022 35231
22023 35233
22024 35235
22026 35237
22027 35239
22028 35241
22029 35243
22031 35245
22032 35247
22033 35249
22034 35251
22036 35253
22037 35255
22038 35257
22039 35259
22041 35261
22042 35263
22043 35265
22044 35267
22046 35269
22047 35271
22048 35273
22049 35275
22051 35277
22052 35279
22053 35281
22054 35283
22056 35285
22057 35287
22058 35289
22059 35291
22061 35293
22062 35295
22063 35297
22064 35299
22066 35301
22067 35303
22068 35305
22069 35307
22071 35309
22072 35311
22073 35313
22074 35315
22076 35317
22077 35319
22078 35321
22079 35323
22081 35325
22082 35327
22083 35329
22084 35331
22086 35333
22087 35335
22088 35337
22089 35339
22091 35341
22092 35343
22093 35345
22094 35347
22096 35349
22097 35351
22098 35353
22099 35355
22101 35357
22102 35359
22103 35361
22104 35363
22106 35365
22107 35367
22108 35369
22109 35371
22111 35373
22112 35375
22113 35377
22114 35379
22116 35381
22117 35383
22118 35385
22119 35387
22121 35389
22122 35391
22123 35393
22124 35395
22126 35397
22127 35399
22128 35401
22129 35403
22131 35405
22132 35407
22133 35409
22134 35411
22136 35413
22137 35415
22138 35417
22139 35419
22141 35421
22142 35423
22143 35425
22144 35427
22146 35429
22147 35431
22148 35433
22149 35435
22151 35437
22152 35439
22153 35441
22154 35443
22156 35445
22157 35447
22158 35449
22159 35451
22161 35453
22162 35455
22163 35457
22164 35459
22166 35461
22167 35463
22168 35465
22169 35467
22171 35469
22172 35471
22173 35473
22174 35475
22176 35477
22177 35479
22178 35481
22179 35483
22181 35485
22182 35487
22183 35489
22184 35491
22186 35493
22187 35495
22188 35497
22189 35499
22191 35501
22192 35503
22193 35505
22194 35507
22196 35509
22197 35511
22198 35513
22199 35515
22201 35517
22202 35519
22203 35521
22204 35523
22206 35525
22207 35527
22208 35529
22209 35531
22211 35533
22212 35535
22213 35537
22214 35539
22216 35541
22217 35543
22218 35545
22219 35547
22221 35549
22222 35551
22223 35553
22224 35555
22226 35557
22227 35559
22228 35561
22229 35563
22231 35565
22232 35567
22233 35569
22234 35571
22236 35573
22237 35575
22238 35577
22239 35579
22241 35581
22242 35583
22243 35585
22244 35587
22246 35589
22247 35591
22248 35593
22249 35595
22251 35597
22252 35599
22253 35601
22254 35603
22256 35605
22257 35607
22258 35609
22259 35611
22261 35613
22262 35615
22263 35617
22264 35619
22266 35621
22267 35623
22268 35625
22269 35627
22271 35629
22272 35631
22273 35633
22274 35635
22276 35637
22277 35639
22278 35641
22279 35643
22281 35645
22282 35647
22283 35649
22284 35651
22286 35653
22287 35655
22288 35657
22289 35659
22291 35661
22292 35663
22293 35665
22294 35667
22296 35669
22297 35671
22298 35673
22299 35675
22301 35677
22302 35679
22303 35681
22304 35683
22306 35685
22307 35687
22308 35689
22309 35691
22311 35693
22312 35695
22313 35697
22314 35699
22316 35701
22317 35703
22318 35705
22319 35707
22321 35709
22322 35711
22323 35713
22324 35715
22326 35717
22327 35719
22328 35721
22329 35723
22331 35725
22332 35727
22333 35729
22334 35731
22336 35733
22337 35735
22338 35737
22339 35739
22341 35741
22342 35743
22343 35745
22344 35747
22346 35749
22347 35751
22348 35753
22349 35755
22351 35757
22352 35759
22353 35761
22354 35763
22356 35765
22357 35767
22358 35769
22359 35771
22361 35773
22362 35775
22363 35777
22364 35779
22366 35781
22367 35783
22368 35785
22369 35787
22371 35789
22372 35791
22373 35793
22374 35795
22376 35797
22377 35799
22378 35801
22379 35803
22381 35805
22382 35807
22383 35809
22384 35811
22386 35813
22387 35815
22388 35817
22389 35819
22391 35821
22392 35823
22393 35825
22394 35827
22396 35829
22397 35831
22398 35833
22399 35835
22401 35837
22402 35839
22403 35841
22404 35843
22406 35845
22407 35847
22408 35849
22409 35851
22411 35853
22412 35855
22413 35857
22414 35859
22416 35861
22417 35863
22418 35865
22419 35867
22421 35869
22422 35871
22423 35873
22424 35875
22426 35877
22427 35879
22428 35881
22429 35883
22431 35885
22432 35887
22433 35889
22434 35891
22436 35893
22437 35895
22438 35897
22439 35899
22441 35901
22442 35903
22443 35905
22444 35907
22446 35909
22447 35911
22448 35913
22449 35915
22451 35917
22452 35919
22453 35921
22454 35923
22456 35925
22457 35927
22458 35929
22459 35931
22461 35933
22462 35935
22463 35937
22464 35939
22466 35941
22467 35943
22468 35945
22469 35947
22471 35949
22472 35951
22473 35953
22474 35955
22476 35957
22477 35959
22478 35961
22479 35963
22481 35965
22482 35967
22483 35969
22484 35971
22486 35973
22487 35975
22488 35977
22489 35979
22491 35981
22492 35983
22493 35985
22494 35987
22496 35989
22497 35991
22498 35993
22499 35995
22501 35997
22502 35999
22503 36001
22504 36003
22506 36005
22507 36007
22508 36009
22509 36011
22511 36013
22512 36015
22513 36017
22514 36019
22516 36021
22517 36023
22518 36025
22519 36027
22521 36029
22522 36031
22523 36033
22524 36035
22526 36037
22527 36039
22528 36041
22529 36043
22531 36045
22532 36047
22533 36049
22534 36051
22536 36053
22537 36055
22538 36057
22539 36059
22541 36061
22542 36063
22543 36065
22544 36067
22546 36069
22547 36071
22548 36073
22549 36075
22551 36077
22552 36079
22553 36081
22554 36083
22556 36085
22557 36087
22558 36089
22559 36091
22561 36093
22562 36095
22563 36097
22564 36099
22566 36101
22567 36103
22568 36105
22569 36107
22571 36109
22572 36111
22573 36113
22574 36115
22576 36117
22577 36119
22578 36121
22579 36123
22581 36125
22582 36127
22583 36129
22584 36131
22586 36133
22587 36135
22588 36137
22589 36139
22591 36141
22592 36143
22593 36145
22594 36147
22596 36149
22597 36151
22598 36153
22599 36155
22601 36157
22602 36159
22603 36161
22604 36163
22606 36165
22607 36167
22608 36169
22609 36171
22611 36173
22612 36175
22613 36177
22614 36179
22616 36181
22617 36183
22618 36185
22619 36187
22621 36189
22622 36191
22623 36193
22624 36195
22626 36197
22627 36199
22628 36201
22629 36203
22631 36205
22632 36207
22633 36209
22634 36211
22636 36213
22637 36215
22638 36217
22639 36219
22641 36221
22642 36223
22643 36225
22644 36227
22646 36229
22647 36231
22648 36233
22649 36235
22651 36237
22652 36239
22653 36241
22654 36243
22656 36245
22657 36247
22658 36249
22659 36251
22661 36253
22662 36255
22663 36257
22664 36259
22666 36261
22667 36263
22668 36265
22669 36267
22671 36269
22672 36271
22673 36273
22674 36275
22676 36277
22677 36279
22678 36281
22679 36283
22681 36285
22682 36287
22683 36289
22684 36291
22686 36293
22687 36295
22688 36297
22689 36299
22691 36301
22692 36303
22693 36305
22694 36307
22696 36309
22697 36311
22698 36313
22699 36315
22701 36317
22702 36319
22703 36321
22704 36323
22706 36325
22707 36327
22708 36329
22709 36331
22711 36333
22712 36335
22713 36337
22714 36339
22716 36341
22717 36343
22718 36345
22719 36347
22721 36349
22722 36351
22723 36353
22724 36355
22726 36357
22727 36359
22728 36361
22729 36363
22731 36365
22732 36367
22733 36369
22734 36371
22736 36373
22737 36375
22738 36377
22739 36379
22741 36381
22742 36383
22743 36385
22744 36387
22746 36389
22747 36391
22748 36393
22749 36395
22751 36397
22752 36399
22753 36401
22754 36403
22756 36405
22757 36407
22758 36409
22759 36411
22761 36413
22762 36415
22763 36417
22764 36419
22766 36421
22767 36423
22768 36425
22769 36427
22771 36429
22772 36431
22773 36433
22774 36435
22776 36437
22777 36439
22778 36441
22779 36443
22781 36445
22782 36447
22783 36449
22784 36451
22786 36453
22787 36455
22788 36457
22789 36459
22791 36461
22792 36463
22793 36465
22794 36467
22796 36469
22797 36471
22798 36473
22799 36475
22801 36477
22802 36479
22803 36481
22804 36483
22806 36485
22807 36487
22808 36489
22809 36491
22811 36493
22812 36495
22813 36497
22814 36499
22816 36501
22817 36503
22818 36505
22819 36507
22821 36509
22822 36511
22823 36513
22824 36515
22826 36517
22827 36519
22828 36521
22829 36523
22831 36525
22832 36527
22833 36529
22834 36531
22836 36533
22837 36535
22838 36537
22839 36539
22841 36541
22842 36543
22843 36545
22844 36547
22846 36549
22847 36551
22848 36553
22849 36555
22851 36557
22852 36559
22853 36561
22854 36563
22856 36565
22857 36567
22858 36569
22859 36571
22861 36573
22862 36575
22863 36577
22864 36579
22866 36581
22867 36583
22868 36585
22869 36587
22871 36589
22872 36591
22873 36593
22874 36595
22876 36597
22877 36599
22878 36601
22879 36603
22881 36605
22882 36607
22883 36609
22884 36611
22886 36613
22887 36615
22888 36617
22889 36619
22891 36621
22892 36623
22893 36625
22894 36627
22896 36629
22897 36631
22898 36633
22899 36635
22901 36637
22902 36639
22903 36641
22904 36643
22906 36645
22907 36647
22908 36649
22909 36651
22911 36653
22912 36655
22913 36657
22914 36659
22916 36661
22917 36663
22918 36665
22919 36667
22921 36669
22922 36671
22923 36673
22924 36675
22926 36677
22927 36679
22928 36681
22929 36683
22931 36685
22932 36687
22933 36689
22934 36691
22936 36693
22937 36695
22938 36697
22939 36699
22941 36701
22942 36703
22943 36705
22944 36707
22946 36709
22947 36711
22948 36713
22949 36715
22951 36717
22952 36719
22953 36721
22954 36723
22956 36725
22957 36727
22958 36729
22959 36731
22961 36733
22962 36735
22963 36737
22964 36739
22966 36741
22967 36743
22968 36745
22969 36747
22971 36749
22972 36751
22973 36753
22974 36755
22976 36757
22977 36759
22978 36761
22979 36763
22981 36765
22982 36767
22983 36769
22984 36771
22986 36773
22987 36775
22988 36777
22989 36779
22991 36781
22992 36783
22993 36785
22994 36787
22996 36789
22997 36791
22998 36793
22999 36795
23001 36797
23002 36799
23003 36801
23004 36803
23006 36805
23007 36807
23008 36809
23009 36811
23011 36813
23012 36815
23013 36817
23014 36819
23016 36821
23017 36823
23018 36825
23019 36827
23021 36829
23022 36831
23023 36833
23024 36835
23026 36837
23027 36839
23028 36841
23029 36843
23031 36845
23032 36847
23033 36849
23034 36851
23036 36853
23037 36855
23038 36857
23039 36859
23041 36861
23042 36863
23043 36865
23044 36867
23046 36869
23047 36871
23048 36873
23049 36875
23051 36877
23052 36879
23053 36881
23054 36883
23056 36885
23057 36887
23058 36889
23059 36891
23061 36893
23062 36895
23063 36897
23064 36899
23066 36901
23067 36903
23068 36905
23069 36907
23071 36909
23072 36911
23073 36913
23074 36915
23076 36917
23077 36919
23078 36921
23079 36923
23081 36925
23082 36927
23083 36929
23084 36931
23086 36933
23087 36935
23088 36937
23089 36939
23091 36941
23092 36943
23093 36945
23094 36947
23096 36949
23097 36951
23098 36953
23099 36955
23101 36957
23102 36959
23103 36961
23104 36963
23106 36965
23107 36967
23108 36969
23109 36971
23111 36973
23112 36975
23113 36977
23114 36979
23116 36981
23117 36983
23118 36985
23119 36987
23121 36989
23122 36991
23123 36993
23124 36995
23126 36997
23127 36999
23128 37001
23129 37003
23131 37005
23132 37007
23133 37009
23134 37011
23136 37013
23137 37015
23138 37017
23139 37019
23141 37021
23142 37023
23143 37025
23144 37027
23146 37029
23147 37031
23148 37033
23149 37035
23151 37037
23152 37039
23153 37041
23154 37043
23156 37045
23157 37047
23158 37049
23159 37051
23161 37053
23162 37055
23163 37057
23164 37059
23166 37061
23167 37063
23168 37065
23169 37067
23171 37069
23172 37071
23173 37073
23174 37075
23176 37077
23177 37079
23178 37081
23179 37083
23181 37085
23182 37087
23183 37089
23184 37091
23186 37093
23187 37095
23188 37097
23189 37099
23191 37101
23192 37103
23193 37105
23194 37107
23196 37109
23197 37111
23198 37113
23199 37115
23201 37117
23202 37119
23203 37121
23204 37123
23206 37125
23207 37127
23208 37129
23209 37131
23211 37133
23212 37135
23213 37137
23214 37139
23216 37141
23217 37143
23218 37145
23219 37147
23221 37149
23222 37151
23223 37153
23224 37155
23226 37157
23227 37159
23228 37161
23229 37163
23231 37165
23232 37167
23233 37169
23234 37171
23236 37173
23237 37175
23238 37177
23239 37179
23241 37181
23242 37183
23243 37185
23244 37187
23246 37189
23247 37191
23248 37193
23249 37195
23251 37197
23252 37199
23253 37201
23254 37203
23256 37205
23257 37207
23258 37209
23259 37211
23261 37213
23262 37215
23263 37217
23264 37219
23266 37221
23267 37223
23268 37225
23269 37227
23271 37229
23272 37231
23273 37233
23274 37235
23276 37237
23277 37239
23278 37241
23279 37243
23281 37245
23282 37247
23283 37249
23284 37251
23286 37253
23287 37255
23288 37257
23289 37259
23291 37261
23292 37263
23293 37265
23294 37267
23296 37269
23297 37271
23298 37273
23299 37275
23301 37277
23302 37279
23303 37281
23304 37283
23306 37285
23307 37287
23308 37289
23309 37291
23311 37293
23312 37295
23313 37297
23314 37299
23316 37301
23317 37303
23318 37305
23319 37307
23321 37309
23322 37311
23323 37313
23324 37315
23326 37317
23327 37319
23328 37321
23329 37323
23331 37325
23332 37327
23333 37329
23334 37331
23336 37333
23337 37335
23338 37337
23339 37339
23341 37341
23342 37343
23343 37345
23344 37347
23346 37349
23347 37351
23348 37353
23349 37355
23351 37357
23352 37359
23353 37361
23354 37363
23356 37365
23357 37367
23358 37369
23359 37371
23361 37373
23362 37375
23363 37377
23364 37379
23366 37381
23367 37383
23368 37385
23369 37387
23371 37389
23372 37391
23373 37393
23374 37395
23376 37397
23377 37399
23378 37401
23379 37403
23381 37405
23382 37407
23383 37409
23384 37411
23386 37413
23387 37415
23388 37417
23389 37419
23391 37421
23392 37423
23393 37425
23394 37427
23396 37429
23397 37431
23398 37433
23399 37435
23401 37437
23402 37439
23403 37441
23404 37443
23406 37445
23407 37447
23408 37449
23409 37451
23411 37453
23412 37455
23413 37457
23414 37459
23416 37461
23417 37463
23418 37465
23419 37467
23421 37469
23422 37471
23423 37473
23424 37475
23426 37477
23427 37479
23428 37481
23429 37483
23431 37485
23432 37487
23433 37489
23434 37491
23436 37493
23437 37495
23438 37497
23439 37499
23441 37501
23442 37503
23443 37505
23444 37507
23446 37509
23447 37511
23448 37513
23449 37515
23451 37517
23452 37519
23453 37521
23454 37523
23456 37525
23457 37527
23458 37529
23459 37531
23461 37533
23462 37535
23463 37537
23464 37539
23466 37541
23467 37543
23468 37545
23469 37547
23471 37549
23472 37551
23473 37553
23474 37555
23476 37557
23477 37559
23478 37561
23479 37563
23481 37565
23482 37567
23483 37569
23484 37571
23486 37573
23487 37575
23488 37577
23489 37579
23491 37581
23492 37583
23493 37585
23494 37587
23496 37589
23497 37591
23498 37593
23499 37595
23501 37597
23502 37599
23503 37601
23504 37603
23506 37605
23507 37607
23508 37609
23509 37611
23511 37613
23512 37615
23513 37617
23514 37619
23516 37621
23517 37623
23518 37625
23519 37627
23521 37629
23522 37631
23523 37633
23524 37635
23526 37637
23527 37639
23528 37641
23529 37643
23531 37645
23532 37647
23533 37649
23534 37651
23536 37653
23537 37655
23538 37657
23539 37659
23541 37661
23542 37663
23543 37665
23544 37667
23546 37669
23547 37671
23548 37673
23549 37675
23551 37677
23552 37679
23553 37681
23554 37683
23556 37685
23557 37687
23558 37689
23559 37691
23561 37693
23562 37695
23563 37697
23564 37699
23566 37701
23567 37703
23568 37705
23569 37707
23571 37709
23572 37711
23573 37713
23574 37715
23576 37717
23577 37719
23578 37721
23579 37723
23581 37725
23582 37727
23583 37729
23584 37731
23586 37733
23587 37735
23588 37737
23589 37739
23591 37741
23592 37743
23593 37745
23594 37747
23596 37749
23597 37751
23598 37753
23599 37755
23601 37757
23602 37759
23603 37761
23604 37763
23606 37765
23607 37767
23608 37769
23609 37771
23611 37773
23612 37775
23613 37777
23614 37779
23616 37781
23617 37783
23618 37785
23619 37787
23621 37789
23622 37791
23623 37793
23624 37795
23626 37797
23627 37799
23628 37801
23629 37803
23631 37805
23632 37807
23633 37809
23634 37811
23636 37813
23637 37815
23638 37817
23639 37819
23641 37821
23642 37823
23643 37825
23644 37827
23646 37829
23647 37831
23648 37833
23649 37835
23651 37837
23652 37839
23653 37841
23654 37843
23656 37845
23657 37847
23658 37849
23659 37851
23661 37853
23662 37855
23663 37857
23664 37859
23666 37861
23667 37863
23668 37865
23669 37867
23671 37869
23672 37871
23673 37873
23674 37875
23676 37877
23677 37879
23678 37881
23679 37883
23681 37885
23682 37887
23683 37889
23684 37891
23686 37893
23687 37895
23688 37897
23689 37899
23691 37901
23692 37903
23693 37905
23694 37907
23696 37909
23697 37911
23698 37913
23699 37915
23701 37917
23702 37919
23703 37921
23704 37923
23706 37925
23707 37927
23708 37929
23709 37931
23711 37933
23712 37935
23713 37937
23714 37939
23716 37941
23717 37943
23718 37945
23719 37947
23721 37949
23722 37951
23723 37953
23724 37955
23726 37957
23727 37959
23728 37961
23729 37963
23731 37965
23732 37967
23733 37969
23734 37971
23736 37973
23737 37975
23738 37977
23739 37979
23741 37981
23742 37983
23743 37985
23744 37987
23746 37989
23747 37991
23748 37993
23749 37995
23751 37997
23752 37999
23753 38001
23754 38003
23756 38005
23757 38007
23758 38009
23759 38011
23761 38013
23762 38015
23763 38017
23764 38019
23766 38021
23767 38023
23768 38025
23769 38027
23771 38029
23772 38031
23773 38033
23774 38035
23776 38037
23777 38039
23778 38041
23779 38043
23781 38045
23782 38047
23783 38049
23784 38051
23786 38053
23787 38055
23788 38057
23789 38059
23791 38061
23792 38063
23793 38065
23794 38067
23796 38069
23797 38071
23798 38073
23799 38075
23801 38077
23802 38079
23803 38081
23804 38083
23806 38085
23807 38087
23808 38089
23809 38091
23811 38093
23812 38095
23813 38097
23814 38099
23816 38101
23817 38103
23818 38105
23819 38107
23821 38109
23822 38111
23823 38113
23824 38115
23826 38117
23827 38119
23828 38121
23829 38123
23831 38125
23832 38127
23833 38129
23834 38131
23836 38133
23837 38135
23838 38137
23839 38139
23841 38141
23842 38143
23843 38145
23844 38147
23846 38149
23847 38151
23848 38153
23849 38155
23851 38157
23852 38159
23853 38161
23854 38163
23856 38165
23857 38167
23858 38169
23859 38171
23861 38173
23862 38175
23863 38177
23864 38179
23866 38181
23867 38183
23868 38185
23869 38187
23871 38189
23872 38191
23873 38193
23874 38195
23876 38197
23877 38199
23878 38201
23879 38203
23881 38205
23882 38207
23883 38209
23884 38211
23886 38213
23887 38215
23888 38217
23889 38219
23891 38221
23892 38223
23893 38225
23894 38227
23896 38229
23897 38231
23898 38233
23899 38235
23901 38237
23902 38239
23903 38241
23904 38243
23906 38245
23907 38247
23908 38249
23909 38251
23911 38253
23912 38255
23913 38257
23914 38259
23916 38261
23917 38263
23918 38265
23919 38267
23921 38269
23922 38271
23923 38273
23924 38275
23926 38277
23927 38279
23928 38281
23929 38283
23931 38285
23932 38287
23933 38289
23934 38291
23936 38293
23937 38295
23938 38297
23939 38299
23941 38301
23942 38303
23943 38305
23944 38307
23946 38309
23947 38311
23948 38313
23949 38315
23951 38317
23952 38319
23953 38321
23954 38323
23956 38325
23957 38327
23958 38329
23959 38331
23961 38333
23962 38335
23963 38337
23964 38339
23966 38341
23967 38343
23968 38345
23969 38347
23971 38349
23972 38351
23973 38353
23974 38355
23976 38357
23977 38359
23978 38361
23979 38363
23981 38365
23982 38367
23983 38369
23984 38371
23986 38373
23987 38375
23988 38377
23989 38379
23991 38381
23992 38383
23993 38385
23994 38387
23996 38389
23997 38391
23998 38393
23999 38395
24001 38397
24002 38399
24003 38401
24004 38403
24006 38405
24007 38407
24008 38409
24009 38411
24011 38413
24012 38415
24013 38417
24014 38419
24016 38421
24017 38423
24018 38425
24019 38427
24021 38429
24022 38431
24023 38433
24024 38435
24026 38437
24027 38439
24028 38441
24029 38443
24031 38445
24032 38447
24033 38449
24034 38451
24036 38453
24037 38455
24038 38457
24039 38459
24041 38461
24042 38463
24043 38465
24044 38467
24046 38469
24047 38471
24048 38473
24049 38475
24051 38477
24052 38479
24053 38481
24054 38483
24056 38485
24057 38487
24058 38489
24059 38491
24061 38493
24062 38495
24063 38497
24064 38499
24066 38501
24067 38503
24068 38505
24069 38507
24071 38509
24072 38511
24073 38513
24074 38515
24076 38517
24077 38519
24078 38521
24079 38523
24081 38525
24082 38527
24083 38529
24084 38531
24086 38533
24087 38535
24088 38537
24089 38539
24091 38541
24092 38543
24093 38545
24094 38547
24096 38549
24097 38551
24098 38553
24099 38555
24101 38557
24102 38559
24103 38561
24104 38563
24106 38565
24107 38567
24108 38569
24109 38571
24111 38573
24112 38575
24113 38577
24114 38579
24116 38581
24117 38583
24118 38585
24119 38587
24121 38589
24122 38591
24123 38593
24124 38595
24126 38597
24127 38599
24128 38601
24129 38603
24131 38605
24132 38607
24133 38609
24134 38611
24136 38613
24137 38615
24138 38617
24139 38619
24141 38621
24142 38623
24143 38625
24144 38627
24146 38629
24147 38631
24148 38633
24149 38635
24151 38637
24152 38639
24153 38641
24154 38643
24156 38645
24157 38647
24158 38649
24159 38651
24161 38653
24162 38655
24163 38657
24164 38659
24166 38661
24167 38663
24168 38665
24169 38667
24171 38669
24172 38671
24173 38673
24174 38675
24176 38677
24177 38679
24178 38681
24179 38683
24181 38685
24182 38687
24183 38689
24184 38691
24186 38693
24187 38695
24188 38697
24189 38699
24191 38701
24192 38703
24193 38705
24194 38707
24196 38709
24197 38711
24198 38713
24199 38715
24201 38717
24202 38719
24203 38721
24204 38723
24206 38725
24207 38727
24208 38729
24209 38731
24211 38733
24212 38735
24213 38737
24214 38739
24216 38741
24217 38743
24218 38745
24219 38747
24221 38749
24222 38751
24223 38753
24224 38755
24226 38757
24227 38759
24228 38761
24229 38763
24231 38765
24232 38767
24233 38769
24234 38771
24236 38773
24237 38775
24238 38777
24239 38779
24241 38781
24242 38783
24243 38785
24244 38787
24246 38789
24247 38791
24248 38793
24249 38795
24251 38797
24252 38799
24253 38801
24254 38803
24256 38805
24257 38807
24258 38809
24259 38811
24261 38813
24262 38815
24263 38817
24264 38819
24266 38821
24267 38823
24268 38825
24269 38827
24271 38829
24272 38831
24273 38833
24274 38835
24276 38837
24277 38839
24278 38841
24279 38843
24281 38845
24282 38847
24283 38849
24284 38851
24286 38853
24287 38855
24288 38857
24289 38859
24291 38861
24292 38863
24293 38865
24294 38867
24296 38869
24297 38871
24298 38873
24299 38875
24301 38877
24302 38879
24303 38881
24304 38883
24306 38885
24307 38887
24308 38889
24309 38891
24311 38893
24312 38895
24313 38897
24314 38899
24316 38901
24317 38903
24318 38905
24319 38907
24321 38909
24322 38911
24323 38913
24324 38915
24326 38917
24327 38919
24328 38921
24329 38923
24331 38925
24332 38927
24333 38929
24334 38931
24336 38933
24337 38935
24338 38937
24339 38939
24341 38941
24342 38943
24343 38945
24344 38947
24346 38949
24347 38951
24348 38953
24349 38955
24351 38957
24352 38959
24353 38961
24354 38963
24356 38965
24357 38967
24358 38969
24359 38971
24361 38973
24362 38975
24363 38977
24364 38979
24366 38981
24367 38983
24368 38985
24369 38987
24371 38989
24372 38991
24373 38993
24374 38995
24376 38997
24377 38999
24378 39001
24379 39003
24381 39005
24382 39007
24383 39009
24384 39011
24386 39013
24387 39015
24388 39017
24389 39019
24391 39021
24392 39023
24393 39025
24394 39027
24396 39029
24397 39031
24398 39033
24399 39035
24401 39037
24402 39039
24403 39041
24404 39043
24406 39045
24407 39047
24408 39049
24409 39051
24411 39053
24412 39055
24413 39057
24414 39059
24416 39061
24417 39063
24418 39065
24419 39067
24421 39069
24422 39071
24423 39073
24424 39075
24426 39077
24427 39079
24428 39081
24429 39083
24431 39085
24432 39087
24433 39089
24434 39091
24436 39093
24437 39095
24438 39097
24439 39099
24441 39101
24442 39103
24443 39105
24444 39107
24446 39109
24447 39111
24448 39113
24449 39115
24451 39117
24452 39119
24453 39121
24454 39123
24456 39125
24457 39127
24458 39129
24459 39131
24461 39133
24462 39135
24463 39137
24464 39139
24466 39141
24467 39143
24468 39145
24469 39147
24471 39149
24472 39151
24473 39153
24474 39155
24476 39157
24477 39159
24478 39161
24479 39163
24481 39165
24482 39167
24483 39169
24484 39171
24486 39173
24487 39175
24488 39177
24489 39179
24491 39181
24492 39183
24493 39185
24494 39187
24496 39189
24497 39191
24498 39193
24499 39195
24501 39197
24502 39199
24503 39201
24504 39203
24506 39205
24507 39207
24508 39209
24509 39211
24511 39213
24512 39215
24513 39217
24514 39219
24516 39221
24517 39223
24518 39225
24519 39227
24521 39229
24522 39231
24523 39233
24524 39235
24526 39237
24527 39239
24528 39241
24529 39243
24531 39245
24532 39247
24533 39249
24534 39251
24536 39253
24537 39255
24538 39257
24539 39259
24541 39261
24542 39263
24543 39265
24544 39267
24546 39269
24547 39271
24548 39273
24549 39275
24551 39277
24552 39279
24553 39281
24554 39283
24556 39285
24557 39287
24558 39289
24559 39291
24561 39293
24562 39295
24563 39297
24564 39299
24566 39301
24567 39303
24568 39305
24569 39307
24571 39309
24572 39311
24573 39313
24574 39315
24576 39317
24577 39319
24578 39321
24579 39323
24581 39325
24582 39327
24583 39329
24584 39331
24586 39333
24587 39335
24588 39337
24589 39339
24591 39341
24592 39343
24593 39345
24594 39347
24596 39349
24597 39351
24598 39353
24599 39355
24601 39357
24602 39359
24603 39361
24604 39363
24606 39365
24607 39367
24608 39369
24609 39371
24611 39373
24612 39375
24613 39377
24614 39379
24616 39381
24617 39383
24618 39385
24619 39387
24621 39389
24622 39391
24623 39393
24624 39395
24626 39397
24627 39399
24628 39401
24629 39403
24631 39405
24632 39407
24633 39409
24634 39411
24636 39413
24637 39415
24638 39417
24639 39419
24641 39421
24642 39423
24643 39425
24644 39427
24646 39429
24647 39431
24648 39433
24649 39435
24651 39437
24652 39439
24653 39441
24654 39443
24656 39445
24657 39447
24658 39449
24659 39451
24661 39453
24662 39455
24663 39457
24664 39459
24666 39461
24667 39463
24668 39465
24669 39467
24671 39469
24672 39471
24673 39473
24674 39475
24676 39477
24677 39479
24678 39481
24679 39483
24681 39485
24682 39487
24683 39489
24684 39491
24686 39493
24687 39495
24688 39497
24689 39499
24691 39501
24692 39503
24693 39505
24694 39507
24696 39509
24697 39511
24698 39513
24699 39515
24701 39517
24702 39519
24703 39521
24704 39523
24706 39525
24707 39527
24708 39529
24709 39531
24711 39533
24712 39535
24713 39537
24714 39539
24716 39541
24717 39543
24718 39545
24719 39547
24721 39549
24722 39551
24723 39553
24724 39555
24726 39557
24727 39559
24728 39561
24729 39563
24731 39565
24732 39567
24733 39569
24734 39571
24736 39573
24737 39575
24738 39577
24739 39579
24741 39581
24742 39583
24743 39585
24744 39587
24746 39589
24747 39591
24748 39593
24749 39595
24751 39597
24752 39599
24753 39601
24754 39603
24756 39605
24757 39607
24758 39609
24759 39611
24761 39613
24762 39615
24763 39617
24764 39619
24766 39621
24767 39623
24768 39625
24769 39627
24771 39629
24772 39631
24773 39633
24774 39635
24776 39637
24777 39639
24778 39641
24779 39643
24781 39645
24782 39647
24783 39649
24784 39651
24786 39653
24787 39655
24788 39657
24789 39659
24791 39661
24792 39663
24793 39665
24794 39667
24796 39669
24797 39671
24798 39673
24799 39675
24801 39677
24802 39679
24803 39681
24804 39683
24806 39685
24807 39687
24808 39689
24809 39691
24811 39693
24812 39695
24813 39697
24814 39699
24816 39701
24817 39703
24818 39705
24819 39707
24821 39709
24822 39711
24823 39713
24824 39715
24826 39717
24827 39719
24828 39721
24829 39723
24831 39725
24832 39727
24833 39729
24834 39731
24836 39733
24837 39735
24838 39737
24839 39739
24841 39741
24842 39743
24843 39745
24844 39747
24846 39749
24847 39751
24848 39753
24849 39755
24851 39757
24852 39759
24853 39761
24854 39763
24856 39765
24857 39767
24858 39769
24859 39771
24861 39773
24862 39775
24863 39777
24864 39779
24866 39781
24867 39783
24868 39785
24869 39787
24871 39789
24872 39791
24873 39793
24874 39795
24876 39797
24877 39799
24878 39801
24879 39803
24881 39805
24882 39807
24883 39809
24884 39811
24886 39813
24887 39815
24888 39817
24889 39819
24891 39821
24892 39823
24893 39825
24894 39827
24896 39829
24897 39831
24898 39833
24899 39835
24901 39837
24902 39839
24903 39841
24904 39843
24906 39845
24907 39847
24908 39849
24909 39851
24911 39853
24912 39855
24913 39857
24914 39859
24916 39861
24917 39863
24918 39865
24919 39867
24921 39869
24922 39871
24923 39873
24924 39875
24926 39877
24927 39879
24928 39881
24929 39883
24931 39885
24932 39887
24933 39889
24934 39891
24936 39893
24937 39895
24938 39897
24939 39899
24941 39901
24942 39903
24943 39905
24944 39907
24946 39909
24947 39911
24948 39913
24949 39915
24951 39917
24952 39919
24953 39921
24954 39923
24956 39925
24957 39927
24958 39929
24959 39931
24961 39933
24962 39935
24963 39937
24964 39939
24966 39941
24967 39943
24968 39945
24969 39947
24971 39949
24972 39951
24973 39953
24974 39955
24976 39957
24977 39959
24978 39961
24979 39963
24981 39965
24982 39967
24983 39969
24984 39971
24986 39973
24987 39975
24988 39977
24989 39979
24991 39981
24992 39983
24993 39985
24994 39987
24996 39989
24997 39991
24998 39993
24999 39995
25001 39997
25002 39999
25003 40001
25004 40003
25006 40005
25007 40007
25008 40009
25009 40011
25011 40013
25012 40015
25013 40017
25014 40019
25016 40021
25017 40023
25018 40025
25019 40027
25021 40029
25022 40031
25023 40033
25024 40035
25026 40037
25027 40039
25028 40041
25029 40043
25031 40045
25032 40047
25033 40049
25034 40051
25036 40053
25037 40055
25038 40057
25039 40059
25041 40061
25042 40063
25043 40065
25044 40067
25046 40069
25047 40071
25048 40073
25049 40075
25051 40077
25052 40079
25053 40081
25054 40083
25056 40085
25057 40087
25058 40089
25059 40091
25061 40093
25062 40095
25063 40097
25064 40099
25066 40101
25067 40103
25068 40105
25069 40107
25071 40109
25072 40111
25073 40113
25074 40115
25076 40117
25077 40119
25078 40121
25079 40123
25081 40125
25082 40127
25083 40129
25084 40131
25086 40133
25087 40135
25088 40137
25089 40139
25091 40141
25092 40143
25093 40145
25094 40147
25096 40149
25097 40151
25098 40153
25099 40155
25101 40157
25102 40159
25103 40161
25104 40163
25106 40165
25107 40167
25108 40169
25109 40171
25111 40173
25112 40175
25113 40177
25114 40179
25116 40181
25117 40183
25118 40185
25119 40187
25121 40189
25122 40191
25123 40193
25124 40195
25126 40197
25127 40199
25128 40201
25129 40203
25131 40205
25132 40207
25133 40209
25134 40211
25136 40213
25137 40215
25138 40217
25139 40219
25141 40221
25142 40223
25143 40225
25144 40227
25146 40229
25147 40231
25148 40233
25149 40235
25151 40237
25152 40239
25153 40241
25154 40243
25156 40245
25157 40247
25158 40249
25159 40251
25161 40253
25162 40255
25163 40257
25164 40259
25166 40261
25167 40263
25168 40265
25169 40267
25171 40269
25172 40271
25173 40273
25174 40275
25176 40277
25177 40279
25178 40281
25179 40283
25181 40285
25182 40287
25183 40289
25184 40291
25186 40293
25187 40295
25188 40297
25189 40299
25191 40301
25192 40303
25193 40305
25194 40307
25196 40309
25197 40311
25198 40313
25199 40315
25201 40317
25202 40319
25203 40321
25204 40323
25206 40325
25207 40327
25208 40329
25209 40331
25211 40333
25212 40335
25213 40337
25214 40339
25216 40341
25217 40343
25218 40345
25219 40347
25221 40349
25222 40351
25223 40353
25224 40355
25226 40357
25227 40359
25228 40361
25229 40363
25231 40365
25232 40367
25233 40369
25234 40371
25236 40373
25237 40375
25238 40377
25239 40379
25241 40381
25242 40383
25243 40385
25244 40387
25246 40389
25247 40391
25248 40393
25249 40395
25251 40397
25252 40399
25253 40401
25254 40403
25256 40405
25257 40407
25258 40409
25259 40411
25261 40413
25262 40415
25263 40417
25264 40419
25266 40421
25267 40423
25268 40425
25269 40427
25271 40429
25272 40431
25273 40433
25274 40435
25276 40437
25277 40439
25278 40441
25279 40443
25281 40445
25282 40447
25283 40449
25284 40451
25286 40453
25287 40455
25288 40457
25289 40459
25291 40461
25292 40463
25293 40465
25294 40467
25296 40469
25297 40471
25298 40473
25299 40475
25301 40477
25302 40479
25303 40481
25304 40483
25306 40485
25307 40487
25308 40489
25309 40491
25311 40493
25312 40495
25313 40497
25314 40499
25316 40501
25317 40503
25318 40505
25319 40507
25321 40509
25322 40511
25323 40513
25324 40515
25326 40517
25327 40519
25328 40521
25329 40523
25331 40525
25332 40527
25333 40529
25334 40531
25336 40533
25337 40535
25338 40537
25339 40539
25341 40541
25342 40543
25343 40545
25344 40547
25346 40549
25347 40551
25348 40553
25349 40555
25351 40557
25352 40559
25353 40561
25354 40563
25356 40565
25357 40567
25358 40569
25359 40571
25361 40573
25362 40575
25363 40577
25364 40579
25366 40581
25367 40583
25368 40585
25369 40587
25371 40589
25372 40591
25373 40593
25374 40595
25376 40597
25377 40599
25378 40601
25379 40603
25381 40605
25382 40607
25383 40609
25384 40611
25386 40613
25387 40615
25388 40617
25389 40619
25391 40621
25392 40623
25393 40625
25394 40627
25396 40629
25397 40631
25398 40633
25399 40635
25401 40637
25402 40639
25403 40641
25404 40643
25406 40645
25407 40647
25408 40649
25409 40651
25411 40653
25412 40655
25413 40657
25414 40659
25416 40661
25417 40663
25418 40665
25419 40667
25421 40669
25422 40671
25423 40673
25424 40675
25426 40677
25427 40679
25428 40681
25429 40683
25431 40685
25432 40687
25433 40689
25434 40691
25436 40693
25437 40695
25438 40697
25439 40699
25441 40701
25442 40703
25443 40705
25444 40707
25446 40709
25447 40711
25448 40713
25449 40715
25451 40717
25452 40719
25453 40721
25454 40723
25456 40725
25457 40727
25458 40729
25459 40731
25461 40733
25462 40735
25463 40737
25464 40739
25466 40741
25467 40743
25468 40745
25469 40747
25471 40749
25472 40751
25473 40753
25474 40755
25476 40757
25477 40759
25478 40761
25479 40763
25481 40765
25482 40767
25483 40769
25484 40771
25486 40773
25487 40775
25488 40777
25489 40779
25491 40781
25492 40783
25493 40785
25494 40787
25496 40789
25497 40791
25498 40793
25499 40795
25501 40797
25502 40799
25503 40801
25504 40803
25506 40805
25507 40807
25508 40809
25509 40811
25511 40813
25512 40815
25513 40817
25514 40819
25516 40821
25517 40823
25518 40825
25519 40827
25521 40829
25522 40831
25523 40833
25524 40835
25526 40837
25527 40839
25528 40841
25529 40843
25531 40845
25532 40847
25533 40849
25534 40851
25536 40853
25537 40855
25538 40857
25539 40859
25541 40861
25542 40863
25543 40865
25544 40867
25546 40869
25547 40871
25548 40873
25549 40875
25551 40877
25552 40879
25553 40881
25554 40883
25556 40885
25557 40887
25558 40889
25559 40891
25561 40893
25562 40895
25563 40897
25564 40899
25566 40901
25567 40903
25568 40905
25569 40907
25571 40909
25572 40911
25573 40913
25574 40915
25576 40917
25577 40919
25578 40921
25579 40923
25581 40925
25582 40927
25583 40929
25584 40931
25586 40933
25587 40935
25588 40937
25589 40939
25591 40941
25592 40943
25593 40945
25594 40947
25596 40949
25597 40951
25598 40953
25599 40955
25601 40957
25602 40959
25603 40961
25604 40963
25606 40965
25607 40967
25608 40969
25609 40971
25611 40973
25612 40975
25613 40977
25614 40979
25616 40981
25617 40983
25618 40985
25619 40987
25621 40989
25622 40991
25623 40993
25624 40995
25626 40997
25627 40999
25628 41001
25629 41003
25631 41005
25632 41007
25633 41009
25634 41011
25636 41013
25637 41015
25638 41017
25639 41019
25641 41021
25642 41023
25643 41025
25644 41027
25646 41029
25647 41031
25648 41033
25649 41035
25651 41037
25652 41039
25653 41041
25654 41043
25656 41045
25657 41047
25658 41049
25659 41051
25661 41053
25662 41055
25663 41057
25664 41059
25666 41061
25667 41063
25668 41065
25669 41067
25671 41069
25672 41071
25673 41073
25674 41075
25676 41077
25677 41079
25678 41081
25679 41083
25681 41085
25682 41087
25683 41089
25684 41091
25686 41093
25687 41095
25688 41097
25689 41099
25691 41101
25692 41103
25693 41105
25694 41107
25696 41109
25697 41111
25698 41113
25699 41115
25701 41117
25702 41119
25703 41121
25704 41123
25706 41125
25707 41127
25708 41129
25709 41131
25711 41133
25712 41135
25713 41137
25714 41139
25716 41141
25717 41143
25718 41145
25719 41147
25721 41149
25722 41151
25723 41153
25724 41155
25726 41157
25727 41159
25728 41161
25729 41163
25731 41165
25732 41167
25733 41169
25734 41171
25736 41173
25737 41175
25738 41177
25739 41179
25741 41181
25742 41183
25743 41185
25744 41187
25746 41189
25747 41191
25748 41193
25749 41195
25751 41197
25752 41199
25753 41201
25754 41203
25756 41205
25757 41207
25758 41209
25759 41211
25761 41213
25762 41215
25763 41217
25764 41219
25766 41221
25767 41223
25768 41225
25769 41227
25771 41229
25772 41231
25773 41233
25774 41235
25776 41237
25777 41239
25778 41241
25779 41243
25781 41245
25782 41247
25783 41249
25784 41251
25786 41253
25787 41255
25788 41257
25789 41259
25791 41261
25792 41263
25793 41265
25794 41267
25796 41269
25797 41271
25798 41273
25799 41275
25801 41277
25802 41279
25803 41281
25804 41283
25806 41285
25807 41287
25808 41289
25809 41291
25811 41293
25812 41295
25813 41297
25814 41299
25816 41301
25817 41303
25818 41305
25819 41307
25821 41309
25822 41311
25823 41313
25824 41315
25826 41317
25827 41319
25828 41321
25829 41323
25831 41325
25832 41327
25833 41329
25834 41331
25836 41333
25837 41335
25838 41337
25839 41339
25841 41341
25842 41343
25843 41345
25844 41347
25846 41349
25847 41351
25848 41353
25849 41355
25851 41357
25852 41359
25853 41361
25854 41363
25856 41365
25857 41367
25858 41369
25859 41371
25861 41373
25862 41375
25863 41377
25864 41379
25866 41381
25867 41383
25868 41385
25869 41387
25871 41389
25872 41391
25873 41393
25874 41395
25876 41397
25877 41399
25878 41401
25879 41403
25881 41405
25882 41407
25883 41409
25884 41411
25886 41413
25887 41415
25888 41417
25889 41419
25891 41421
25892 41423
25893 41425
25894 41427
25896 41429
25897 41431
25898 41433
25899 41435
25901 41437
25902 41439
25903 41441
25904 41443
25906 41445
25907 41447
25908 41449
25909 41451
25911 41453
25912 41455
25913 41457
25914 41459
25916 41461
25917 41463
25918 41465
25919 41467
25921 41469
25922 41471
25923 41473
25924 41475
25926 41477
25927 41479
25928 41481
25929 41483
25931 41485
25932 41487
25933 41489
25934 41491
25936 41493
25937 41495
25938 41497
25939 41499
25941 41501
25942 41503
25943 41505
25944 41507
25946 41509
25947 41511
25948 41513
25949 41515
25951 41517
25952 41519
25953 41521
25954 41523
25956 41525
25957 41527
25958 41529
25959 41531
25961 41533
25962 41535
25963 41537
25964 41539
25966 41541
25967 41543
25968 41545
25969 41547
25971 41549
25972 41551
25973 41553
25974 41555
25976 41557
25977 41559
25978 41561
25979 41563
25981 41565
25982 41567
25983 41569
25984 41571
25986 41573
25987 41575
25988 41577
25989 41579
25991 41581
25992 41583
25993 41585
25994 41587
25996 41589
25997 41591
25998 41593
25999 41595
26001 41597
26002 41599
26003 41601
26004 41603
26006 41605
26007 41607
26008 41609
26009 41611
26011 41613
26012 41615
26013 41617
26014 41619
26016 41621
26017 41623
26018 41625
26019 41627
26021 41629
26022 41631
26023 41633
26024 41635
26026 41637
26027 41639
26028 41641
26029 41643
26031 41645
26032 41647
26033 41649
26034 41651
26036 41653
26037 41655
26038 41657
26039 41659
26041 41661
26042 41663
26043 41665
26044 41667
26046 41669
26047 41671
26048 41673
26049 41675
26051 41677
26052 41679
26053 41681
26054 41683
26056 41685
26057 41687
26058 41689
26059 41691
26061 41693
26062 41695
26063 41697
26064 41699
26066 41701
26067 41703
26068 41705
26069 41707
26071 41709
26072 41711
26073 41713
26074 41715
26076 41717
26077 41719
26078 41721
26079 41723
26081 41725
26082 41727
26083 41729
26084 41731
26086 41733
26087 41735
26088 41737
26089 41739
26091 41741
26092 41743
26093 41745
26094 41747
26096 41749
26097 41751
26098 41753
26099 41755
26101 41757
26102 41759
26103 41761
26104 41763
26106 41765
26107 41767
26108 41769
26109 41771
26111 41773
26112 41775
26113 41777
26114 41779
26116 41781
26117 41783
26118 41785
26119 41787
26121 41789
26122 41791
26123 41793
26124 41795
26126 41797
26127 41799
26128 41801
26129 41803
26131 41805
26132 41807
26133 41809
26134 41811
26136 41813
26137 41815
26138 41817
26141 41819
26142 41821
26143 41823
26144 41825
26146 41827
26147 41829
26148 41831
26149 41833
26151 41835
26152 41837
26153 41839
26154 41841
26156 41843
26157 41845
26158 41847
26159 41849
26161 41851
26162 41853
26163 41855
26164 41857
26166 41859
26167 41861
26168 41863
26169 41865
26171 41867
26172 41869
26173 41871
26174 41873
26176 41875
26177 41877
26178 41879
26179 41881
26181 41883
26182 41885
26183 41887
26184 41889
26186 41891
26187 41893
26188 41895
26189 41897
26191 41899
26192 41901
26193 41903
26194 41905
26196 41907
26197 41909
26198 41911
26199 41913
26201 41915
26202 41917
26203 41919
26204 41921
26206 41923
26207 41925
26208 41927
26209 41929
26211 41931
26212 41933
26213 41935
26214 41937
26216 41939
26217 41941
26218 41943
26219 41945
26221 41947
26222 41949
26223 41951
26224 41953
26226 41955
26227 41957
26228 41959
26229 41961
26231 41963
26232 41965
26233 41967
26234 41969
26236 41971
26237 41973
26238 41975
26239 41977
26241 41979
26242 41981
26243 41983
26244 41985
26246 41987
26247 41989
26248 41991
26249 41993
26251 41995
26252 41997
26253 41999
26254 42001
26256 42003
26257 42005
26258 42007
26259 42009
26261 42011
26262 42013
26263 42015
26264 42017
26266 42019
26267 42021
26268 42023
26269 42025
26271 42027
26272 42029
26273 42031
26274 42033
26276 42035
26277 42037
26278 42039
26279 42041
26281 42043
26282 42045
26283 42047
26284 42049
26286 42051
26287 42053
26288 42055
26289 42057
26291 42059
26292 42061
26293 42063
26294 42065
26296 42067
26297 42069
26298 42071
26299 42073
26301 42075
26302 42077
26303 42079
26304 42081
26306 42083
26307 42085
26308 42087
26309 42089
26311 42091
26312 42093
26313 42095
26314 42097
26316 42099
26317 42101
26318 42103
26319 42105
26321 42107
26322 42109
26323 42111
26324 42113
26326 42115
26327 42117
26328 42119
26329 42121
26331 42123
26332 42125
26333 42127
26334 42129
26336 42131
26337 42133
26338 42135
26339 42137
26341 42139
26342 42141
26343 42143
26344 42145
26346 42147
26347 42149
26348 42151
26349 42153
26351 42155
26352 42157
26353 42159
26354 42161
26356 42163
26357 42165
26358 42167
26359 42169
26361 42171
26362 42173
26363 42175
26364 42177
26366 42179
26367 42181
26368 42183
26369 42185
26371 42187
26372 42189
26373 42191
26374 42193
26376 42195
26377 42197
26378 42199
26379 42201
26381 42203
26382 42205
26383 42207
26384 42209
26386 42211
26387 42213
26388 42215
26389 42217
26391 42219
26392 42221
26393 42223
26394 42225
26396 42227
26397 42229
26398 42231
26399 42233
26401 42235
26402 42237
26403 42239
26404 42241
26406 42243
26407 42245
26408 42247
26409 42249
26411 42251
26412 42253
26413 42255
26414 42257
26416 42259
26417 42261
26418 42263
26419 42265
26421 42267
26422 42269
26423 42271
26424 42273
26426 42275
26427 42277
26428 42279
26429 42281
26431 42283
26432 42285
26433 42287
26434 42289
26436 42291
26437 42293
26438 42295
26439 42297
26441 42299
26442 42301
26443 42303
26444 42305
26446 42307
26447 42309
26448 42311
26449 42313
26451 42315
26452 42317
26453 42319
26454 42321
26456 42323
26457 42325
26458 42327
26459 42329
26461 42331
26462 42333
26463 42335
26464 42337
26466 42339
26467 42341
26468 42343
26469 42345
26471 42347
26472 42349
26473 42351
26474 42353
26476 42355
26477 42357
26478 42359
26479 42361
26481 42363
26482 42365
26483 42367
26484 42369
26486 42371
26487 42373
26488 42375
26489 42377
26491 42379
26492 42381
26493 42383
26494 42385
26496 42387
26497 42389
26498 42391
26499 42393
26501 42395
26502 42397
26503 42399
26504 42401
26506 42403
26507 42405
26508 42407
26509 42409
26511 42411
26512 42413
26513 42415
26514 42417
26516 42419
26517 42421
26518 42423
26519 42425
26521 42427
26522 42429
26523 42431
26524 42433
26526 42435
26527 42437
26528 42439
26529 42441
26531 42443
26532 42445
26533 42447
26534 42449
26536 42451
26537 42453
26538 42455
26539 42457
26541 42459
26542 42461
26543 42463
26544 42465
26546 42467
26547 42469
26548 42471
26549 42473
26551 42475
26552 42477
26553 42479
26554 42481
26556 42483
26557 42485
26558 42487
26559 42489
26561 42491
26562 42493
26563 42495
26564 42497
26566 42499
26567 42501
26568 42503
26569 42505
26571 42507
26572 42509
26573 42511
26574 42513
26576 42515
26577 42517
26578 42519
26579 42521
26581 42523
26582 42525
26583 42527
26584 42529
26586 42531
26587 42533
26588 42535
26589 42537
26591 42539
26592 42541
26593 42543
26594 42545
26596 42547
26597 42549
26598 42551
26599 42553
26601 42555
26602 42557
26603 42559
26604 42561
26606 42563
26607 42565
26608 42567
26609 42569
26611 42571
26612 42573
26613 42575
26614 42577
26616 42579
26617 42581
26618 42583
26619 42585
26621 42587
26622 42589
26623 42591
26624 42593
26626 42595
26627 42597
26628 42599
26629 42601
26631 42603
26632 42605
26633 42607
26634 42609
26636 42611
26637 42613
26638 42615
26639 42617
26641 42619
26642 42621
26643 42623
26644 42625
26646 42627
26647 42629
26648 42631
26649 42633
26651 42635
26652 42637
26653 42639
26654 42641
26656 42643
26657 42645
26658 42647
26659 42649
26661 42651
26662 42653
26663 42655
26664 42657
26666 42659
26667 42661
26668 42663
26669 42665
26671 42667
26672 42669
26673 42671
26674 42673
26676 42675
26677 42677
26678 42679
26679 42681
26681 42683
26682 42685
26683 42687
26684 42689
26686 42691
26687 42693
26688 42695
26689 42697
26691 42699
26692 42701
26693 42703
26694 42705
26696 42707
26697 42709
26698 42711
26699 42713
26701 42715
26702 42717
26703 42719
26704 42721
26706 42723
26707 42725
26708 42727
26709 42729
26711 42731
26712 42733
26713 42735
26714 42737
26716 42739
26717 42741
26718 42743
26719 42745
26721 42747
26722 42749
26723 42751
26724 42753
26726 42755
26727 42757
26728 42759
26729 42761
26731 42763
26732 42765
26733 42767
26734 42769
26736 42771
26737 42773
26738 42775
26739 42777
26741 42779
26742 42781
26743 42783
26744 42785
26746 42787
26747 42789
26748 42791
26749 42793
26751 42795
26752 42797
26753 42799
26754 42801
26756 42803
26757 42805
26758 42807
26759 42809
26761 42811
26762 42813
26763 42815
26764 42817
26766 42819
26767 42821
26768 42823
26769 42825
26771 42827
26772 42829
26773 42831
26774 42833
26776 42835
26777 42837
26778 42839
26779 42841
26781 42843
26782 42845
26783 42847
26784 42849
26786 42851
26787 42853
26788 42855
26789 42857
26791 42859
26792 42861
26793 42863
26794 42865
26796 42867
26797 42869
26798 42871
26799 42873
26801 42875
26802 42877
26803 42879
26804 42881
26806 42883
26807 42885
26808 42887
26809 42889
26811 42891
26812 42893
26813 42895
26814 42897
26816 42899
26817 42901
26818 42903
26819 42905
26821 42907
26822 42909
26823 42911
26824 42913
26826 42915
26827 42917
26828 42919
26829 42921
26831 42923
26832 42925
26833 42927
26834 42929
26836 42931
26837 42933
26838 42935
26839 42937
26841 42939
26842 42941
26843 42943
26844 42945
26846 42947
26847 42949
26848 42951
26849 42953
26851 42955
26852 42957
26853 42959
26854 42961
26856 42963
26857 42965
26858 42967
26859 42969
26861 42971
26862 42973
26863 42975
26864 42977
26866 42979
26867 42981
26868 42983
26869 42985
26871 42987
26872 42989
26873 42991
26874 42993
26876 42995
26877 42997
26878 42999
26879 43001
26881 43003
26882 43005
26883 43007
26884 43009
26886 43011
26887 43013
26888 43015
26889 43017
26891 43019
26892 43021
26893 43023
26894 43025
26896 43027
26897 43029
26898 43031
26899 43033
26901 43035
26902 43037
26903 43039
26904 43041
26906 43043
26907 43045
26908 43047
26909 43049
26911 43051
26912 43053
26913 43055
26914 43057
26916 43059
26917 43061
26918 43063
26919 43065
26921 43067
26922 43069
26923 43071
26924 43073
26926 43075
26927 43077
26928 43079
26929 43081
26931 43083
26932 43085
26933 43087
26934 43089
26936 43091
26937 43093
26938 43095
26939 43097
26941 43099
26942 43101
26943 43103
26944 43105
26946 43107
26947 43109
26948 43111
26949 43113
26951 43115
26952 43117
26953 43119
26954 43121
26956 43123
26957 43125
26958 43127
26959 43129
26961 43131
26962 43133
26963 43135
26964 43137
26966 43139
26967 43141
26968 43143
26969 43145
26971 43147
26972 43149
26973 43151
26974 43153
26976 43155
26977 43157
26978 43159
26979 43161
26981 43163
26982 43165
26983 43167
26984 43169
26986 43171
26987 43173
26988 43175
26989 43177
26991 43179
26992 43181
26993 43183
26994 43185
26996 43187
26997 43189
26998 43191
26999 43193
27001 43195
27002 43197
27003 43199
27004 43201
27006 43203
27007 43205
27008 43207
27009 43209
27011 43211
27012 43213
27013 43215
27014 43217
27016 43219
27017 43221
27018 43223
27019 43225
27021 43227
27022 43229
27023 43231
27024 43233
27026 43235
27027 43237
27028 43239
27029 43241
27031 43243
27032 43245
27033 43247
27034 43249
27036 43251
27037 43253
27038 43255
27039 43257
27041 43259
27042 43261
27043 43263
27044 43265
27046 43267
27047 43269
27048 43271
27049 43273
27051 43275
27052 43277
27053 43279
27054 43281
27056 43283
27057 43285
27058 43287
27059 43289
27061 43291
27062 43293
27063 43295
27064 43297
27066 43299
27067 43301
27068 43303
27069 43305
27071 43307
27072 43309
27073 43311
27074 43313
27076 43315
27077 43317
27078 43319
27079 43321
27081 43323
27082 43325
27083 43327
27084 43329
27086 43331
27087 43333
27088 43335
27089 43337
27091 43339
27092 43341
27093 43343
27094 43345
27096 43347
27097 43349
27098 43351
27099 43353
27101 43355
27102 43357
27103 43359
27104 43361
27106 43363
27107 43365
27108 43367
27109 43369
27111 43371
27112 43373
27113 43375
27114 43377
27116 43379
27117 43381
27118 43383
27119 43385
27121 43387
27122 43389
27123 43391
27124 43393
27126 43395
27127 43397
27128 43399
27129 43401
27131 43403
27132 43405
27133 43407
27134 43409
27136 43411
27137 43413
27138 43415
27139 43417
27141 43419
27142 43421
27143 43423
27144 43425
27146 43427
27147 43429
27148 43431
27149 43433
27151 43435
27152 43437
27153 43439
27154 43441
27156 43443
27157 43445
27158 43447
27159 43449
27161 43451
27162 43453
27163 43455
27164 43457
27166 43459
27167 43461
27168 43463
27169 43465
27171 43467
27172 43469
27173 43471
27174 43473
27176 43475
27177 43477
27178 43479
27179 43481
27181 43483
27182 43485
27183 43487
27184 43489
27186 43491
27187 43493
27188 43495
27189 43497
27191 43499
27192 43501
27193 43503
27194 43505
27196 43507
27197 43509
27198 43511
27199 43513
27201 43515
27202 43517
27203 43519
27204 43521
27206 43523
27207 43525
27208 43527
27209 43529
27211 43531
27212 43533
27213 43535
27214 43537
27216 43539
27217 43541
27218 43543
27219 43545
27221 43547
27222 43549
27223 43551
27224 43553
27226 43555
27227 43557
27228 43559
27229 43561
27231 43563
27232 43565
27233 43567
27234 43569
27236 43571
27237 43573
27238 43575
27239 43577
27241 43579
27242 43581
27243 43583
27244 43585
27246 43587
27247 43589
27248 43591
27249 43593
27251 43595
27252 43597
27253 43599
27254 43601
27256 43603
27257 43605
27258 43607
27259 43609
27261 43611
27262 43613
27263 43615
27264 43617
27266 43619
27267 43621
27268 43623
27269 43625
27271 43627
27272 43629
27273 43631
27274 43633
27276 43635
27277 43637
27278 43639
27279 43641
27281 43643
27282 43645
27283 43647
27284 43649
27286 43651
27287 43653
27288 43655
27289 43657
27291 43659
27292 43661
27293 43663
27294 43665
27296 43667
27297 43669
27298 43671
27299 43673
27301 43675
27302 43677
27303 43679
27304 43681
27306 43683
27307 43685
27308 43687
27309 43689
27311 43691
27312 43693
27313 43695
27314 43697
27316 43699
27317 43701
27318 43703
27319 43705
27321 43707
27322 43709
27323 43711
27324 43713
27326 43715
27327 43717
27328 43719
27329 43721
27331 43723
27332 43725
27333 43727
27334 43729
27336 43731
27337 43733
27338 43735
27339 43737
27341 43739
27342 43741
27343 43743
27344 43745
27346 43747
27347 43749
27348 43751
27349 43753
27351 43755
27352 43757
27353 43759
27354 43761
27356 43763
27357 43765
27358 43767
27359 43769
27361 43771
27362 43773
27363 43775
27364 43777
27366 43779
27367 43781
27368 43783
27369 43785
27371 43787
27372 43789
27373 43791
27374 43793
27376 43795
27377 43797
27378 43799
27379 43801
27381 43803
27382 43805
27383 43807
27384 43809
27386 43811
27387 43813
27388 43815
27389 43817
27391 43819
27392 43821
27393 43823
27394 43825
27396 43827
27397 43829
27398 43831
27399 43833
27401 43835
27402 43837
27403 43839
27404 43841
27406 43843
27407 43845
27408 43847
27409 43849
27411 43851
27412 43853
27413 43855
27414 43857
27416 43859
27417 43861
27418 43863
27419 43865
27421 43867
27422 43869
27423 43871
27424 43873
27426 43875
27427 43877
27428 43879
27429 43881
27431 43883
27432 43885
27433 43887
27434 43889
27436 43891
27437 43893
27438 43895
27439 43897
27441 43899
27442 43901
27443 43903
27444 43905
27446 43907
27447 43909
27448 43911
27449 43913
27451 43915
27452 43917
27453 43919
27454 43921
27456 43923
27457 43925
27458 43927
27459 43929
27461 43931
27462 43933
27463 43935
27464 43937
27466 43939
27467 43941
27468 43943
27469 43945
27471 43947
27472 43949
27473 43951
27474 43953
27476 43955
27477 43957
27478 43959
27479 43961
27481 43963
27482 43965
27483 43967
27484 43969
27486 43971
27487 43973
27488 43975
27489 43977
27491 43979
27492 43981
27493 43983
27494 43985
27496 43987
27497 43989
27498 43991
27499 43993
27501 43995
27502 43997
27503 43999
27504 44001
27506 44003
27507 44005
27508 44007
27509 44009
27511 44011
27512 44013
27513 44015
27514 44017
27516 44019
27517 44021
27518 44023
27519 44025
27521 44027
27522 44029
27523 44031
27524 44033
27526 44035
27527 44037
27528 44039
27529 44041
27531 44043
27532 44045
27533 44047
27534 44049
27536 44051
27537 44053
27538 44055
27539 44057
27541 44059
27542 44061
27543 44063
27544 44065
27546 44067
27547 44069
27548 44071
27549 44073
27551 44075
27552 44077
27553 44079
27554 44081
27556 44083
27557 44085
27558 44087
27559 44089
27561 44091
27562 44093
27563 44095
27564 44097
27566 44099
27567 44101
27568 44103
27569 44105
27571 44107
27572 44109
27573 44111
27574 44113
27576 44115
27577 44117
27578 44119
27579 44121
27581 44123
27582 44125
27583 44127
27584 44129
27586 44131
27587 44133
27588 44135
27589 44137
27591 44139
27592 44141
27593 44143
27594 44145
27596 44147
27597 44149
27598 44151
27599 44153
27601 44155
27602 44157
27603 44159
27604 44161
27606 44163
27607 44165
27608 44167
27609 44169
27611 44171
27612 44173
27613 44175
27614 44177
27616 44179
27617 44181
27618 44183
27619 44185
27621 44187
27622 44189
27623 44191
27624 44193
27626 44195
27627 44197
27628 44199
27629 44201
27631 44203
27632 44205
27633 44207
27634 44209
27636 44211
27637 44213
27638 44215
27639 44217
27641 44219
27642 44221
27643 44223
27644 44225
27646 44227
27647 44229
27648 44231
27649 44233
27651 44235
27652 44237
27653 44239
27654 44241
27656 44243
27657 44245
27658 44247
27659 44249
27661 44251
27662 44253
27663 44255
27664 44257
27666 44259
27667 44261
27668 44263
27669 44265
27671 44267
27672 44269
27673 44271
27674 44273
27676 44275
27677 44277
27678 44279
27679 44281
27681 44283
27682 44285
27683 44287
27684 44289
27686 44291
27687 44293
27688 44295
27689 44297
27691 44299
27692 44301
27693 44303
27694 44305
27696 44307
27697 44309
27698 44311
27699 44313
27701 44315
27702 44317
27703 44319
27704 44321
27706 44323
27707 44325
27708 44327
27709 44329
27711 44331
27712 44333
27713 44335
27714 44337
27716 44339
27717 44341
27718 44343
27719 44345
27721 44347
27722 44349
27723 44351
27724 44353
27726 44355
27727 44357
27728 44359
27729 44361
27731 44363
27732 44365
27733 44367
27734 44369
27736 44371
27737 44373
27738 44375
27739 44377
27741 44379
27742 44381
27743 44383
27744 44385
27746 44387
27747 44389
27748 44391
27749 44393
27751 44395
27752 44397
27753 44399
27754 44401
27756 44403
27757 44405
27758 44407
27759 44409
27761 44411
27762 44413
27763 44415
27764 44417
27766 44419
27767 44421
27768 44423
27769 44425
27771 44427
27772 44429
27773 44431
27774 44433
27776 44435
27777 44437
27778 44439
27779 44441
27781 44443
27782 44445
27783 44447
27784 44449
27786 44451
27787 44453
27788 44455
27789 44457
27791 44459
27792 44461
27793 44463
27794 44465
27796 44467
27797 44469
27798 44471
27799 44473
27801 44475
27802 44477
27803 44479
27804 44481
27806 44483
27807 44485
27808 44487
27809 44489
27811 44491
27812 44493
27813 44495
27814 44497
27816 44499
27817 44501
27818 44503
27819 44505
27821 44507
27822 44509
27823 44511
27824 44513
27826 44515
27827 44517
27828 44519
27829 44521
27831 44523
27832 44525
27833 44527
27834 44529
27836 44531
27837 44533
27838 44535
27839 44537
27841 44539
27842 44541
27843 44543
27844 44545
27846 44547
27847 44549
27848 44551
27849 44553
27851 44555
27852 44557
27853 44559
27854 44561
27856 44563
27857 44565
27858 44567
27859 44569
27861 44571
27862 44573
27863 44575
27864 44577
27866 44579
27867 44581
27868 44583
27869 44585
27871 44587
27872 44589
27873 44591
27874 44593
27876 44595
27877 44597
27878 44599
27879 44601
27881 44603
27882 44605
27883 44607
27884 44609
27886 44611
27887 44613
27888 44615
27889 44617
27891 44619
27892 44621
27893 44623
27894 44625
27896 44627
27897 44629
27898 44631
27899 44633
27901 44635
27902 44637
27903 44639
27904 44641
27906 44643
27907 44645
27908 44647
27909 44649
27911 44651
27912 44653
27913 44655
27914 44657
27916 44659
27917 44661
27918 44663
27919 44665
27921 44667
27922 44669
27923 44671
27924 44673
27926 44675
27927 44677
27928 44679
27929 44681
27931 44683
27932 44685
27933 44687
27934 44689
27936 44691
27937 44693
27938 44695
27939 44697
27941 44699
27942 44701
27943 44703
27944 44705
27946 44707
27947 44709
27948 44711
27949 44713
27951 44715
27952 44717
27953 44719
27954 44721
27956 44723
27957 44725
27958 44727
27959 44729
27961 44731
27962 44733
27963 44735
27964 44737
27966 44739
27967 44741
27968 44743
27969 44745
27971 44747
27972 44749
27973 44751
27974 44753
27976 44755
27977 44757
27978 44759
27979 44761
27981 44763
27982 44765
27983 44767
27984 44769
27986 44771
27987 44773
27988 44775
27989 44777
27991 44779
27992 44781
27993 44783
27994 44785
27996 44787
27997 44789
27998 44791
27999 44793
28001 44795
28002 44797
28003 44799
28004 44801
28006 44803
28007 44805
28008 44807
28009 44809
28011 44811
28012 44813
28013 44815
28014 44817
28016 44819
28017 44821
28018 44823
28019 44825
28021 44827
28022 44829
28023 44831
28024 44833
28026 44835
28027 44837
28028 44839
28029 44841
28031 44843
28032 44845
28033 44847
28034 44849
28036 44851
28037 44853
28038 44855
28039 44857
28041 44859
28042 44861
28043 44863
28044 44865
28046 44867
28047 44869
28048 44871
28049 44873
28051 44875
28052 44877
28053 44879
28054 44881
28056 44883
28057 44885
28058 44887
28059 44889
28061 44891
28062 44893
28063 44895
28064 44897
28066 44899
28067 44901
28068 44903
28069 44905
28071 44907
28072 44909
28073 44911
28074 44913
28076 44915
28077 44917
28078 44919
28079 44921
28081 44923
28082 44925
28083 44927
28084 44929
28086 44931
28087 44933
28088 44935
28089 44937
28091 44939
28092 44941
28093 44943
28094 44945
28096 44947
28097 44949
28098 44951
28099 44953
28101 44955
28102 44957
28103 44959
28104 44961
28106 44963
28107 44965
28108 44967
28109 44969
28111 44971
28112 44973
28113 44975
28114 44977
28116 44979
28117 44981
28118 44983
28119 44985
28121 44987
28122 44989
28123 44991
28124 44993
28126 44995
28127 44997
28128 44999
28129 45001
28131 45003
28132 45005
28133 45007
28134 45009
28136 45011
28137 45013
28138 45015
28139 45017
28141 45019
28142 45021
28143 45023
28144 45025
28146 45027
28147 45029
28148 45031
28149 45033
28151 45035
28152 45037
28153 45039
28154 45041
28156 45043
28157 45045
28158 45047
28159 45049
28161 45051
28162 45053
28163 45055
28164 45057
28166 45059
28167 45061
28168 45063
28169 45065
28171 45067
28172 45069
28173 45071
28174 45073
28176 45075
28177 45077
28178 45079
28179 45081
28181 45083
28182 45085
28183 45087
28184 45089
28186 45091
28187 45093
28188 45095
28189 45097
28191 45099
28192 45101
28193 45103
28194 45105
28196 45107
28197 45109
28198 45111
28199 45113
28201 45115
28202 45117
28203 45119
28204 45121
28206 45123
28207 45125
28208 45127
28209 45129
28211 45131
28212 45133
28213 45135
28214 45137
28216 45139
28217 45141
28218 45143
28219 45145
28221 45147
28222 45149
28223 45151
28224 45153
28226 45155
28227 45157
28228 45159
28229 45161
28231 45163
28232 45165
28233 45167
28234 45169
28236 45171
28237 45173
28238 45175
28239 45177
28241 45179
28242 45181
28243 45183
28244 45185
28246 45187
28247 45189
28248 45191
28249 45193
28251 45195
28252 45197
28253 45199
28254 45201
28256 45203
28257 45205
28258 45207
28259 45209
28261 45211
28262 45213
28263 45215
28264 45217
28266 45219
28267 45221
28268 45223
28269 45225
28271 45227
28272 45229
28273 45231
28274 45233
28276 45235
28277 45237
28278 45239
28279 45241
28281 45243
28282 45245
28283 45247
28284 45249
28286 45251
28287 45253
28288 45255
28289 45257
28291 45259
28292 45261
28293 45263
28294 45265
28296 45267
28297 45269
28298 45271
28299 45273
28301 45275
28302 45277
28303 45279
28304 45281
28306 45283
28307 45285
28308 45287
28309 45289
28311 45291
28312 45293
28313 45295
28314 45297
28316 45299
28317 45301
28318 45303
28319 45305
28321 45307
28322 45309
28323 45311
28324 45313
28326 45315
28327 45317
28328 45319
28329 45321
28331 45323
28332 45325
28333 45327
28334 45329
28336 45331
28337 45333
28338 45335
28339 45337
28341 45339
28342 45341
28343 45343
28344 45345
28346 45347
28347 45349
28348 45351
28349 45353
28351 45355
28352 45357
28353 45359
28354 45361
28356 45363
28357 45365
28358 45367
28359 45369
28361 45371
28362 45373
28363 45375
28364 45377
28366 45379
28367 45381
28368 45383
28369 45385
28371 45387
28372 45389
28373 45391
28374 45393
28376 45395
28377 45397
28378 45399
28379 45401
28381 45403
28382 45405
28383 45407
28384 45409
28386 45411
28387 45413
28388 45415
28389 45417
28391 45419
28392 45421
28393 45423
28394 45425
28396 45427
28397 45429
28398 45431
28399 45433
28401 45435
28402 45437
28403 45439
28404 45441
28406 45443
28407 45445
28408 45447
28409 45449
28411 45451
28412 45453
28413 45455
28414 45457
28416 45459
28417 45461
28418 45463
28419 45465
28421 45467
28422 45469
28423 45471
28424 45473
28426 45475
28427 45477
28428 45479
28429 45481
28431 45483
28432 45485
28433 45487
28434 45489
28436 45491
28437 45493
28438 45495
28439 45497
28441 45499
28442 45501
28443 45503
28444 45505
28446 45507
28447 45509
28448 45511
28449 45513
28451 45515
28452 45517
28453 45519
28454 45521
28456 45523
28457 45525
28458 45527
28459 45529
28461 45531
28462 45533
28463 45535
28464 45537
28466 45539
28467 45541
28468 45543
28469 45545
28471 45547
28472 45549
28473 45551
28474 45553
28476 45555
28477 45557
28478 45559
28479 45561
28481 45563
28482 45565
28483 45567
28484 45569
28486 45571
28487 45573
28488 45575
28489 45577
28491 45579
28492 45581
28493 45583
28494 45585
28496 45587
28497 45589
28498 45591
28499 45593
28501 45595
28502 45597
28503 45599
28504 45601
28506 45603
28507 45605
28508 45607
28509 45609
28511 45611
28512 45613
28513 45615
28514 45617
28516 45619
28517 45621
28518 45623
28519 45625
28521 45627
28522 45629
28523 45631
28524 45633
28526 45635
28527 45637
28528 45639
28529 45641
28531 45643
28532 45645
28533 45647
28534 45649
28536 45651
28537 45653
28538 45655
28539 45657
28541 45659
28542 45661
28543 45663
28544 45665
28546 45667
28547 45669
28548 45671
28549 45673
28551 45675
28552 45677
28553 45679
28554 45681
28556 45683
28557 45685
28558 45687
28559 45689
28561 45691
28562 45693
28563 45695
28564 45697
28566 45699
28567 45701
28568 45703
28569 45705
28571 45707
28572 45709
28573 45711
28574 45713
28576 45715
28577 45717
28578 45719
28579 45721
28581 45723
28582 45725
28583 45727
28584 45729
28586 45731
28587 45733
28588 45735
28589 45737
28591 45739
28592 45741
28593 45743
28594 45745
28596 45747
28597 45749
28598 45751
28599 45753
28601 45755
28602 45757
28603 45759
28604 45761
28606 45763
28607 45765
28608 45767
28609 45769
28611 45771
28612 45773
28613 45775
28614 45777
28616 45779
28617 45781
28618 45783
28619 45785
28621 45787
28622 45789
28623 45791
28624 45793
28626 45795
28627 45797
28628 45799
28629 45801
28631 45803
28632 45805
28633 45807
28634 45809
28636 45811
28637 45813
28638 45815
28639 45817
28641 45819
28642 45821
28643 45823
28644 45825
28646 45827
28647 45829
28648 45831
28649 45833
28651 45835
28652 45837
28653 45839
28654 45841
28656 45843
28657 45845
28658 45847
28659 45849
28661 45851
28662 45853
28663 45855
28664 45857
28666 45859
28667 45861
28668 45863
28669 45865
28671 45867
28672 45869
28673 45871
28674 45873
28676 45875
28677 45877
28678 45879
28679 45881
28681 45883
28682 45885
28683 45887
28684 45889
28686 45891
28687 45893
28688 45895
28689 45897
28691 45899
28692 45901
28693 45903
28694 45905
28696 45907
28697 45909
28698 45911
28699 45913
28701 45915
28702 45917
28703 45919
28704 45921
28706 45923
28707 45925
28708 45927
28709 45929
28711 45931
28712 45933
28713 45935
28714 45937
28716 45939
28717 45941
28718 45943
28719 45945
28721 45947
28722 45949
28723 45951
28724 45953
28726 45955
28727 45957
28728 45959
28729 45961
28731 45963
28732 45965
28733 45967
28734 45969
28736 45971
28737 45973
28738 45975
28739 45977
28741 45979
28742 45981
28743 45983
28744 45985
28746 45987
28747 45989
28748 45991
28749 45993
28751 45995
28752 45997
28753 45999
28754 46001
28756 46003
28757 46005
28758 46007
28759 46009
28761 46011
28762 46013
28763 46015
28764 46017
28766 46019
28767 46021
28768 46023
28769 46025
28771 46027
28772 46029
28773 46031
28774 46033
28776 46035
28777 46037
28778 46039
28779 46041
28781 46043
28782 46045
28783 46047
28784 46049
28786 46051
28787 46053
28788 46055
28789 46057
28791 46059
28792 46061
28793 46063
28794 46065
28796 46067
28797 46069
28798 46071
28799 46073
28801 46075
28802 46077
28803 46079
28804 46081
28806 46083
28807 46085
28808 46087
28809 46089
28811 46091
28812 46093
28813 46095
28814 46097
28816 46099
28817 46101
28818 46103
28819 46105
28821 46107
28822 46109
28823 46111
28824 46113
28826 46115
28827 46117
28828 46119
28829 46121
28831 46123
28832 46125
28833 46127
28834 46129
28836 46131
28837 46133
28838 46135
28839 46137
28841 46139
28842 46141
28843 46143
28844 46145
28846 46147
28847 46149
28848 46151
28849 46153
28851 46155
28852 46157
28853 46159
28854 46161
28856 46163
28857 46165
28858 46167
28859 46169
28861 46171
28862 46173
28863 46175
28864 46177
28866 46179
28867 46181
28868 46183
28869 46185
28871 46187
28872 46189
28873 46191
28874 46193
28876 46195
28877 46197
28878 46199
28879 46201
28881 46203
28882 46205
28883 46207
28884 46209
28886 46211
28887 46213
28888 46215
28889 46217
28891 46219
28892 46221
28893 46223
28894 46225
28896 46227
28897 46229
28898 46231
28899 46233
28901 46235
28902 46237
28903 46239
28904 46241
28906 46243
28907 46245
28908 46247
28909 46249
28911 46251
28912 46253
28913 46255
28914 46257
28916 46259
28917 46261
28918 46263
28919 46265
28921 46267
28922 46269
28923 46271
28924 46273
28926 46275
28927 46277
28928 46279
28929 46281
28931 46283
28932 46285
28933 46287
28934 46289
28936 46291
28937 46293
28938 46295
28939 46297
28941 46299
28942 46301
28943 46303
28944 46305
28946 46307
28947 46309
28948 46311
28949 46313
28951 46315
28952 46317
28953 46319
28954 46321
28956 46323
28957 46325
28958 46327
28959 46329
28961 46331
28962 46333
28963 46335
28964 46337
28966 46339
28967 46341
28968 46343
28969 46345
28971 46347
28972 46349
28973 46351
28974 46353
28976 46355
28977 46357
28978 46359
28979 46361
28981 46363
28982 46365
28983 46367
28984 46369
28986 46371
28987 46373
28988 46375
28989 46377
28991 46379
28992 46381
28993 46383
28994 46385
28996 46387
28997 46389
28998 46391
28999 46393
29001 46395
29002 46397
29003 46399
29004 46401
29006 46403
29007 46405
29008 46407
29009 46409
29011 46411
29012 46413
29013 46415
29014 46417
29016 46419
29017 46421
29018 46423
29019 46425
29021 46427
29022 46429
29023 46431
29024 46433
29026 46435
29027 46437
29028 46439
29029 46441
29031 46443
29032 46445
29033 46447
29034 46449
29036 46451
29037 46453
29038 46455
29039 46457
29041 46459
29042 46461
29043 46463
29044 46465
29046 46467
29047 46469
29048 46471
29049 46473
29051 46475
29052 46477
29053 46479
29054 46481
29056 46483
29057 46485
29058 46487
29059 46489
29061 46491
29062 46493
29063 46495
29064 46497
29066 46499
29067 46501
29068 46503
29069 46505
29071 46507
29072 46509
29073 46511
29074 46513
29076 46515
29077 46517
29078 46519
29079 46521
29081 46523
29082 46525
29083 46527
29084 46529
29086 46531
29087 46533
29088 46535
29089 46537
29091 46539
29092 46541
29093 46543
29094 46545
29096 46547
29097 46549
29098 46551
29099 46553
29101 46555
29102 46557
29103 46559
29104 46561
29106 46563
29107 46565
29108 46567
29109 46569
29111 46571
29112 46573
29113 46575
29114 46577
29116 46579
29117 46581
29118 46583
29119 46585
29121 46587
29122 46589
29123 46591
29124 46593
29126 46595
29127 46597
29128 46599
29129 46601
29131 46603
29132 46605
29133 46607
29134 46609
29136 46611
29137 46613
29138 46615
29139 46617
29141 46619
29142 46621
29143 46623
29144 46625
29146 46627
29147 46629
29148 46631
29149 46633
29151 46635
29152 46637
29153 46639
29154 46641
29156 46643
29157 46645
29158 46647
29159 46649
29161 46651
29162 46653
29163 46655
29164 46657
29166 46659
29167 46661
29168 46663
29169 46665
29171 46667
29172 46669
29173 46671
29174 46673
29176 46675
29177 46677
29178 46679
29179 46681
29181 46683
29182 46685
29183 46687
29184 46689
29186 46691
29187 46693
29188 46695
29189 46697
29191 46699
29192 46701
29193 46703
29194 46705
29196 46707
29197 46709
29198 46711
29199 46713
29201 46715
29202 46717
29203 46719
29204 46721
29206 46723
29207 46725
29208 46727
29209 46729
29211 46731
29212 46733
29213 46735
29214 46737
29216 46739
29217 46741
29218 46743
29219 46745
29221 46747
29222 46749
29223 46751
29224 46753
29226 46755
29227 46757
29228 46759
29229 46761
29231 46763
29232 46765
29233 46767
29234 46769
29236 46771
29237 46773
29238 46775
29239 46777
29241 46779
29242 46781
29243 46783
29244 46785
29246 46787
29247 46789
29248 46791
29249 46793
29251 46795
29252 46797
29253 46799
29254 46801
29256 46803
29257 46805
29258 46807
29259 46809
29261 46811
29262 46813
29263 46815
29264 46817
29266 46819
29267 46821
29268 46823
29269 46825
29271 46827
29272 46829
29273 46831
29274 46833
29276 46835
29277 46837
29278 46839
29279 46841
29281 46843
29282 46845
29283 46847
29284 46849
29286 46851
29287 46853
29288 46855
29289 46857
29291 46859
29292 46861
29293 46863
29294 46865
29296 46867
29297 46869
29298 46871
29299 46873
29301 46875
29302 46877
29303 46879
29304 46881
29306 46883
29307 46885
29308 46887
29309 46889
29311 46891
29312 46893
29313 46895
29314 46897
29316 46899
29317 46901
29318 46903
29319 46905
29321 46907
29322 46909
29323 46911
29324 46913
29326 46915
29327 46917
29328 46919
29329 46921
29331 46923
29332 46925
29333 46927
29334 46929
29336 46931
29337 46933
29338 46935
29339 46937
29341 46939
29342 46941
29343 46943
29344 46945
29346 46947
29347 46949
29348 46951
29349 46953
29351 46955
29352 46957
29353 46959
29354 46961
29356 46963
29357 46965
29358 46967
29359 46969
29361 46971
29362 46973
29363 46975
29364 46977
29366 46979
29367 46981
29368 46983
29369 46985
29371 46987
29372 46989
29373 46991
29374 46993
29376 46995
29377 46997
29378 46999
29379 47001
29381 47003
29382 47005
29383 47007
29384 47009
29386 47011
29387 47013
29388 47015
29389 47017
29391 47019
29392 47021
29393 47023
29394 47025
29396 47027
29397 47029
29398 47031
29399 47033
29401 47035
29402 47037
29403 47039
29404 47041
29406 47043
29407 47045
29408 47047
29409 47049
29411 47051
29412 47053
29413 47055
29414 47057
29416 47059
29417 47061
29418 47063
29419 47065
29421 47067
29422 47069
29423 47071
29424 47073
29426 47075
29427 47077
29428 47079
29429 47081
29431 47083
29432 47085
29433 47087
29434 47089
29436 47091
29437 47093
29438 47095
29439 47097
29441 47099
29442 47101
29443 47103
29444 47105
29446 47107
29447 47109
29448 47111
29449 47113
29451 47115
29452 47117
29453 47119
29454 47121
29456 47123
29457 47125
29458 47127
29459 47129
29461 47131
29462 47133
29463 47135
29464 47137
29466 47139
29467 47141
29468 47143
29469 47145
29471 47147
29472 47149
29473 47151
29474 47153
29476 47155
29477 47157
29478 47159
29479 47161
29481 47163
29482 47165
29483 47167
29484 47169
29486 47171
29487 47173
29488 47175
29489 47177
29491 47179
29492 47181
29493 47183
29494 47185
29496 47187
29497 47189
29498 47191
29499 47193
29501 47195
29502 47197
29503 47199
29504 47201
29506 47203
29507 47205
29508 47207
29509 47209
29511 47211
29512 47213
29513 47215
29514 47217
29516 47219
29517 47221
29518 47223
29519 47225
29521 47227
29522 47229
29523 47231
29524 47233
29526 47235
29527 47237
29528 47239
29529 47241
29531 47243
29532 47245
29533 47247
29534 47249
29536 47251
29537 47253
29538 47255
29539 47257
29541 47259
29542 47261
29543 47263
29544 47265
29546 47267
29547 47269
29548 47271
29549 47273
29551 47275
29552 47277
29553 47279
29554 47281
29556 47283
29557 47285
29558 47287
29559 47289
29561 47291
29562 47293
29563 47295
29564 47297
29566 47299
29567 47301
29568 47303
29569 47305
29571 47307
29572 47309
29573 47311
29574 47313
29576 47315
29577 47317
29578 47319
29579 47321
29581 47323
29582 47325
29583 47327
29584 47329
29586 47331
29587 47333
29588 47335
29589 47337
29591 47339
29592 47341
29593 47343
29594 47345
29596 47347
29597 47349
29598 47351
29599 47353
29601 47355
29602 47357
29603 47359
29604 47361
29606 47363
29607 47365
29608 47367
29609 47369
29611 47371
29612 47373
29613 47375
29614 47377
29616 47379
29617 47381
29618 47383
29619 47385
29621 47387
29622 47389
29623 47391
29624 47393
29626 47395
29627 47397
29628 47399
29629 47401
29631 47403
29632 47405
29633 47407
29634 47409
29636 47411
29637 47413
29638 47415
29639 47417
29641 47419
29642 47421
29643 47423
29644 47425
29646 47427
29647 47429
29648 47431
29649 47433
29651 47435
29652 47437
29653 47439
29654 47441
29656 47443
29657 47445
29658 47447
29659 47449
29661 47451
29662 47453
29663 47455
29664 47457
29666 47459
29667 47461
29668 47463
29669 47465
29671 47467
29672 47469
29673 47471
29674 47473
29676 47475
29677 47477
29678 47479
29679 47481
29681 47483
29682 47485
29683 47487
29684 47489
29686 47491
29687 47493
29688 47495
29689 47497
29691 47499
29692 47501
29693 47503
29694 47505
29696 47507
29697 47509
29698 47511
29699 47513
29701 47515
29702 47517
29703 47519
29704 47521
29706 47523
29707 47525
29708 47527
29709 47529
29711 47531
29712 47533
29713 47535
29714 47537
29716 47539
29717 47541
29718 47543
29719 47545
29721 47547
29722 47549
29723 47551
29724 47553
29726 47555
29727 47557
29728 47559
29729 47561
29731 47563
29732 47565
29733 47567
29734 47569
29736 47571
29737 47573
29738 47575
29739 47577
29741 47579
29742 47581
29743 47583
29744 47585
29746 47587
29747 47589
29748 47591
29749 47593
29751 47595
29752 47597
29753 47599
29754 47601
29756 47603
29757 47605
29758 47607
29759 47609
29761 47611
29762 47613
29763 47615
29764 47617
29766 47619
29767 47621
29768 47623
29769 47625
29771 47627
29772 47629
29773 47631
29774 47633
29776 47635
29777 47637
29778 47639
29779 47641
29781 47643
29782 47645
29783 47647
29784 47649
29786 47651
29787 47653
29788 47655
29789 47657
29791 47659
29792 47661
29793 47663
29794 47665
29796 47667
29797 47669
29798 47671
29799 47673
29801 47675
29802 47677
29803 47679
29804 47681
29806 47683
29807 47685
29808 47687
29809 47689
29811 47691
29812 47693
29813 47695
29814 47697
29816 47699
29817 47701
29818 47703
29819 47705
29821 47707
29822 47709
29823 47711
29824 47713
29826 47715
29827 47717
29828 47719
29829 47721
29831 47723
29832 47725
29833 47727
29834 47729
29836 47731
29837 47733
29838 47735
29839 47737
29841 47739
29842 47741
29843 47743
29844 47745
29846 47747
29847 47749
29848 47751
29849 47753
29851 47755
29852 47757
29853 47759
29854 47761
29856 47763
29857 47765
29858 47767
29859 47769
29861 47771
29862 47773
29863 47775
29864 47777
29866 47779
29867 47781
29868 47783
29869 47785
29871 47787
29872 47789
29873 47791
29874 47793
29876 47795
29877 47797
29878 47799
29879 47801
29881 47803
29882 47805
29883 47807
29884 47809
29886 47811
29887 47813
29888 47815
29889 47817
29891 47819
29892 47821
29893 47823
29894 47825
29896 47827
29897 47829
29898 47831
29899 47833
29901 47835
29902 47837
29903 47839
29904 47841
29906 47843
29907 47845
29908 47847
29909 47849
29911 47851
29912 47853
29913 47855
29914 47857
29916 47859
29917 47861
29918 47863
29919 47865
29921 47867
29922 47869
29923 47871
29924 47873
29926 47875
29927 47877
29928 47879
29929 47881
29931 47883
29932 47885
29933 47887
29934 47889
29936 47891
29937 47893
29938 47895
29939 47897
29941 47899
29942 47901
29943 47903
29944 47905
29946 47907
29947 47909
29948 47911
29949 47913
29951 47915
29952 47917
29953 47919
29954 47921
29956 47923
29957 47925
29958 47927
29959 47929
29961 47931
29962 47933
29963 47935
29964 47937
29966 47939
29967 47941
29968 47943
29969 47945
29971 47947
29972 47949
29973 47951
29974 47953
29976 47955
29977 47957
29978 47959
29979 47961
29981 47963
29982 47965
29983 47967
29984 47969
29986 47971
29987 47973
29988 47975
29989 47977
29991 47979
29992 47981
29993 47983
29994 47985
29996 47987
29997 47989
29998 47991
29999 47993
30001 47995
30002 47997
30003 47999
30004 48001
30006 48003
30007 48005
30008 48007
30009 48009
30011 48011
30012 48013
30013 48015
30014 48017
30016 48019
30017 48021
30018 48023
30019 48025
30021 48027
30022 48029
30023 48031
30024 48033
30026 48035
30027 48037
30028 48039
30029 48041
30031 48043
30032 48045
30033 48047
30034 48049
30036 48051
30037 48053
30038 48055
30039 48057
30041 48059
30042 48061
30043 48063
30044 48065
30046 48067
30047 48069
30048 48071
30049 48073
30051 48075
30052 48077
30053 48079
30054 48081
30056 48083
30057 48085
30058 48087
30059 48089
30061 48091
30062 48093
30063 48095
30064 48097
30066 48099
30067 48101
30068 48103
30069 48105
30071 48107
30072 48109
30073 48111
30074 48113
30076 48115
30077 48117
30078 48119
30079 48121
30081 48123
30082 48125
30083 48127
30084 48129
30086 48131
30087 48133
30088 48135
30089 48137
30091 48139
30092 48141
30093 48143
30094 48145
30096 48147
30097 48149
30098 48151
30099 48153
30101 48155
30102 48157
30103 48159
30104 48161
30106 48163
30107 48165
30108 48167
30109 48169
30111 48171
30112 48173
30113 48175
30114 48177
30116 48179
30117 48181
30118 48183
30119 48185
30121 48187
30122 48189
30123 48191
30124 48193
30126 48195
30127 48197
30128 48199
30129 48201
30131 48203
30132 48205
30133 48207
30134 48209
30136 48211
30137 48213
30138 48215
30139 48217
30141 48219
30142 48221
30143 48223
30144 48225
30146 48227
30147 48229
30148 48231
30149 48233
30151 48235
30152 48237
30153 48239
30154 48241
30156 48243
30157 48245
30158 48247
30159 48249
30161 48251
30162 48253
30163 48255
30164 48257
30166 48259
30167 48261
30168 48263
30169 48265
30171 48267
30172 48269
30173 48271
30174 48273
30176 48275
30177 48277
30178 48279
30179 48281
30181 48283
30182 48285
30183 48287
30184 48289
30186 48291
30187 48293
30188 48295
30189 48297
30191 48299
30192 48301
30193 48303
30194 48305
30196 48307
30197 48309
30198 48311
30199 48313
30201 48315
30202 48317
30203 48319
30204 48321
30206 48323
30207 48325
30208 48327
30209 48329
30211 48331
30212 48333
30213 48335
30214 48337
30216 48339
30217 48341
30218 48343
30219 48345
30221 48347
30222 48349
30223 48351
30224 48353
30226 48355
30227 48357
30228 48359
30229 48361
30231 48363
30232 48365
30233 48367
30234 48369
30236 48371
30237 48373
30238 48375
30239 48377
30241 48379
30242 48381
30243 48383
30244 48385
30246 48387
30247 48389
30248 48391
30249 48393
30251 48395
30252 48397
30253 48399
30254 48401
30256 48403
30257 48405
30258 48407
30259 48409
30261 48411
30262 48413
30263 48415
30264 48417
30266 48419
30267 48421
30268 48423
30269 48425
30271 48427
30272 48429
30273 48431
30274 48433
30276 48435
30277 48437
30278 48439
30279 48441
30281 48443
30282 48445
30283 48447
30284 48449
30286 48451
30287 48453
30288 48455
30289 48457
30291 48459
30292 48461
30293 48463
30294 48465
30296 48467
30297 48469
30298 48471
30299 48473
30301 48475
30302 48477
30303 48479
30304 48481
30306 48483
30307 48485
30308 48487
30309 48489
30311 48491
30312 48493
30313 48495
30314 48497
30316 48499
30317 48501
30318 48503
30319 48505
30321 48507
30322 48509
30323 48511
30324 48513
30326 48515
30327 48517
30328 48519
30329 48521
30331 48523
30332 48525
30333 48527
30334 48529
30336 48531
30337 48533
30338 48535
30339 48537
30341 48539
30342 48541
30343 48543
30344 48545
30346 48547
30347 48549
30348 48551
30349 48553
30351 48555
30352 48557
30353 48559
30354 48561
30356 48563
30357 48565
30358 48567
30359 48569
30361 48571
30362 48573
30363 48575
30364 48577
30366 48579
30367 48581
30368 48583
30369 48585
30371 48587
30372 48589
30373 48591
30374 48593
30376 48595
30377 48597
30378 48599
30379 48601
30381 48603
30382 48605
30383 48607
30384 48609
30386 48611
30387 48613
30388 48615
30389 48617
30391 48619
30392 48621
30393 48623
30394 48625
30396 48627
30397 48629
30398 48631
30399 48633
30401 48635
30402 48637
30403 48639
30404 48641
30406 48643
30407 48645
30408 48647
30409 48649
30411 48651
30412 48653
30413 48655
30414 48657
30416 48659
30417 48661
30418 48663
30419 48665
30421 48667
30422 48669
30423 48671
30424 48673
30426 48675
30427 48677
30428 48679
30429 48681
30431 48683
30432 48685
30433 48687
30434 48689
30436 48691
30437 48693
30438 48695
30439 48697
30441 48699
30442 48701
30443 48703
30444 48705
30446 48707
30447 48709
30448 48711
30449 48713
30451 48715
30452 48717
30453 48719
30454 48721
30456 48723
30457 48725
30458 48727
30459 48729
30461 48731
30462 48733
30463 48735
30464 48737
30466 48739
30467 48741
30468 48743
30469 48745
30471 48747
30472 48749
30473 48751
30474 48753
30476 48755
30477 48757
30478 48759
30479 48761
30481 48763
30482 48765
30483 48767
30484 48769
30486 48771
30487 48773
30488 48775
30489 48777
30491 48779
30492 48781
30493 48783
30494 48785
30496 48787
30497 48789
30498 48791
30499 48793
30501 48795
30502 48797
30503 48799
30504 48801
30506 48803
30507 48805
30508 48807
30509 48809
30511 48811
30512 48813
30513 48815
30514 48817
30516 48819
30517 48821
30518 48823
30519 48825
30521 48827
30522 48829
30523 48831
30524 48833
30526 48835
30527 48837
30528 48839
30529 48841
30531 48843
30532 48845
30533 48847
30534 48849
30536 48851
30537 48853
30538 48855
30539 48857
30541 48859
30542 48861
30543 48863
30544 48865
30546 48867
30547 48869
30548 48871
30549 48873
30551 48875
30552 48877
30553 48879
30554 48881
30556 48883
30557 48885
30558 48887
30559 48889
30561 48891
30562 48893
30563 48895
30564 48897
30566 48899
30567 48901
30568 48903
30569 48905
30571 48907
30572 48909
30573 48911
30574 48913
30576 48915
30577 48917
30578 48919
30579 48921
30581 48923
30582 48925
30583 48927
30584 48929
30586 48931
30587 48933
30588 48935
30589 48937
30591 48939
30592 48941
30593 48943
30594 48945
30596 48947
30597 48949
30598 48951
30599 48953
30601 48955
30602 48957
30603 48959
30604 48961
30606 48963
30607 48965
30608 48967
30609 48969
30611 48971
30612 48973
30613 48975
30614 48977
30616 48979
30617 48981
30618 48983
30619 48985
30621 48987
30622 48989
30623 48991
30624 48993
30626 48995
30627 48997
30628 48999
30629 49001
30631 49003
30632 49005
30633 49007
30634 49009
30636 49011
30637 49013
30638 49015
30639 49017
30641 49019
30642 49021
30643 49023
30644 49025
30646 49027
30647 49029
30648 49031
30649 49033
30651 49035
30652 49037
30653 49039
30654 49041
30656 49043
30657 49045
30658 49047
30659 49049
30661 49051
30662 49053
30663 49055
30664 49057
30666 49059
30667 49061
30668 49063
30669 49065
30671 49067
30672 49069
30673 49071
30674 49073
30676 49075
30677 49077
30678 49079
30679 49081
30681 49083
30682 49085
30683 49087
30684 49089
30686 49091
30687 49093
30688 49095
30689 49097
30691 49099
30692 49101
30693 49103
30694 49105
30696 49107
30697 49109
30698 49111
30699 49113
30701 49115
30702 49117
30703 49119
30704 49121
30706 49123
30707 49125
30708 49127
30709 49129
30711 49131
30712 49133
30713 49135
30714 49137
30716 49139
30717 49141
30718 49143
30719 49145
30721 49147
30722 49149
30723 49151
30724 49153
30726 49155
30727 49157
30728 49159
30729 49161
30731 49163
30732 49165
30733 49167
30734 49169
30736 49171
30737 49173
30738 49175
30739 49177
30741 49179
30742 49181
30743 49183
30744 49185
30746 49187
30747 49189
30748 49191
30749 49193
30751 49195
30752 49197
30753 49199
30754 49201
30756 49203
30757 49205
30758 49207
30759 49209
30761 49211
30762 49213
30763 49215
30764 49217
30766 49219
30767 49221
30768 49223
30769 49225
30771 49227
30772 49229
30773 49231
30774 49233
30776 49235
30777 49237
30778 49239
30779 49241
30781 49243
30782 49245
30783 49247
30784 49249
30786 49251
30787 49253
30788 49255
30789 49257
30791 49259
30792 49261
30793 49263
30794 49265
30796 49267
30797 49269
30798 49271
30799 49273
30801 49275
30802 49277
30803 49279
30804 49281
30806 49283
30807 49285
30808 49287
30809 49289
30811 49291
30812 49293
30813 49295
30814 49297
30816 49299
30817 49301
30818 49303
30819 49305
30821 49307
30822 49309
30823 49311
30824 49313
30826 49315
30827 49317
30828 49319
30829 49321
30831 49323
30832 49325
30833 49327
30834 49329
30836 49331
30837 49333
30838 49335
30839 49337
30841 49339
30842 49341
30843 49343
30844 49345
30846 49347
30847 49349
30848 49351
30849 49353
30851 49355
30852 49357
30853 49359
30854 49361
30856 49363
30857 49365
30858 49367
30859 49369
30861 49371
30862 49373
30863 49375
30864 49377
30866 49379
30867 49381
30868 49383
30869 49385
30871 49387
30872 49389
30873 49391
30874 49393
30876 49395
30877 49397
30878 49399
30879 49401
30881 49403
30882 49405
30883 49407
30884 49409
30886 49411
30887 49413
30888 49415
30889 49417
30891 49419
30892 49421
30893 49423
30894 49425
30896 49427
30897 49429
30898 49431
30899 49433
30901 49435
30902 49437
30903 49439
30904 49441
30906 49443
30907 49445
30908 49447
30909 49449
30911 49451
30912 49453
30913 49455
30914 49457
30916 49459
30917 49461
30918 49463
30919 49465
30921 49467
30922 49469
30923 49471
30924 49473
30926 49475
30927 49477
30928 49479
30929 49481
30931 49483
30932 49485
30933 49487
30934 49489
30936 49491
30937 49493
30938 49495
30939 49497
30941 49499
30942 49501
30943 49503
30944 49505
30946 49507
30947 49509
30948 49511
30949 49513
30951 49515
30952 49517
30953 49519
30954 49521
30956 49523
30957 49525
30958 49527
30959 49529
30961 49531
30962 49533
30963 49535
30964 49537
30966 49539
30967 49541
30968 49543
30969 49545
30971 49547
30972 49549
30973 49551
30974 49553
30976 49555
30977 49557
30978 49559
30979 49561
30981 49563
30982 49565
30983 49567
30984 49569
30986 49571
30987 49573
30988 49575
30989 49577
30991 49579
30992 49581
30993 49583
30994 49585
30996 49587
30997 49589
30998 49591
30999 49593
31001 49595
31002 49597
31003 49599
31004 49601
31006 49603
31007 49605
31008 49607
31009 49609
31011 49611
31012 49613
31013 49615
31014 49617
31016 49619
31017 49621
31018 49623
31019 49625
31021 49627
31022 49629
31023 49631
31024 49633
31026 49635
31027 49637
31028 49639
31029 49641
31031 49643
31032 49645
31033 49647
31034 49649
31036 49651
31037 49653
31038 49655
31039 49657
31041 49659
31042 49661
31043 49663
31044 49665
31046 49667
31047 49669
31048 49671
31049 49673
31051 49675
31052 49677
31053 49679
31054 49681
31056 49683
31057 49685
31058 49687
31059 49689
31061 49691
31062 49693
31063 49695
31064 49697
31066 49699
31067 49701
31068 49703
31069 49705
31071 49707
31072 49709
31073 49711
31074 49713
31076 49715
31077 49717
31078 49719
31079 49721
31081 49723
31082 49725
31083 49727
31084 49729
31086 49731
31087 49733
31088 49735
31089 49737
31091 49739
31092 49741
31093 49743
31094 49745
31096 49747
31097 49749
31098 49751
31099 49753
31101 49755
31102 49757
31103 49759
31104 49761
31106 49763
31107 49765
31108 49767
31109 49769
31111 49771
31112 49773
31113 49775
31114 49777
31116 49779
31117 49781
31118 49783
31119 49785
31121 49787
31122 49789
31123 49791
31124 49793
31126 49795
31127 49797
31128 49799
31129 49801
31131 49803
31132 49805
31133 49807
31134 49809
31136 49811
31137 49813
31138 49815
31139 49817
31141 49819
31142 49821
31143 49823
31144 49825
31146 49827
31147 49829
31148 49831
31149 49833
31151 49835
31152 49837
31153 49839
31154 49841
31156 49843
31157 49845
31158 49847
31159 49849
31161 49851
31162 49853
31163 49855
31164 49857
31166 49859
31167 49861
31168 49863
31169 49865
31171 49867
31172 49869
31173 49871
31174 49873
31176 49875
31177 49877
31178 49879
31179 49881
31181 49883
31182 49885
31183 49887
31184 49889
31186 49891
31187 49893
31188 49895
31189 49897
31191 49899
31192 49901
31193 49903
31194 49905
31196 49907
31197 49909
31198 49911
31199 49913
31201 49915
31202 49917
31203 49919
31204 49921
31206 49923
31207 49925
31208 49927
31209 49929
31211 49931
31212 49933
31213 49935
31214 49937
31216 49939
31217 49941
31218 49943
31219 49945
31221 49947
31222 49949
31223 49951
31224 49953
31226 49955
31227 49957
31228 49959
31229 49961
31231 49963
31232 49965
31233 49967
31234 49969
31236 49971
31237 49973
31238 49975
31239 49977
31241 49979
31242 49981
31243 49983
31244 49985
31246 49987
31247 49989
31248 49991
31249 49993
31251 49995
31252 49997
31253 49999
31254 50001
31256 50003
31257 50005
31258 50007
31259 50009
31261 50011
31262 50013
31263 50015
31264 50017
31266 50019
31267 50021
31268 50023
31269 50025
31271 50027
31272 50029
31273 50031
31274 50033
31276 50035
31277 50037
31278 50039
31279 50041
31281 50043
31282 50045
31283 50047
31284 50049
31286 50051
31287 50053
31288 50055
31289 50057
31291 50059
31292 50061
31293 50063
31294 50065
31296 50067
31297 50069
31298 50071
31299 50073
31301 50075
31302 50077
31303 50079
31304 50081
31306 50083
31307 50085
31308 50087
31309 50089
31311 50091
31312 50093
31313 50095
31314 50097
31316 50099
31317 50101
31318 50103
31319 50105
31321 50107
31322 50109
31323 50111
31324 50113
31326 50115
31327 50117
31328 50119
31329 50121
31331 50123
31332 50125
31333 50127
31334 50129
31336 50131
31337 50133
31338 50135
31339 50137
31341 50139
31342 50141
31343 50143
31344 50145
31346 50147
31347 50149
31348 50151
31349 50153
31351 50155
31352 50157
31353 50159
31354 50161
31356 50163
31357 50165
31358 50167
31359 50169
31361 50171
31362 50173
31363 50175
31364 50177
31366 50179
31367 50181
31368 50183
31369 50185
31371 50187
31372 50189
31373 50191
31374 50193
31376 50195
31377 50197
31378 50199
31379 50201
31381 50203
31382 50205
31383 50207
31384 50209
31386 50211
31387 50213
31388 50215
31389 50217
31391 50219
31392 50221
31393 50223
31394 50225
31396 50227
31397 50229
31398 50231
31399 50233
31401 50235
31402 50237
31403 50239
31404 50241
31406 50243
31407 50245
31408 50247
31409 50249
31411 50251
31412 50253
31413 50255
31414 50257
31416 50259
31417 50261
31418 50263
31419 50265
31421 50267
31422 50269
31423 50271
31424 50273
31426 50275
31427 50277
31428 50279
31429 50281
31431 50283
31432 50285
31433 50287
31434 50289
31436 50291
31437 50293
31438 50295
31439 50297
31441 50299
31442 50301
31443 50303
31444 50305
31446 50307
31447 50309
31448 50311
31449 50313
31451 50315
31452 50317
31453 50319
31454 50321
31456 50323
31457 50325
31458 50327
31459 50329
31461 50331
31462 50333
31463 50335
31464 50337
31466 50339
31467 50341
31468 50343
31469 50345
31471 50347
31472 50349
31473 50351
31474 50353
31476 50355
31477 50357
31478 50359
31479 50361
31481 50363
31482 50365
31483 50367
31484 50369
31486 50371
31487 50373
31488 50375
31489 50377
31491 50379
31492 50381
31493 50383
31494 50385
31496 50387
31497 50389
31498 50391
31499 50393
31501 50395
31502 50397
31503 50399
31504 50401
31506 50403
31507 50405
31508 50407
31509 50409
31511 50411
31512 50413
31513 50415
31514 50417
31516 50419
31517 50421
31518 50423
31519 50425
31521 50427
31522 50429
31523 50431
31524 50433
31526 50435
31527 50437
31528 50439
31529 50441
31531 50443
31532 50445
31533 50447
31534 50449
31536 50451
31537 50453
31538 50455
31539 50457
31541 50459
31542 50461
31543 50463
31544 50465
31546 50467
31547 50469
31548 50471
31549 50473
31551 50475
31552 50477
31553 50479
31554 50481
31556 50483
31557 50485
31558 50487
31559 50489
31561 50491
31562 50493
31563 50495
31564 50497
31566 50499
31567 50501
31568 50503
31569 50505
31571 50507
31572 50509
31573 50511
31574 50513
31576 50515
31577 50517
31578 50519
31579 50521
31581 50523
31582 50525
31583 50527
31584 50529
31586 50531
31587 50533
31588 50535
31589 50537
31591 50539
31592 50541
31593 50543
31594 50545
31596 50547
31597 50549
31598 50551
31599 50553
31601 50555
31602 50557
31603 50559
31604 50561
31606 50563
31607 50565
31608 50567
31609 50569
31611 50571
31612 50573
31613 50575
31614 50577
31616 50579
31617 50581
31618 50583
31619 50585
31621 50587
31622 50589
31623 50591
31624 50593
31626 50595
31627 50597
31628 50599
31629 50601
31631 50603
31632 50605
31633 50607
31634 50609
31636 50611
31637 50613
31638 50615
31639 50617
31641 50619
31642 50621
31643 50623
31644 50625
31646 50627
31647 50629
31648 50631
31649 50633
31651 50635
31652 50637
31653 50639
31654 50641
31656 50643
31657 50645
31658 50647
31659 50649
31661 50651
31662 50653
31663 50655
31664 50657
31666 50659
31667 50661
31668 50663
31669 50665
31671 50667
31672 50669
31673 50671
31674 50673
31676 50675
31677 50677
31678 50679
31679 50681
31681 50683
31682 50685
31683 50687
31684 50689
31686 50691
31687 50693
31688 50695
31689 50697
31691 50699
31692 50701
31693 50703
31694 50705
31696 50707
31697 50709
31698 50711
31699 50713
31701 50715
31702 50717
31703 50719
31704 50721
31706 50723
31707 50725
31708 50727
31709 50729
31711 50731
31712 50733
31713 50735
31714 50737
31716 50739
31717 50741
31718 50743
31719 50745
31721 50747
31722 50749
31723 50751
31724 50753
31726 50755
31727 50757
31728 50759
31729 50761
31731 50763
31732 50765
31733 50767
31734 50769
31736 50771
31737 50773
31738 50775
31739 50777
31741 50779
31742 50781
31743 50783
31744 50785
31746 50787
31747 50789
31748 50791
31749 50793
31751 50795
31752 50797
31753 50799
31754 50801
31756 50803
31757 50805
31758 50807
31759 50809
31761 50811
31762 50813
31763 50815
31764 50817
31766 50819
31767 50821
31768 50823
31769 50825
31771 50827
31772 50829
31773 50831
31774 50833
31776 50835
31777 50837
31778 50839
31779 50841
31781 50843
31782 50845
31783 50847
31784 50849
31786 50851
31787 50853
31788 50855
31789 50857
31791 50859
31792 50861
31793 50863
31794 50865
31796 50867
31797 50869
31798 50871
31799 50873
31801 50875
31802 50877
31803 50879
31804 50881
31806 50883
31807 50885
31808 50887
31809 50889
31811 50891
31812 50893
31813 50895
31814 50897
31816 50899
31817 50901
31818 50903
31819 50905
31821 50907
31822 50909
31823 50911
31824 50913
31826 50915
31827 50917
31828 50919
31829 50921
31831 50923
31832 50925
31833 50927
31834 50929
31836 50931
31837 50933
31838 50935
31839 50937
31841 50939
31842 50941
31843 50943
31844 50945
31846 50947
31847 50949
31848 50951
31849 50953
31851 50955
31852 50957
31853 50959
31854 50961
31856 50963
31857 50965
31858 50967
31859 50969
31861 50971
31862 50973
31863 50975
31864 50977
31866 50979
31867 50981
31868 50983
31869 50985
31871 50987
31872 50989
31873 50991
31874 50993
31876 50995
31877 50997
31878 50999
31879 51001
31881 51003
31882 51005
31883 51007
31884 51009
31886 51011
31887 51013
31888 51015
31889 51017
31891 51019
31892 51021
31893 51023
31894 51025
31896 51027
31897 51029
31898 51031
31899 51033
31901 51035
31902 51037
31903 51039
31904 51041
31906 51043
31907 51045
31908 51047
31909 51049
31911 51051
31912 51053
31913 51055
31914 51057
31916 51059
31917 51061
31918 51063
31919 51065
31921 51067
31922 51069
31923 51071
31924 51073
31926 51075
31927 51077
31928 51079
31929 51081
31931 51083
31932 51085
31933 51087
31934 51089
31936 51091
31937 51093
31938 51095
31939 51097
31941 51099
31942 51101
31943 51103
31944 51105
31946 51107
31947 51109
31948 51111
31949 51113
31951 51115
31952 51117
31953 51119
31954 51121
31956 51123
31957 51125
31958 51127
31959 51129
31961 51131
31962 51133
31963 51135
31964 51137
31966 51139
31967 51141
31968 51143
31969 51145
31971 51147
31972 51149
31973 51151
31974 51153
31976 51155
31977 51157
31978 51159
31979 51161
31981 51163
31982 51165
31983 51167
31984 51169
31986 51171
31987 51173
31988 51175
31989 51177
31991 51179
31992 51181
31993 51183
31994 51185
31996 51187
31997 51189
31998 51191
31999 51193
32001 51195
32002 51197
32003 51199
32004 51201
32006 51203
32007 51205
32008 51207
32009 51209
32011 51211
32012 51213
32013 51215
32014 51217
32016 51219
32017 51221
32018 51223
32019 51225
32021 51227
32022 51229
32023 51231
32024 51233
32026 51235
32027 51237
32028 51239
32029 51241
32031 51243
32032 51245
32033 51247
32034 51249
32036 51251
32037 51253
32038 51255
32039 51257
32041 51259
32042 51261
32043 51263
32044 51265
32046 51267
32047 51269
32048 51271
32049 51273
32051 51275
32052 51277
32053 51279
32054 51281
32056 51283
32057 51285
32058 51287
32059 51289
32061 51291
32062 51293
32063 51295
32064 51297
32066 51299
32067 51301
32068 51303
32069 51305
32071 51307
32072 51309
32073 51311
32074 51313
32076 51315
32077 51317
32078 51319
32079 51321
32081 51323
32082 51325
32083 51327
32084 51329
32086 51331
32087 51333
32088 51335
32089 51337
32091 51339
32092 51341
32093 51343
32094 51345
32096 51347
32097 51349
32098 51351
32099 51353
32101 51355
32102 51357
32103 51359
32104 51361
32106 51363
32107 51365
32108 51367
32109 51369
32111 51371
32112 51373
32113 51375
32114 51377
32116 51379
32117 51381
32118 51383
32119 51385
32121 51387
32122 51389
32123 51391
32124 51393
32126 51395
32127 51397
32128 51399
32129 51401
32131 51403
32132 51405
32133 51407
32134 51409
32136 51411
32137 51413
32138 51415
32139 51417
32141 51419
32142 51421
32143 51423
32144 51425
32146 51427
32147 51429
32148 51431
32149 51433
32151 51435
32152 51437
32153 51439
32154 51441
32156 51443
32157 51445
32158 51447
32159 51449
32161 51451
32162 51453
32163 51455
32164 51457
32166 51459
32167 51461
32168 51463
32169 51465
32171 51467
32172 51469
32173 51471
32174 51473
32176 51475
32177 51477
32178 51479
32179 51481
32181 51483
32182 51485
32183 51487
32184 51489
32186 51491
32187 51493
32188 51495
32189 51497
32191 51499
32192 51501
32193 51503
32194 51505
32196 51507
32197 51509
32198 51511
32199 51513
32201 51515
32202 51517
32203 51519
32204 51521
32206 51523
32207 51525
32208 51527
32209 51529
32211 51531
32212 51533
32213 51535
32214 51537
32216 51539
32217 51541
32218 51543
32219 51545
32221 51547
32222 51549
32223 51551
32224 51553
32226 51555
32227 51557
32228 51559
32229 51561
32231 51563
32232 51565
32233 51567
32234 51569
32236 51571
32237 51573
32238 51575
32239 51577
32241 51579
32242 51581
32243 51583
32244 51585
32246 51587
32247 51589
32248 51591
32249 51593
32251 51595
32252 51597
32253 51599
32254 51601
32256 51603
32257 51605
32258 51607
32259 51609
32261 51611
32262 51613
32263 51615
32264 51617
32266 51619
32267 51621
32268 51623
32269 51625
32271 51627
32272 51629
32273 51631
32274 51633
32276 51635
32277 51637
32278 51639
32279 51641
32281 51643
32282 51645
32283 51647
32284 51649
32286 51651
32287 51653
32288 51655
32289 51657
32291 51659
32292 51661
32293 51663
32294 51665
32296 51667
32297 51669
32298 51671
32299 51673
32301 51675
32302 51677
32303 51679
32304 51681
32306 51683
32307 51685
32308 51687
32309 51689
32311 51691
32312 51693
32313 51695
32314 51697
32316 51699
32317 51701
32318 51703
32319 51705
32321 51707
32322 51709
32323 51711
32324 51713
32326 51715
32327 51717
32328 51719
32329 51721
32331 51723
32332 51725
32333 51727
32334 51729
32336 51731
32337 51733
32338 51735
32339 51737
32341 51739
32342 51741
32343 51743
32344 51745
32346 51747
32347 51749
32348 51751
32349 51753
32351 51755
32352 51757
32353 51759
32354 51761
32356 51763
32357 51765
32358 51767
32359 51769
32361 51771
32362 51773
32363 51775
32364 51777
32366 51779
32367 51781
32368 51783
32369 51785
32371 51787
32372 51789
32373 51791
32374 51793
32376 51795
32377 51797
32378 51799
32379 51801
32381 51803
32382 51805
32383 51807
32384 51809
32386 51811
32387 51813
32388 51815
32389 51817
32391 51819
32392 51821
32393 51823
32394 51825
32396 51827
32397 51829
32398 51831
32399 51833
32401 51835
32402 51837
32403 51839
32404 51841
32406 51843
32407 51845
32408 51847
32409 51849
32411 51851
32412 51853
32413 51855
32414 51857
32416 51859
32417 51861
32418 51863
32419 51865
32421 51867
32422 51869
32423 51871
32424 51873
32426 51875
32427 51877
32428 51879
32429 51881
32431 51883
32432 51885
32433 51887
32434 51889
32436 51891
32437 51893
32438 51895
32439 51897
32441 51899
32442 51901
32443 51903
32444 51905
32446 51907
32447 51909
32448 51911
32449 51913
32451 51915
32452 51917
32453 51919
32454 51921
32456 51923
32457 51925
32458 51927
32459 51929
32461 51931
32462 51933
32463 51935
32464 51937
32466 51939
32467 51941
32468 51943
32469 51945
32471 51947
32472 51949
32473 51951
32474 51953
32476 51955
32477 51957
32478 51959
32479 51961
32481 51963
32482 51965
32483 51967
32484 51969
32486 51971
32487 51973
32488 51975
32489 51977
32491 51979
32492 51981
32493 51983
32494 51985
32496 51987
32497 51989
32498 51991
32499 51993
32501 51995
32502 51997
32503 51999
32504 52001
32506 52003
32507 52005
32508 52007
32509 52009
32511 52011
32512 52013
32513 52015
32514 52017
32516 52019
32517 52021
32518 52023
32519 52025
32521 52027
32522 52029
32523 52031
32524 52033
32526 52035
32527 52037
32528 52039
32529 52041
32531 52043
32532 52045
32533 52047
32534 52049
32536 52051
32537 52053
32538 52055
32539 52057
32541 52059
32542 52061
32543 52063
32544 52065
32546 52067
32547 52069
32548 52071
32549 52073
32551 52075
32552 52077
32553 52079
32554 52081
32556 52083
32557 52085
32558 52087
32559 52089
32561 52091
32562 52093
32563 52095
32564 52097
32566 52099
32567 52101
32568 52103
32569 52105
32571 52107
32572 52109
32573 52111
32574 52113
32576 52115
32577 52117
32578 52119
32579 52121
32581 52123
32582 52125
32583 52127
32584 52129
32586 52131
32587 52133
32588 52135
32589 52137
32591 52139
32592 52141
32593 52143
32594 52145
32596 52147
32597 52149
32598 52151
32599 52153
32601 52155
32602 52157
32603 52159
32604 52161
32606 52163
32607 52165
32608 52167
32609 52169
32611 52171
32612 52173
32613 52175
32614 52177
32616 52179
32617 52181
32618 52183
32619 52185
32621 52187
32622 52189
32623 52191
32624 52193
32626 52195
32627 52197
32628 52199
32629 52201
32631 52203
32632 52205
32633 52207
32634 52209
32636 52211
32637 52213
32638 52215
32639 52217
32641 52219
32642 52221
32643 52223
32644 52225
32646 52227
32647 52229
32648 52231
32649 52233
32651 52235
32652 52237
32653 52239
32654 52241
32656 52243
32657 52245
32658 52247
32659 52249
32661 52251
32662 52253
32663 52255
32664 52257
32666 52259
32667 52261
32668 52263
32669 52265
32671 52267
32672 52269
32673 52271
32674 52273
32676 52275
32677 52277
32678 52279
32679 52281
32681 52283
32682 52285
32683 52287
32684 52289
32686 52291
32687 52293
32688 52295
32689 52297
32691 52299
32692 52301
32693 52303
32694 52305
32696 52307
32697 52309
32698 52311
32699 52313
32701 52315
32702 52317
32703 52319
32704 52321
32706 52323
32707 52325
32708 52327
32709 52329
32711 52331
32712 52333
32713 52335
32714 52337
32716 52339
32717 52341
32718 52343
32719 52345
32721 52347
32722 52349
32723 52351
32724 52353
32726 52355
32727 52357
32728 52359
32729 52361
32731 52363
32732 52365
32733 52367
32734 52369
32736 52371
32737 52373
32738 52375
32739 52377
32741 52379
32742 52381
32743 52383
32744 52385
32746 52387
32747 52389
32748 52391
32749 52393
32751 52395
32752 52397
32753 52399
32754 52401
32756 52403
32757 52405
32758 52407
32759 52409
32761 52411
32762 52413
32763 52415
32764 52417
32766 52419
32767 52421
32768 52423
32769 52425
32771 52427
32772 52429
32773 52431
32774 52433
32776 52435
32777 52437
32778 52439
32779 52441
32781 52443
32782 52445
32783 52447
32784 52449
32786 52451
32787 52453
32788 52455
32789 52457
32791 52459
32792 52461
32793 52463
32794 52465
32796 52467
32797 52469
32798 52471
32799 52473
32801 52475
32802 52477
32803 52479
32804 52481
32806 52483
32807 52485
32808 52487
32809 52489
32811 52491
32812 52493
32813 52495
32814 52497
32816 52499
32817 52501
32818 52503
32819 52505
32821 52507
32822 52509
32823 52511
32824 52513
32826 52515
32827 52517
32828 52519
32829 52521
32831 52523
32832 52525
32833 52527
32834 52529
32836 52531
32837 52533
32838 52535
32839 52537
32841 52539
32842 52541
32843 52543
32844 52545
32846 52547
32847 52549
32848 52551
32849 52553
32851 52555
32852 52557
32853 52559
32854 52561
32856 52563
32857 52565
32858 52567
32859 52569
32861 52571
32862 52573
32863 52575
32864 52577
32866 52579
32867 52581
32868 52583
32869 52585
32871 52587
32872 52589
32873 52591
32874 52593
32876 52595
32877 52597
32878 52599
32879 52601
32881 52603
32882 52605
32883 52607
32884 52609
32886 52611
32887 52613
32888 52615
32889 52617
32891 52619
32892 52621
32893 52623
32894 52625
32896 52627
32897 52629
32898 52631
32899 52633
32901 52635
32902 52637
32903 52639
32904 52641
32906 52643
32907 52645
32908 52647
32909 52649
32911 52651
32912 52653
32913 52655
32914 52657
32916 52659
32917 52661
32918 52663
32919 52665
32921 52667
32922 52669
32923 52671
32924 52673
32926 52675
32927 52677
32928 52679
32929 52681
32931 52683
32932 52685
32933 52687
32934 52689
32936 52691
32937 52693
32938 52695
32939 52697
32941 52699
32942 52701
32943 52703
32944 52705
32946 52707
32947 52709
32948 52711
32949 52713
32951 52715
32952 52717
32953 52719
32954 52721
32956 52723
32957 52725
32958 52727
32959 52729
32961 52731
32962 52733
32963 52735
32964 52737
32966 52739
32967 52741
32968 52743
32969 52745
32971 52747
32972 52749
32973 52751
32974 52753
32976 52755
32977 52757
32978 52759
32979 52761
32981 52763
32982 52765
32983 52767
32984 52769
32986 52771
32987 52773
32988 52775
32989 52777
32991 52779
32992 52781
32993 52783
32994 52785
32996 52787
32997 52789
32998 52791
32999 52793
33001 52795
33002 52797
33003 52799
33004 52801
33006 52803
33007 52805
33008 52807
33009 52809
33011 52811
33012 52813
33013 52815
33014 52817
33016 52819
33017 52821
33018 52823
33019 52825
33021 52827
33022 52829
33023 52831
33024 52833
33026 52835
33027 52837
33028 52839
33029 52841
33031 52843
33032 52845
33033 52847
33034 52849
33036 52851
33037 52853
33038 52855
33039 52857
33041 52859
33042 52861
33043 52863
33044 52865
33046 52867
33047 52869
33048 52871
33049 52873
33051 52875
33052 52877
33053 52879
33054 52881
33056 52883
33057 52885
33058 52887
33059 52889
33061 52891
33062 52893
33063 52895
33064 52897
33066 52899
33067 52901
33068 52903
33069 52905
33071 52907
33072 52909
33073 52911
33074 52913
33076 52915
33077 52917
33078 52919
33079 52921
33081 52923
33082 52925
33083 52927
33084 52929
33086 52931
33087 52933
33088 52935
33089 52937
33091 52939
33092 52941
33093 52943
33094 52945
33096 52947
33097 52949
33098 52951
33099 52953
33101 52955
33102 52957
33103 52959
33104 52961
33106 52963
33107 52965
33108 52967
33109 52969
33111 52971
33112 52973
33113 52975
33114 52977
33116 52979
33117 52981
33118 52983
33119 52985
33121 52987
33122 52989
33123 52991
33124 52993
33126 52995
33127 52997
33128 52999
33129 53001
33131 53003
33132 53005
33133 53007
33134 53009
33136 53011
33137 53013
33138 53015
33139 53017
33141 53019
33142 53021
33143 53023
33144 53025
33146 53027
33147 53029
33148 53031
33149 53033
33151 53035
33152 53037
33153 53039
33154 53041
33156 53043
33157 53045
33158 53047
33159 53049
33161 53051
33162 53053
33163 53055
33164 53057
33166 53059
33167 53061
33168 53063
33169 53065
33171 53067
33172 53069
33173 53071
33174 53073
33176 53075
33177 53077
33178 53079
33179 53081
33181 53083
33182 53085
33183 53087
33184 53089
33186 53091
33187 53093
33188 53095
33189 53097
33191 53099
33192 53101
33193 53103
33194 53105
33196 53107
33197 53109
33198 53111
33199 53113
33201 53115
33202 53117
33203 53119
33204 53121
33206 53123
33207 53125
33208 53127
33209 53129
33211 53131
33212 53133
33213 53135
33214 53137
33216 53139
33217 53141
33218 53143
33219 53145
33221 53147
33222 53149
33223 53151
33224 53153
33226 53155
33227 53157
33228 53159
33229 53161
33231 53163
33232 53165
33233 53167
33234 53169
33236 53171
33237 53173
33238 53175
33239 53177
33241 53179
33242 53181
33243 53183
33244 53185
33246 53187
33247 53189
33248 53191
33249 53193
33251 53195
33252 53197
33253 53199
33254 53201
33256 53203
33257 53205
33258 53207
33259 53209
33261 53211
33262 53213
33263 53215
33264 53217
33266 53219
33267 53221
33268 53223
33269 53225
33271 53227
33272 53229
33273 53231
33274 53233
33276 53235
33277 53237
33278 53239
33279 53241
33281 53243
33282 53245
33283 53247
33284 53249
33286 53251
33287 53253
33288 53255
33289 53257
33291 53259
33292 53261
33293 53263
33294 53265
33296 53267
33297 53269
33298 53271
33299 53273
33301 53275
33302 53277
33303 53279
33304 53281
33306 53283
33307 53285
33308 53287
33309 53289
33311 53291
33312 53293
33313 53295
33314 53297
33316 53299
33317 53301
33318 53303
33319 53305
33321 53307
33322 53309
33323 53311
33324 53313
33326 53315
33327 53317
33328 53319
33329 53321
33331 53323
33332 53325
33333 53327
33334 53329
33336 53331
33337 53333
33338 53335
33339 53337
33341 53339
33342 53341
33343 53343
33344 53345
33346 53347
33347 53349
33348 53351
33349 53353
33351 53355
33352 53357
33353 53359
33354 53361
33356 53363
33357 53365
33358 53367
33359 53369
33361 53371
33362 53373
33363 53375
33364 53377
33366 53379
33367 53381
33368 53383
33369 53385
33371 53387
33372 53389
33373 53391
33374 53393
33376 53395
33377 53397
33378 53399
33379 53401
33381 53403
33382 53405
33383 53407
33384 53409
33386 53411
33387 53413
33388 53415
33389 53417
33391 53419
33392 53421
33393 53423
33394 53425
33396 53427
33397 53429
33398 53431
33399 53433
33401 53435
33402 53437
33403 53439
33404 53441
33406 53443
33407 53445
33408 53447
33409 53449
33411 53451
33412 53453
33413 53455
33414 53457
33416 53459
33417 53461
33418 53463
33419 53465
33421 53467
33422 53469
33423 53471
33424 53473
33426 53475
33427 53477
33428 53479
33429 53481
33431 53483
33432 53485
33433 53487
33434 53489
33436 53491
33437 53493
33438 53495
33439 53497
33441 53499
33442 53501
33443 53503
33444 53505
33446 53507
33447 53509
33448 53511
33449 53513
33451 53515
33452 53517
33453 53519
33454 53521
33456 53523
33457 53525
33458 53527
33459 53529
33461 53531
33462 53533
33463 53535
33464 53537
33466 53539
33467 53541
33468 53543
33469 53545
33471 53547
33472 53549
33473 53551
33474 53553
33476 53555
33477 53557
33478 53559
33479 53561
33481 53563
33482 53565
33483 53567
33484 53569
33486 53571
33487 53573
33488 53575
33489 53577
33491 53579
33492 53581
33493 53583
33494 53585
33496 53587
33497 53589
33498 53591
33499 53593
33501 53595
33502 53597
33503 53599
33504 53601
33506 53603
33507 53605
33508 53607
33509 53609
33511 53611
33512 53613
33513 53615
33514 53617
33516 53619
33517 53621
33518 53623
33519 53625
33521 53627
33522 53629
33523 53631
33524 53633
33526 53635
33527 53637
33528 53639
33529 53641
33531 53643
33532 53645
33533 53647
33534 53649
33536 53651
33537 53653
33538 53655
33539 53657
33541 53659
33542 53661
33543 53663
33544 53665
33546 53667
33547 53669
33548 53671
33549 53673
33551 53675
33552 53677
33553 53679
33554 53681
33556 53683
33557 53685
33558 53687
33559 53689
33561 53691
33562 53693
33563 53695
33564 53697
33566 53699
33567 53701
33568 53703
33569 53705
33571 53707
33572 53709
33573 53711
33574 53713
33576 53715
33577 53717
33578 53719
33579 53721
33581 53723
33582 53725
33583 53727
33584 53729
33586 53731
33587 53733
33588 53735
33589 53737
33591 53739
33592 53741
33593 53743
33594 53745
33596 53747
33597 53749
33598 53751
33599 53753
33601 53755
33602 53757
33603 53759
33604 53761
33606 53763
33607 53765
33608 53767
33609 53769
33611 53771
33612 53773
33613 53775
33614 53777
33616 53779
33617 53781
33618 53783
33619 53785
33621 53787
33622 53789
33623 53791
33624 53793
33626 53795
33627 53797
33628 53799
33629 53801
33631 53803
33632 53805
33633 53807
33634 53809
33636 53811
33637 53813
33638 53815
33639 53817
33641 53819
33642 53821
33643 53823
33644 53825
33646 53827
33647 53829
33648 53831
33649 53833
33651 53835
33652 53837
33653 53839
33654 53841
33656 53843
33657 53845
33658 53847
33659 53849
33661 53851
33662 53853
33663 53855
33664 53857
33666 53859
33667 53861
33668 53863
33669 53865
33671 53867
33672 53869
33673 53871
33674 53873
33676 53875
33677 53877
33678 53879
33679 53881
33681 53883
33682 53885
33683 53887
33684 53889
33686 53891
33687 53893
33688 53895
33689 53897
33691 53899
33692 53901
33693 53903
33694 53905
33696 53907
33697 53909
33698 53911
33699 53913
33701 53915
33702 53917
33703 53919
33704 53921
33706 53923
33707 53925
33708 53927
33709 53929
33711 53931
33712 53933
33713 53935
33714 53937
33716 53939
33717 53941
33718 53943
33719 53945
33721 53947
33722 53949
33723 53951
33724 53953
33726 53955
33727 53957
33728 53959
33729 53961
33731 53963
33732 53965
33733 53967
33734 53969
33736 53971
33737 53973
33738 53975
33739 53977
33741 53979
33742 53981
33743 53983
33744 53985
33746 53987
33747 53989
33748 53991
33749 53993
33751 53995
33752 53997
33753 53999
33754 54001
33756 54003
33757 54005
33758 54007
33759 54009
33761 54011
33762 54013
33763 54015
33764 54017
33766 54019
33767 54021
33768 54023
33769 54025
33771 54027
33772 54029
33773 54031
33774 54033
33776 54035
33777 54037
33778 54039
33779 54041
33781 54043
33782 54045
33783 54047
33784 54049
33786 54051
33787 54053
33788 54055
33789 54057
33791 54059
33792 54061
33793 54063
33794 54065
33796 54067
33797 54069
33798 54071
33799 54073
33801 54075
33802 54077
33803 54079
33804 54081
33806 54083
33807 54085
33808 54087
33809 54089
33811 54091
33812 54093
33813 54095
33814 54097
33816 54099
33817 54101
33818 54103
33819 54105
33821 54107
33822 54109
33823 54111
33824 54113
33826 54115
33827 54117
33828 54119
33829 54121
33831 54123
33832 54125
33833 54127
33834 54129
33836 54131
33837 54133
33838 54135
33839 54137
33841 54139
33842 54141
33843 54143
33844 54145
33846 54147
33847 54149
33848 54151
33849 54153
33851 54155
33852 54157
33853 54159
33854 54161
33856 54163
33857 54165
33858 54167
33859 54169
33861 54171
33862 54173
33863 54175
33864 54177
33866 54179
33867 54181
33868 54183
33869 54185
33871 54187
33872 54189
33873 54191
33874 54193
33876 54195
33877 54197
33878 54199
33879 54201
33881 54203
33882 54205
33883 54207
33884 54209
33886 54211
33887 54213
33888 54215
33889 54217
33891 54219
33892 54221
33893 54223
33894 54225
33896 54227
33897 54229
33898 54231
33899 54233
33901 54235
33902 54237
33903 54239
33904 54241
33906 54243
33907 54245
33908 54247
33909 54249
33911 54251
33912 54253
33913 54255
33914 54257
33916 54259
33917 54261
33918 54263
33919 54265
33921 54267
33922 54269
33923 54271
33924 54273
33926 54275
33927 54277
33928 54279
33929 54281
33931 54283
33932 54285
33933 54287
33934 54289
33936 54291
33937 54293
33938 54295
33939 54297
33941 54299
33942 54301
33943 54303
33944 54305
33946 54307
33947 54309
33948 54311
33949 54313
33951 54315
33952 54317
33953 54319
33954 54321
33956 54323
33957 54325
33958 54327
33959 54329
33961 54331
33962 54333
33963 54335
33964 54337
33966 54339
33967 54341
33968 54343
33969 54345
33971 54347
33972 54349
33973 54351
33974 54353
33976 54355
33977 54357
33978 54359
33979 54361
33981 54363
33982 54365
33983 54367
33984 54369
33986 54371
33987 54373
33988 54375
33989 54377
33991 54379
33992 54381
33993 54383
33994 54385
33996 54387
33997 54389
33998 54391
33999 54393
34001 54395
34002 54397
34003 54399
34004 54401
34006 54403
34007 54405
34008 54407
34009 54409
34011 54411
34012 54413
34013 54415
34014 54417
34016 54419
34017 54421
34018 54423
34019 54425
34021 54427
34022 54429
34023 54431
34024 54433
34026 54435
34027 54437
34028 54439
34029 54441
34031 54443
34032 54445
34033 54447
34034 54449
34036 54451
34037 54453
34038 54455
34039 54457
34041 54459
34042 54461
34043 54463
34044 54465
34046 54467
34047 54469
34048 54471
34049 54473
34051 54475
34052 54477
34053 54479
34054 54481
34056 54483
34057 54485
34058 54487
34059 54489
34061 54491
34062 54493
34063 54495
34064 54497
34066 54499
34067 54501
34068 54503
34069 54505
34071 54507
34072 54509
34073 54511
34074 54513
34076 54515
34077 54517
34078 54519
34079 54521
34081 54523
34082 54525
34083 54527
34084 54529
34086 54531
34087 54533
34088 54535
34089 54537
34091 54539
34092 54541
34093 54543
34094 54545
34096 54547
34097 54549
34098 54551
34099 54553
34101 54555
34102 54557
34103 54559
34104 54561
34106 54563
34107 54565
34108 54567
34109 54569
34111 54571
34112 54573
34113 54575
34114 54577
34116 54579
34117 54581
34118 54583
34119 54585
34121 54587
34122 54589
34123 54591
34124 54593
34126 54595
34127 54597
34128 54599
34129 54601
34131 54603
34132 54605
34133 54607
34134 54609
34136 54611
34137 54613
34138 54615
34139 54617
34141 54619
34142 54621
34143 54623
34144 54625
34146 54627
34147 54629
34148 54631
34149 54633
34151 54635
34152 54637
34153 54639
34154 54641
34156 54643
34157 54645
34158 54647
34159 54649
34161 54651
34162 54653
34163 54655
34164 54657
34166 54659
34167 54661
34168 54663
34169 54665
34171 54667
34172 54669
34173 54671
34174 54673
34176 54675
34177 54677
34178 54679
34179 54681
34181 54683
34182 54685
34183 54687
34184 54689
34186 54691
34187 54693
34188 54695
34189 54697
34191 54699
34192 54701
34193 54703
34194 54705
34196 54707
34197 54709
34198 54711
34199 54713
34201 54715
34202 54717
34203 54719
34204 54721
34206 54723
34207 54725
34208 54727
34209 54729
34211 54731
34212 54733
34213 54735
34214 54737
34216 54739
34217 54741
34218 54743
34219 54745
34221 54747
34222 54749
34223 54751
34224 54753
34226 54755
34227 54757
34228 54759
34229 54761
34231 54763
34232 54765
34233 54767
34234 54769
34236 54771
34237 54773
34238 54775
34239 54777
34241 54779
34242 54781
34243 54783
34244 54785
34246 54787
34247 54789
34248 54791
34249 54793
34251 54795
34252 54797
34253 54799
34254 54801
34256 54803
34257 54805
34258 54807
34259 54809
34261 54811
34262 54813
34263 54815
34264 54817
34266 54819
34267 54821
34268 54823
34269 54825
34271 54827
34272 54829
34273 54831
34274 54833
34276 54835
34277 54837
34278 54839
34279 54841
34281 54843
34282 54845
34283 54847
34284 54849
34286 54851
34287 54853
34288 54855
34289 54857
34291 54859
34292 54861
34293 54863
34294 54865
34296 54867
34297 54869
34298 54871
34299 54873
34301 54875
34302 54877
34303 54879
34304 54881
34306 54883
34307 54885
34308 54887
34309 54889
34311 54891
34312 54893
34313 54895
34314 54897
34316 54899
34317 54901
34318 54903
34319 54905
34321 54907
34322 54909
34323 54911
34324 54913
34326 54915
34327 54917
34328 54919
34329 54921
34331 54923
34332 54925
34333 54927
34334 54929
34336 54931
34337 54933
34338 54935
34339 54937
34341 54939
34342 54941
34343 54943
34344 54945
34346 54947
34347 54949
34348 54951
34349 54953
34351 54955
34352 54957
34353 54959
34354 54961
34356 54963
34357 54965
34358 54967
34359 54969
34361 54971
34362 54973
34363 54975
34364 54977
34366 54979
34367 54981
34368 54983
34369 54985
34371 54987
34372 54989
34373 54991
34374 54993
34376 54995
34377 54997
34378 54999
34379 55001
34381 55003
34382 55005
34383 55007
34384 55009
34386 55011
34387 55013
34388 55015
34389 55017
34391 55019
34392 55021
34393 55023
34394 55025
34396 55027
34397 55029
34398 55031
34399 55033
34401 55035
34402 55037
34403 55039
34404 55041
34406 55043
34407 55045
34408 55047
34409 55049
34411 55051
34412 55053
34413 55055
34414 55057
34416 55059
34417 55061
34418 55063
34419 55065
34421 55067
34422 55069
34423 55071
34424 55073
34426 55075
34427 55077
34428 55079
34429 55081
34431 55083
34432 55085
34433 55087
34434 55089
34436 55091
34437 55093
34438 55095
34439 55097
34441 55099
34442 55101
34443 55103
34444 55105
34446 55107
34447 55109
34448 55111
34449 55113
34451 55115
34452 55117
34453 55119
34454 55121
34456 55123
34457 55125
34458 55127
34459 55129
34461 55131
34462 55133
34463 55135
34464 55137
34466 55139
34467 55141
34468 55143
34469 55145
34471 55147
34472 55149
34473 55151
34474 55153
34476 55155
34477 55157
34478 55159
34479 55161
34481 55163
34482 55165
34483 55167
34484 55169
34486 55171
34487 55173
34488 55175
34489 55177
34491 55179
34492 55181
34493 55183
34494 55185
34496 55187
34497 55189
34498 55191
34499 55193
34501 55195
34502 55197
34503 55199
34504 55201
34506 55203
34507 55205
34508 55207
34509 55209
34511 55211
34512 55213
34513 55215
34514 55217
34516 55219
34517 55221
34518 55223
34519 55225
34521 55227
34522 55229
34523 55231
34524 55233
34526 55235
34527 55237
34528 55239
34529 55241
34531 55243
34532 55245
34533 55247
34534 55249
34536 55251
34537 55253
34538 55255
34539 55257
34541 55259
34542 55261
34543 55263
34544 55265
34546 55267
34547 55269
34548 55271
34549 55273
34551 55275
34552 55277
34553 55279
34554 55281
34556 55283
34557 55285
34558 55287
34559 55289
34561 55291
34562 55293
34563 55295
34564 55297
34566 55299
34567 55301
34568 55303
34569 55305
34571 55307
34572 55309
34573 55311
34574 55313
34576 55315
34577 55317
34578 55319
34579 55321
34581 55323
34582 55325
34583 55327
34584 55329
34586 55331
34587 55333
34588 55335
34589 55337
34591 55339
34592 55341
34593 55343
34594 55345
34596 55347
34597 55349
34598 55351
34599 55353
34601 55355
34602 55357
34603 55359
34604 55361
34606 55363
34607 55365
34608 55367
34609 55369
34611 55371
34612 55373
34613 55375
34614 55377
34616 55379
34617 55381
34618 55383
34619 55385
34621 55387
34622 55389
34623 55391
34624 55393
34626 55395
34627 55397
34628 55399
34629 55401
34631 55403
34632 55405
34633 55407
34634 55409
34636 55411
34637 55413
34638 55415
34639 55417
34641 55419
34642 55421
34643 55423
34644 55425
34646 55427
34647 55429
34648 55431
34649 55433
34651 55435
34652 55437
34653 55439
34654 55441
34656 55443
34657 55445
34658 55447
34659 55449
34661 55451
34662 55453
34663 55455
34664 55457
34666 55459
34667 55461
34668 55463
34669 55465
34671 55467
34672 55469
34673 55471
34674 55473
34676 55475
34677 55477
34678 55479
34679 55481
34681 55483
34682 55485
34683 55487
34684 55489
34686 55491
34687 55493
34688 55495
34689 55497
34691 55499
34692 55501
34693 55503
34694 55505
34696 55507
34697 55509
34698 55511
34699 55513
34701 55515
34702 55517
34703 55519
34704 55521
34706 55523
34707 55525
34708 55527
34709 55529
34711 55531
34712 55533
34713 55535
34714 55537
34716 55539
34717 55541
34718 55543
34719 55545
34721 55547
34722 55549
34723 55551
34724 55553
34726 55555
34727 55557
34728 55559
34729 55561
34731 55563
34732 55565
34733 55567
34734 55569
34736 55571
34737 55573
34738 55575
34739 55577
34741 55579
34742 55581
34743 55583
34744 55585
34746 55587
34747 55589
34748 55591
34749 55593
34751 55595
34752 55597
34753 55599
34754 55601
34756 55603
34757 55605
34758 55607
34759 55609
34761 55611
34762 55613
34763 55615
34764 55617
34766 55619
34767 55621
34768 55623
34769 55625
34771 55627
34772 55629
34773 55631
34774 55633
34776 55635
34777 55637
34778 55639
34779 55641
34781 55643
34782 55645
34783 55647
34784 55649
34786 55651
34787 55653
34788 55655
34789 55657
34791 55659
34792 55661
34793 55663
34794 55665
34796 55667
34797 55669
34798 55671
34799 55673
34801 55675
34802 55677
34803 55679
34804 55681
34806 55683
34807 55685
34808 55687
34809 55689
34811 55691
34812 55693
34813 55695
34814 55697
34816 55699
34817 55701
34818 55703
34819 55705
34821 55707
34822 55709
34823 55711
34824 55713
34826 55715
34827 55717
34828 55719
34829 55721
34831 55723
34832 55725
34833 55727
34834 55729
34836 55731
34837 55733
34838 55735
34839 55737
34841 55739
34842 55741
34843 55743
34844 55745
34846 55747
34847 55749
34848 55751
34849 55753
34851 55755
34853 55757
34854 55759
34856 55761
34857 55763
34858 55765
34859 55767
34861 55769
34862 55771
34863 55773
34864 55775
34866 55777
34867 55779
34868 55781
34869 55783
34871 55785
34872 55787
34873 55789
34874 55791
34876 55793
34877 55795
34878 55797
34879 55799
34881 55801
34882 55803
34883 55805
34884 55807
34886 55809
34887 55811
34888 55813
34889 55815
34891 55817
34892 55819
34893 55821
34894 55823
34896 55825
34897 55827
34898 55829
34899 55831
34901 55833
34902 55835
34903 55837
34904 55839
34906 55841
34907 55843
34908 55845
34909 55847
34911 55849
34912 55851
34913 55853
34914 55855
34916 55857
34917 55859
34918 55861
34919 55863
34921 55865
34922 55867
34923 55869
34924 55871
34926 55873
34927 55875
34928 55877
34929 55879
34931 55881
34932 55883
34933 55885
34934 55887
34936 55889
34937 55891
34938 55893
34939 55895
34941 55897
34942 55899
34943 55901
34944 55903
34946 55905
34947 55907
34948 55909
34949 55911
34951 55913
34952 55915
34953 55917
34954 55919
34956 55921
34957 55923
34958 55925
34959 55927
34961 55929
34962 55931
34963 55933
34964 55935
34966 55937
34967 55939
34968 55941
34969 55943
34971 55945
34972 55947
34973 55949
34974 55951
34976 55953
34977 55955
34978 55957
34979 55959
34981 55961
34982 55963
34983 55965
34984 55967
34986 55969
34987 55971
34988 55973
34989 55975
34991 55977
34992 55979
34993 55981
34994 55983
34996 55985
34997 55987
34998 55989
34999 55991
35001 55993
35002 55995
35003 55997
35004 55999
35006 56001
35007 56003
35008 56005
35009 56007
35011 56009
35012 56011
35013 56013
35014 56015
35016 56017
35017 56019
35018 56021
35019 56023
35021 56025
35022 56027
35023 56029
35024 56031
35026 56033
35027 56035
35028 56037
35029 56039
35031 56041
35032 56043
35033 56045
35034 56047
35036 56049
35037 56051
35038 56053
35039 56055
35041 56057
35042 56059
35043 56061
35044 56063
35046 56065
35047 56067
35048 56069
35049 56071
35051 56073
35052 56075
35053 56077
35054 56079
35056 56081
35057 56083
35058 56085
35059 56087
35061 56089
35062 56091
35063 56093
35064 56095
35066 56097
35067 56099
35068 56101
35069 56103
35071 56105
35072 56107
35073 56109
35074 56111
35076 56113
35077 56115
35078 56117
35079 56119
35081 56121
35082 56123
35083 56125
35084 56127
35086 56129
35087 56131
35088 56133
35089 56135
35091 56137
35092 56139
35093 56141
35094 56143
35096 56145
35097 56147
35098 56149
35099 56151
35101 56153
35102 56155
35103 56157
35104 56159
35106 56161
35107 56163
35108 56165
35109 56167
35111 56169
35112 56171
35113 56173
35114 56175
35116 56177
35117 56179
35118 56181
35119 56183
35121 56185
35122 56187
35123 56189
35124 56191
35126 56193
35127 56195
35128 56197
35129 56199
35131 56201
35132 56203
35133 56205
35134 56207
35136 56209
35137 56211
35138 56213
35139 56215
35141 56217
35142 56219
35143 56221
35144 56223
35146 56225
35147 56227
35148 56229
35149 56231
35151 56233
35152 56235
35153 56237
35154 56239
35156 56241
35157 56243
35158 56245
35159 56247
35161 56249
35162 56251
35163 56253
35164 56255
35166 56257
35167 56259
35168 56261
35169 56263
35171 56265
35172 56267
35173 56269
35174 56271
35176 56273
35177 56275
35178 56277
35179 56279
35181 56281
35182 56283
35183 56285
35184 56287
35186 56289
35187 56291
35188 56293
35189 56295
35191 56297
35192 56299
35193 56301
35194 56303
35196 56305
35197 56307
35198 56309
35199 56311
35201 56313
35202 56315
35203 56317
35204 56319
35206 56321
35207 56323
35208 56325
35209 56327
35211 56329
35212 56331
35213 56333
35214 56335
35216 56337
35217 56339
35218 56341
35219 56343
35221 56345
35222 56347
35223 56349
35224 56351
35226 56353
35227 56355
35228 56357
35229 56359
35231 56361
35232 56363
35233 56365
35234 56367
35236 56369
35237 56371
35238 56373
35239 56375
35241 56377
35242 56379
35243 56381
35244 56383
35246 56385
35247 56387
35248 56389
35249 56391
35251 56393
35252 56395
35253 56397
35254 56399
35256 56401
35257 56403
35258 56405
35259 56407
35261 56409
35262 56411
35263 56413
35264 56415
35266 56417
35267 56419
35268 56421
35269 56423
35271 56425
35272 56427
35273 56429
35274 56431
35276 56433
35277 56435
35278 56437
35279 56439
35281 56441
35282 56443
35283 56445
35284 56447
35286 56449
35287 56451
35288 56453
35289 56455
35291 56457
35292 56459
35293 56461
35294 56463
35296 56465
35297 56467
35298 56469
35299 56471
35301 56473
35302 56475
35303 56477
35304 56479
35306 56481
35307 56483
35308 56485
35309 56487
35311 56489
35312 56491
35313 56493
35314 56495
35316 56497
35317 56499
35318 56501
35319 56503
35321 56505
35322 56507
35323 56509
35324 56511
35326 56513
35327 56515
35328 56517
35329 56519
35331 56521
35332 56523
35333 56525
35334 56527
35336 56529
35337 56531
35338 56533
35339 56535
35341 56537
35342 56539
35343 56541
35344 56543
35346 56545
35347 56547
35348 56549
35349 56551
35351 56553
35352 56555
35353 56557
35354 56559
35356 56561
35357 56563
35358 56565
35359 56567
35361 56569
35362 56571
35363 56573
35364 56575
35366 56577
35367 56579
35368 56581
35369 56583
35371 56585
35372 56587
35373 56589
35374 56591
35376 56593
35377 56595
35378 56597
35379 56599
35381 56601
35382 56603
35383 56605
35384 56607
35386 56609
35387 56611
35388 56613
35389 56615
35391 56617
35392 56619
35393 56621
35394 56623
35396 56625
35397 56627
35398 56629
35399 56631
35401 56633
35402 56635
35403 56637
35404 56639
35406 56641
35407 56643
35408 56645
35409 56647
35411 56649
35412 56651
35413 56653
35414 56655
35416 56657
35417 56659
35418 56661
35419 56663
35421 56665
35422 56667
35423 56669
35424 56671
35426 56673
35427 56675
35428 56677
35429 56679
35431 56681
35432 56683
35433 56685
35434 56687
35436 56689
35437 56691
35438 56693
35439 56695
35441 56697
35442 56699
35443 56701
35444 56703
35446 56705
35447 56707
35448 56709
35449 56711
35451 56713
35452 56715
35453 56717
35454 56719
35456 56721
35457 56723
35458 56725
35459 56727
35461 56729
35462 56731
35463 56733
35464 56735
35466 56737
35467 56739
35468 56741
35469 56743
35471 56745
35472 56747
35473 56749
35474 56751
35476 56753
35477 56755
35478 56757
35479 56759
35481 56761
35482 56763
35483 56765
35484 56767
35486 56769
35487 56771
35488 56773
35489 56775
35491 56777
35492 56779
35493 56781
35494 56783
35496 56785
35497 56787
35498 56789
35499 56791
35501 56793
35502 56795
35503 56797
35504 56799
35506 56801
35507 56803
35508 56805
35509 56807
35511 56809
35512 56811
35513 56813
35514 56815
35516 56817
35517 56819
35518 56821
35519 56823
35521 56825
35522 56827
35523 56829
35524 56831
35526 56833
35527 56835
35528 56837
35529 56839
35531 56841
35532 56843
35533 56845
35534 56847
35536 56849
35537 56851
35538 56853
35539 56855
35541 56857
35542 56859
35543 56861
35544 56863
35546 56865
35547 56867
35548 56869
35549 56871
35551 56873
35552 56875
35553 56877
35554 56879
35556 56881
35557 56883
35558 56885
35559 56887
35561 56889
35562 56891
35563 56893
35564 56895
35566 56897
35567 56899
35568 56901
35569 56903
35571 56905
35572 56907
35573 56909
35574 56911
35576 56913
35577 56915
35578 56917
35579 56919
35581 56921
35582 56923
35583 56925
35584 56927
35586 56929
35587 56931
35588 56933
35589 56935
35591 56937
35592 56939
35593 56941
35594 56943
35596 56945
35597 56947
35598 56949
35599 56951
35601 56953
35602 56955
35603 56957
35604 56959
35606 56961
35607 56963
35608 56965
35609 56967
35611 56969
35612 56971
35613 56973
35614 56975
35616 56977
35617 56979
35618 56981
35619 56983
35621 56985
35622 56987
35623 56989
35624 56991
35626 56993
35627 56995
35628 56997
35629 56999
35631 57001
35632 57003
35633 57005
35634 57007
35636 57009
35637 57011
35638 57013
35639 57015
35641 57017
35642 57019
35643 57021
35644 57023
35646 57025
35647 57027
35648 57029
35649 57031
35651 57033
35652 57035
35653 57037
35654 57039
35656 57041
35657 57043
35658 57045
35659 57047
35661 57049
35662 57051
35663 57053
35664 57055
35666 57057
35667 57059
35668 57061
35669 57063
35671 57065
35672 57067
35673 57069
35674 57071
35676 57073
35677 57075
35678 57077
35679 57079
35681 57081
35682 57083
35683 57085
35684 57087
35686 57089
35687 57091
35688 57093
35689 57095
35691 57097
35692 57099
35693 57101
35694 57103
35696 57105
35697 57107
35698 57109
35699 57111
35701 57113
35702 57115
35703 57117
35704 57119
35706 57121
35707 57123
35708 57125
35709 57127
35711 57129
35712 57131
35713 57133
35714 57135
35716 57137
35717 57139
35718 57141
35719 57143
35721 57145
35722 57147
35723 57149
35724 57151
35726 57153
35727 57155
35728 57157
35729 57159
35731 57161
35732 57163
35733 57165
35734 57167
35736 57169
35737 57171
35738 57173
35739 57175
35741 57177
35742 57179
35743 57181
35744 57183
35746 57185
35747 57187
35748 57189
35749 57191
35751 57193
35752 57195
35753 57197
35754 57199
35756 57201
35757 57203
35758 57205
35759 57207
35761 57209
35762 57211
35763 57213
35764 57215
35766 57217
35767 57219
35768 57221
35769 57223
35771 57225
35772 57227
35773 57229
35774 57231
35776 57233
35777 57235
35778 57237
35779 57239
35781 57241
35782 57243
35783 57245
35784 57247
35786 57249
35787 57251
35788 57253
35789 57255
35791 57257
35792 57259
35793 57261
35794 57263
35796 57265
35797 57267
35798 57269
35799 57271
35801 57273
35802 57275
35803 57277
35804 57279
35806 57281
35807 57283
35808 57285
35809 57287
35811 57289
35812 57291
35813 57293
35814 57295
35816 57297
35817 57299
35818 57301
35819 57303
35821 57305
35822 57307
35823 57309
35824 57311
35826 57313
35827 57315
35828 57317
35829 57319
35831 57321
35832 57323
35833 57325
35834 57327
35836 57329
35837 57331
35838 57333
35839 57335
35841 57337
35842 57339
35843 57341
35844 57343
35846 57345
35847 57347
35848 57349
35849 57351
35851 57353
35852 57355
35853 57357
35854 57359
35856 57361
35857 57363
35858 57365
35859 57367
35861 57369
35862 57371
35863 57373
35864 57375
35866 57377
35867 57379
35868 57381
35869 57383
35871 57385
35872 57387
35873 57389
35874 57391
35876 57393
35877 57395
35878 57397
35879 57399
35881 57401
35882 57403
35883 57405
35884 57407
35886 57409
35887 57411
35888 57413
35889 57415
35891 57417
35892 57419
35893 57421
35894 57423
35896 57425
35897 57427
35898 57429
35899 57431
35901 57433
35902 57435
35903 57437
35904 57439
35906 57441
35907 57443
35908 57445
35909 57447
35911 57449
35912 57451
35913 57453
35914 57455
35916 57457
35917 57459
35918 57461
35919 57463
35921 57465
35922 57467
35923 57469
35924 57471
35926 57473
35927 57475
35928 57477
35929 57479
35931 57481
35932 57483
35933 57485
35934 57487
35936 57489
35937 57491
35938 57493
35939 57495
35941 57497
35942 57499
35943 57501
35944 57503
35946 57505
35947 57507
35948 57509
35949 57511
35951 57513
35952 57515
35953 57517
35954 57519
35956 57521
35957 57523
35958 57525
35959 57527
35961 57529
35962 57531
35963 57533
35964 57535
35966 57537
35967 57539
35968 57541
35969 57543
35971 57545
35972 57547
35973 57549
35974 57551
35976 57553
35977 57555
35978 57557
35979 57559
35981 57561
35982 57563
35983 57565
35984 57567
35986 57569
35987 57571
35988 57573
35989 57575
35991 57577
35992 57579
35993 57581
35994 57583
35996 57585
35997 57587
35998 57589
35999 57591
36001 57593
36002 57595
36003 57597
36004 57599
36006 57601
36007 57603
36008 57605
36009 57607
36011 57609
36012 57611
36013 57613
36014 57615
36016 57617
36017 57619
36018 57621
36019 57623
36021 57625
36022 57627
36023 57629
36024 57631
36026 57633
36027 57635
36028 57637
36029 57639
36031 57641
36032 57643
36033 57645
36034 57647
36036 57649
36037 57651
36038 57653
36039 57655
36041 57657
36042 57659
36043 57661
36044 57663
36046 57665
36047 57667
36048 57669
36049 57671
36051 57673
36052 57675
36053 57677
36054 57679
36056 57681
36057 57683
36058 57685
36059 57687
36061 57689
36062 57691
36063 57693
36064 57695
36066 57697
36067 57699
36068 57701
36069 57703
36071 57705
36072 57707
36073 57709
36074 57711
36076 57713
36077 57715
36078 57717
36079 57719
36081 57721
36082 57723
36083 57725
36084 57727
36086 57729
36087 57731
36088 57733
36089 57735
36091 57737
36092 57739
36093 57741
36094 57743
36096 57745
36097 57747
36098 57749
36099 57751
36101 57753
36102 57755
36103 57757
36104 57759
36106 57761
36107 57763
36108 57765
36109 57767
36111 57769
36112 57771
36113 57773
36114 57775
36116 57777
36117 57779
36118 57781
36119 57783
36121 57785
36122 57787
36123 57789
36124 57791
36126 57793
36127 57795
36128 57797
36129 57799
36131 57801
36132 57803
36133 57805
36134 57807
36136 57809
36137 57811
36138 57813
36139 57815
36141 57817
36142 57819
36143 57821
36144 57823
36146 57825
36147 57827
36148 57829
36149 57831
36151 57833
36152 57835
36153 57837
36154 57839
36156 57841
36157 57843
36158 57845
36159 57847
36161 57849
36162 57851
36163 57853
36164 57855
36166 57857
36167 57859
36168 57861
36169 57863
36171 57865
36172 57867
36173 57869
36174 57871
36176 57873
36177 57875
36178 57877
36179 57879
36181 57881
36182 57883
36183 57885
36184 57887
36186 57889
36187 57891
36188 57893
36189 57895
36191 57897
36192 57899
36193 57901
36194 57903
36196 57905
36197 57907
36198 57909
36199 57911
36201 57913
36202 57915
36203 57917
36204 57919
36206 57921
36207 57923
36208 57925
36209 57927
36211 57929
36212 57931
36213 57933
36214 57935
36216 57937
36217 57939
36218 57941
36219 57943
36221 57945
36222 57947
36223 57949
36224 57951
36226 57953
36227 57955
36228 57957
36229 57959
36231 57961
36232 57963
36233 57965
36234 57967
36236 57969
36237 57971
36238 57973
36239 57975
36241 57977
36242 57979
36243 57981
36244 57983
36246 57985
36247 57987
36248 57989
36249 57991
36251 57993
36252 57995
36253 57997
36254 57999
36256 58001
36257 58003
36258 58005
36259 58007
36261 58009
36262 58011
36263 58013
36264 58015
36266 58017
36267 58019
36268 58021
36269 58023
36271 58025
36272 58027
36273 58029
36274 58031
36276 58033
36277 58035
36278 58037
36279 58039
36281 58041
36282 58043
36283 58045
36284 58047
36286 58049
36287 58051
36288 58053
36289 58055
36291 58057
36292 58059
36293 58061
36294 58063
36296 58065
36297 58067
36298 58069
36299 58071
36301 58073
36302 58075
36303 58077
36304 58079
36306 58081
36307 58083
36308 58085
36309 58087
36311 58089
36312 58091
36313 58093
36314 58095
36316 58097
36317 58099
36318 58101
36319 58103
36321 58105
36322 58107
36323 58109
36324 58111
36326 58113
36327 58115
36328 58117
36329 58119
36331 58121
36332 58123
36333 58125
36334 58127
36336 58129
36337 58131
36338 58133
36339 58135
36341 58137
36342 58139
36343 58141
36344 58143
36346 58145
36347 58147
36348 58149
36349 58151
36351 58153
36352 58155
36353 58157
36354 58159
36356 58161
36357 58163
36358 58165
36359 58167
36361 58169
36362 58171
36363 58173
36364 58175
36366 58177
36367 58179
36368 58181
36369 58183
36371 58185
36372 58187
36373 58189
36374 58191
36376 58193
36377 58195
36378 58197
36379 58199
36381 58201
36382 58203
36383 58205
36384 58207
36386 58209
36387 58211
36388 58213
36389 58215
36391 58217
36392 58219
36393 58221
36394 58223
36396 58225
36397 58227
36398 58229
36399 58231
36401 58233
36402 58235
36403 58237
36404 58239
36406 58241
36407 58243
36408 58245
36409 58247
36411 58249
36412 58251
36413 58253
36414 58255
36416 58257
36417 58259
36418 58261
36419 58263
36421 58265
36422 58267
36423 58269
36424 58271
36426 58273
36427 58275
36428 58277
36429 58279
36431 58281
36432 58283
36433 58285
36434 58287
36436 58289
36437 58291
36438 58293
36439 58295
36441 58297
36442 58299
36443 58301
36444 58303
36446 58305
36447 58307
36448 58309
36449 58311
36451 58313
36452 58315
36453 58317
36454 58319
36456 58321
36457 58323
36458 58325
36459 58327
36461 58329
36462 58331
36463 58333
36464 58335
36466 58337
36467 58339
36468 58341
36469 58343
36471 58345
36472 58347
36473 58349
36474 58351
36476 58353
36477 58355
36478 58357
36479 58359
36481 58361
36482 58363
36483 58365
36484 58367
36486 58369
36487 58371
36488 58373
36489 58375
36491 58377
36492 58379
36493 58381
36494 58383
36496 58385
36497 58387
36498 58389
36499 58391
36501 58393
36502 58395
36503 58397
36504 58399
36506 58401
36507 58403
36508 58405
36509 58407
36511 58409
36512 58411
36513 58413
36514 58415
36516 58417
36517 58419
36518 58421
36519 58423
36521 58425
36522 58427
36523 58429
36524 58431
36526 58433
36527 58435
36528 58437
36529 58439
36531 58441
36532 58443
36533 58445
36534 58447
36536 58449
36537 58451
36538 58453
36539 58455
36541 58457
36542 58459
36543 58461
36544 58463
36546 58465
36547 58467
36548 58469
36549 58471
36551 58473
36552 58475
36553 58477
36554 58479
36556 58481
36557 58483
36558 58485
36559 58487
36561 58489
36562 58491
36563 58493
36564 58495
36566 58497
36567 58499
36568 58501
36569 58503
36571 58505
36572 58507
36573 58509
36574 58511
36576 58513
36577 58515
36578 58517
36579 58519
36581 58521
36582 58523
36583 58525
36584 58527
36586 58529
36587 58531
36588 58533
36589 58535
36591 58537
36592 58539
36593 58541
36594 58543
36596 58545
36597 58547
36598 58549
36599 58551
36601 58553
36602 58555
36603 58557
36604 58559
36606 58561
36607 58563
36608 58565
36609 58567
36611 58569
36612 58571
36613 58573
36614 58575
36616 58577
36617 58579
36618 58581
36619 58583
36621 58585
36622 58587
36623 58589
36624 58591
36626 58593
36627 58595
36628 58597
36629 58599
36631 58601
36632 58603
36633 58605
36634 58607
36636 58609
36637 58611
36638 58613
36639 58615
36641 58617
36642 58619
36643 58621
36644 58623
36646 58625
36647 58627
36648 58629
36649 58631
36651 58633
36652 58635
36653 58637
36654 58639
36656 58641
36657 58643
36658 58645
36659 58647
36661 58649
36662 58651
36663 58653
36664 58655
36666 58657
36667 58659
36668 58661
36669 58663
36671 58665
36672 58667
36673 58669
36674 58671
36676 58673
36677 58675
36678 58677
36679 58679
36681 58681
36682 58683
36683 58685
36684 58687
36686 58689
36687 58691
36688 58693
36689 58695
36691 58697
36692 58699
36693 58701
36694 58703
36696 58705
36697 58707
36698 58709
36699 58711
36701 58713
36702 58715
36703 58717
36704 58719
36706 58721
36707 58723
36708 58725
36709 58727
36711 58729
36712 58731
36713 58733
36714 58735
36716 58737
36717 58739
36718 58741
36719 58743
36721 58745
36722 58747
36723 58749
36724 58751
36726 58753
36727 58755
36728 58757
36729 58759
36731 58761
36732 58763
36733 58765
36734 58767
36736 58769
36737 58771
36738 58773
36739 58775
36741 58777
36742 58779
36743 58781
36744 58783
36746 58785
36747 58787
36748 58789
36749 58791
36751 58793
36752 58795
36753 58797
36754 58799
36756 58801
36757 58803
36758 58805
36759 58807
36761 58809
36762 58811
36763 58813
36764 58815
36766 58817
36767 58819
36768 58821
36769 58823
36771 58825
36772 58827
36773 58829
36774 58831
36776 58833
36777 58835
36778 58837
36779 58839
36781 58841
36782 58843
36783 58845
36784 58847
36786 58849
36787 58851
36788 58853
36789 58855
36791 58857
36792 58859
36793 58861
36794 58863
36796 58865
36797 58867
36798 58869
36799 58871
36801 58873
36802 58875
36803 58877
36804 58879
36806 58881
36807 58883
36808 58885
36809 58887
36811 58889
36812 58891
36813 58893
36814 58895
36816 58897
36817 58899
36818 58901
36819 58903
36821 58905
36822 58907
36823 58909
36824 58911
36826 58913
36827 58915
36828 58917
36829 58919
36831 58921
36832 58923
36833 58925
36834 58927
36836 58929
36837 58931
36838 58933
36839 58935
36841 58937
36842 58939
36843 58941
36844 58943
36846 58945
36847 58947
36848 58949
36849 58951
36851 58953
36852 58955
36853 58957
36854 58959
36856 58961
36857 58963
36858 58965
36859 58967
36861 58969
36862 58971
36863 58973
36864 58975
36866 58977
36867 58979
36868 58981
36869 58983
36871 58985
36872 58987
36873 58989
36874 58991
36876 58993
36877 58995
36878 58997
36879 58999
36881 59001
36882 59003
36883 59005
36884 59007
36886 59009
36887 59011
36888 59013
36889 59015
36891 59017
36892 59019
36893 59021
36894 59023
36896 59025
36897 59027
36898 59029
36899 59031
36901 59033
36902 59035
36903 59037
36904 59039
36906 59041
36907 59043
36908 59045
36909 59047
36911 59049
36912 59051
36913 59053
36914 59055
36916 59057
36917 59059
36918 59061
36919 59063
36921 59065
36922 59067
36923 59069
36924 59071
36926 59073
36927 59075
36928 59077
36929 59079
36931 59081
36932 59083
36933 59085
36934 59087
36936 59089
36937 59091
36938 59093
36939 59095
36941 59097
36942 59099
36943 59101
36944 59103
36946 59105
36947 59107
36948 59109
36949 59111
36951 59113
36952 59115
36953 59117
36954 59119
36956 59121
36957 59123
36958 59125
36959 59127
36961 59129
36962 59131
36963 59133
36964 59135
36966 59137
36967 59139
36968 59141
36969 59143
36971 59145
36972 59147
36973 59149
36974 59151
36976 59153
36977 59155
36978 59157
36979 59159
36981 59161
36982 59163
36983 59165
36984 59167
36986 59169
36987 59171
36988 59173
36989 59175
36991 59177
36992 59179
36993 59181
36994 59183
36996 59185
36997 59187
36998 59189
36999 59191
37001 59193
37002 59195
37003 59197
37004 59199
37006 59201
37007 59203
37008 59205
37009 59207
37011 59209
37012 59211
37013 59213
37014 59215
37016 59217
37017 59219
37018 59221
37019 59223
37021 59225
37022 59227
37023 59229
37024 59231
37026 59233
37027 59235
37028 59237
37029 59239
37031 59241
37032 59243
37033 59245
37034 59247
37036 59249
37037 59251
37038 59253
37039 59255
37041 59257
37042 59259
37043 59261
37044 59263
37046 59265
37047 59267
37048 59269
37049 59271
37051 59273
37052 59275
37053 59277
37054 59279
37056 59281
37057 59283
37058 59285
37059 59287
37061 59289
37062 59291
37063 59293
37064 59295
37066 59297
37067 59299
37068 59301
37069 59303
37071 59305
37072 59307
37073 59309
37074 59311
37076 59313
37077 59315
37078 59317
37079 59319
37081 59321
37082 59323
37083 59325
37084 59327
37086 59329
37087 59331
37088 59333
37089 59335
37091 59337
37092 59339
37093 59341
37094 59343
37096 59345
37097 59347
37098 59349
37099 59351
37101 59353
37102 59355
37103 59357
37104 59359
37106 59361
37107 59363
37108 59365
37109 59367
37111 59369
37112 59371
37113 59373
37114 59375
37116 59377
37117 59379
37118 59381
37119 59383
37121 59385
37122 59387
37123 59389
37124 59391
37126 59393
37127 59395
37128 59397
37129 59399
37131 59401
37132 59403
37133 59405
37134 59407
37136 59409
37137 59411
37138 59413
37139 59415
37141 59417
37142 59419
37143 59421
37144 59423
37146 59425
37147 59427
37148 59429
37149 59431
37151 59433
37152 59435
37153 59437
37154 59439
37156 59441
37157 59443
37158 59445
37159 59447
37161 59449
37162 59451
37163 59453
37164 59455
37166 59457
37167 59459
37168 59461
37169 59463
37171 59465
37172 59467
37173 59469
37174 59471
37176 59473
37177 59475
37178 59477
37179 59479
37181 59481
37182 59483
37183 59485
37184 59487
37186 59489
37187 59491
37188 59493
37189 59495
37191 59497
37192 59499
37193 59501
37194 59503
37196 59505
37197 59507
37198 59509
37199 59511
37201 59513
37202 59515
37203 59517
37204 59519
37206 59521
37207 59523
37208 59525
37209 59527
37211 59529
37212 59531
37213 59533
37214 59535
37216 59537
37217 59539
37218 59541
37219 59543
37221 59545
37222 59547
37223 59549
37224 59551
37226 59553
37227 59555
37228 59557
37229 59559
37231 59561
37232 59563
37233 59565
37234 59567
37236 59569
37237 59571
37238 59573
37239 59575
37241 59577
37242 59579
37243 59581
37244 59583
37246 59585
37247 59587
37248 59589
37249 59591
37251 59593
37252 59595
37253 59597
37254 59599
37256 59601
37257 59603
37258 59605
37259 59607
37261 59609
37262 59611
37263 59613
37264 59615
37266 59617
37267 59619
37268 59621
37269 59623
37271 59625
37272 59627
37273 59629
37274 59631
37276 59633
37277 59635
37278 59637
37279 59639
37281 59641
37282 59643
37283 59645
37284 59647
37286 59649
37287 59651
37288 59653
37289 59655
37291 59657
37292 59659
37293 59661
37294 59663
37296 59665
37297 59667
37298 59669
37299 59671
37301 59673
37302 59675
37303 59677
37304 59679
37306 59681
37307 59683
37308 59685
37309 59687
37311 59689
37312 59691
37313 59693
37314 59695
37316 59697
37317 59699
37318 59701
37319 59703
37321 59705
37322 59707
37323 59709
37324 59711
37326 59713
37327 59715
37328 59717
37329 59719
37331 59721
37332 59723
37333 59725
37334 59727
37336 59729
37337 59731
37338 59733
37339 59735
37341 59737
37342 59739
37343 59741
37344 59743
37346 59745
37347 59747
37348 59749
37349 59751
37351 59753
37352 59755
37353 59757
37354 59759
37356 59761
37357 59763
37358 59765
37359 59767
37361 59769
37362 59771
37363 59773
37364 59775
37366 59777
37367 59779
37368 59781
37369 59783
37371 59785
37372 59787
37373 59789
37374 59791
37376 59793
37377 59795
37378 59797
37379 59799
37381 59801
37382 59803
37383 59805
37384 59807
37386 59809
37387 59811
37388 59813
37389 59815
37391 59817
37392 59819
37393 59821
37394 59823
37396 59825
37397 59827
37398 59829
37399 59831
37401 59833
37402 59835
37403 59837
37404 59839
37406 59841
37407 59843
37408 59845
37409 59847
37411 59849
37412 59851
37413 59853
37414 59855
37416 59857
37417 59859
37418 59861
37419 59863
37421 59865
37422 59867
37423 59869
37424 59871
37426 59873
37427 59875
37428 59877
37429 59879
37431 59881
37432 59883
37433 59885
37434 59887
37436 59889
37437 59891
37438 59893
37439 59895
37441 59897
37442 59899
37443 59901
37444 59903
37446 59905
37447 59907
37448 59909
37449 59911
37451 59913
37452 59915
37453 59917
37454 59919
37456 59921
37457 59923
37458 59925
37459 59927
37461 59929
37462 59931
37463 59933
37464 59935
37466 59937
37467 59939
37468 59941
37469 59943
37471 59945
37472 59947
37473 59949
37474 59951
37476 59953
37477 59955
37478 59957
37479 59959
37481 59961
37482 59963
37483 59965
37484 59967
37486 59969
37487 59971
37488 59973
37489 59975
37491 59977
37492 59979
37493 59981
37494 59983
37496 59985
37497 59987
37498 59989
37499 59991
37501 59993
37502 59995
37503 59997
37504 59999
37506 60001
37507 60003
37508 60005
37509 60007
37511 60009
37512 60011
37513 60013
37514 60015
37516 60017
37517 60019
37518 60021
37519 60023
37521 60025
37522 60027
37523 60029
37524 60031
37526 60033
37527 60035
37528 60037
37529 60039
37531 60041
37532 60043
37533 60045
37534 60047
37536 60049
37537 60051
37538 60053
37539 60055
37541 60057
37542 60059
37543 60061
37544 60063
37546 60065
37547 60067
37548 60069
37549 60071
37551 60073
37552 60075
37553 60077
37554 60079
37556 60081
37557 60083
37558 60085
37559 60087
37561 60089
37562 60091
37563 60093
37564 60095
37566 60097
37567 60099
37568 60101
37569 60103
37571 60105
37572 60107
37573 60109
37574 60111
37576 60113
37577 60115
37578 60117
37579 60119
37581 60121
37582 60123
37583 60125
37584 60127
37586 60129
37587 60131
37588 60133
37589 60135
37591 60137
37592 60139
37593 60141
37594 60143
37596 60145
37597 60147
37598 60149
37599 60151
37601 60153
37602 60155
37603 60157
37604 60159
37606 60161
37607 60163
37608 60165
37609 60167
37611 60169
37612 60171
37613 60173
37614 60175
37616 60177
37617 60179
37618 60181
37619 60183
37621 60185
37622 60187
37623 60189
37624 60191
37626 60193
37627 60195
37628 60197
37629 60199
37631 60201
37632 60203
37633 60205
37634 60207
37636 60209
37637 60211
37638 60213
37639 60215
37641 60217
37642 60219
37643 60221
37644 60223
37646 60225
37647 60227
37648 60229
37649 60231
37651 60233
37652 60235
37653 60237
37654 60239
37656 60241
37657 60243
37658 60245
37659 60247
37661 60249
37662 60251
37663 60253
37664 60255
37666 60257
37667 60259
37668 60261
37669 60263
37671 60265
37672 60267
37673 60269
37674 60271
37676 60273
37677 60275
37678 60277
37679 60279
37681 60281
37682 60283
37683 60285
37684 60287
37686 60289
37687 60291
37688 60293
37689 60295
37691 60297
37692 60299
37693 60301
37694 60303
37696 60305
37697 60307
37698 60309
37699 60311
37701 60313
37702 60315
37703 60317
37704 60319
37706 60321
37707 60323
37708 60325
37709 60327
37711 60329
37712 60331
37713 60333
37714 60335
37716 60337
37717 60339
37718 60341
37719 60343
37721 60345
37722 60347
37723 60349
37724 60351
37726 60353
37727 60355
37728 60357
37729 60359
37731 60361
37732 60363
37733 60365
37734 60367
37736 60369
37737 60371
37738 60373
37739 60375
37741 60377
37742 60379
37743 60381
37744 60383
37746 60385
37747 60387
37748 60389
37749 60391
37751 60393
37752 60395
37753 60397
37754 60399
37756 60401
37757 60403
37758 60405
37759 60407
37761 60409
37762 60411
37763 60413
37764 60415
37766 60417
37767 60419
37768 60421
37769 60423
37771 60425
37772 60427
37773 60429
37774 60431
37776 60433
37777 60435
37778 60437
37779 60439
37781 60441
37782 60443
37783 60445
37784 60447
37786 60449
37787 60451
37788 60453
37789 60455
37791 60457
37792 60459
37793 60461
37794 60463
37796 60465
37797 60467
37798 60469
37799 60471
37801 60473
37802 60475
37803 60477
37804 60479
37806 60481
37807 60483
37808 60485
37809 60487
37811 60489
37812 60491
37813 60493
37814 60495
37816 60497
37817 60499
37818 60501
37819 60503
37821 60505
37822 60507
37823 60509
37824 60511
37826 60513
37827 60515
37828 60517
37829 60519
37831 60521
37832 60523
37833 60525
37834 60527
37836 60529
37837 60531
37838 60533
37839 60535
37841 60537
37842 60539
37843 60541
37844 60543
37846 60545
37847 60547
37848 60549
37849 60551
37851 60553
37852 60555
37853 60557
37854 60559
37856 60561
37857 60563
37858 60565
37859 60567
37861 60569
37862 60571
37863 60573
37864 60575
37866 60577
37867 60579
37868 60581
37869 60583
37871 60585
37872 60587
37873 60589
37874 60591
37876 60593
37877 60595
37878 60597
37879 60599
37881 60601
37882 60603
37883 60605
37884 60607
37886 60609
37887 60611
37888 60613
37889 60615
37891 60617
37892 60619
37893 60621
37894 60623
37896 60625
37897 60627
37898 60629
37899 60631
37901 60633
37902 60635
37903 60637
37904 60639
37906 60641
37907 60643
37908 60645
37909 60647
37911 60649
37912 60651
37913 60653
37914 60655
37916 60657
37917 60659
37918 60661
37919 60663
37921 60665
37922 60667
37923 60669
37924 60671
37926 60673
37927 60675
37928 60677
37929 60679
37931 60681
37932 60683
37933 60685
37934 60687
37936 60689
37937 60691
37938 60693
37939 60695
37941 60697
37942 60699
37943 60701
37944 60703
37946 60705
37947 60707
37948 60709
37949 60711
37951 60713
37952 60715
37953 60717
37954 60719
37956 60721
37957 60723
37958 60725
37959 60727
37961 60729
37962 60731
37963 60733
37964 60735
37966 60737
37967 60739
37968 60741
37969 60743
37971 60745
37972 60747
37973 60749
37974 60751
37976 60753
37977 60755
37978 60757
37979 60759
37981 60761
37982 60763
37983 60765
37984 60767
37986 60769
37987 60771
37988 60773
37989 60775
37991 60777
37992 60779
37993 60781
37994 60783
37996 60785
37997 60787
37998 60789
37999 60791
38001 60793
38002 60795
38003 60797
38004 60799
38006 60801
38007 60803
38008 60805
38009 60807
38011 60809
38012 60811
38013 60813
38014 60815
38016 60817
38017 60819
38018 60821
38019 60823
38021 60825
38022 60827
38023 60829
38024 60831
38026 60833
38027 60835
38028 60837
38029 60839
38031 60841
38032 60843
38033 60845
38034 60847
38036 60849
38037 60851
38038 60853
38039 60855
38041 60857
38042 60859
38043 60861
38044 60863
38046 60865
38047 60867
38048 60869
38049 60871
38051 60873
38052 60875
38053 60877
38054 60879
38056 60881
38057 60883
38058 60885
38059 60887
38061 60889
38062 60891
38063 60893
38064 60895
38066 60897
38067 60899
38068 60901
38069 60903
38071 60905
38072 60907
38073 60909
38074 60911
38076 60913
38077 60915
38078 60917
38079 60919
38081 60921
38082 60923
38083 60925
38084 60927
38086 60929
38087 60931
38088 60933
38089 60935
38091 60937
38092 60939
38093 60941
38094 60943
38096 60945
38097 60947
38098 60949
38099 60951
38101 60953
38102 60955
38103 60957
38104 60959
38106 60961
38107 60963
38108 60965
38109 60967
38111 60969
38112 60971
38113 60973
38114 60975
38116 60977
38117 60979
38118 60981
38119 60983
38121 60985
38122 60987
38123 60989
38124 60991
38126 60993
38127 60995
38128 60997
38129 60999
38131 61001
38132 61003
38133 61005
38134 61007
38136 61009
38137 61011
38138 61013
38139 61015
38141 61017
38142 61019
38143 61021
38144 61023
38146 61025
38147 61027
38148 61029
38149 61031
38151 61033
38152 61035
38153 61037
38154 61039
38156 61041
38157 61043
38158 61045
38159 61047
38161 61049
38162 61051
38163 61053
38164 61055
38166 61057
38167 61059
38168 61061
38169 61063
38171 61065
38172 61067
38173 61069
38174 61071
38176 61073
38177 61075
38178 61077
38179 61079
38181 61081
38182 61083
38183 61085
38184 61087
38186 61089
38187 61091
38188 61093
38189 61095
38191 61097
38192 61099
38193 61101
38194 61103
38196 61105
38197 61107
38198 61109
38199 61111
38201 61113
38202 61115
38203 61117
38204 61119
38206 61121
38207 61123
38208 61125
38209 61127
38211 61129
38212 61131
38213 61133
38214 61135
38216 61137
38217 61139
38218 61141
38219 61143
38221 61145
38222 61147
38223 61149
38224 61151
38226 61153
38227 61155
38228 61157
38229 61159
38231 61161
38232 61163
38233 61165
38234 61167
38236 61169
38237 61171
38238 61173
38239 61175
38241 61177
38242 61179
38243 61181
38244 61183
38246 61185
38247 61187
38248 61189
38249 61191
38251 61193
38252 61195
38253 61197
38254 61199
38256 61201
38257 61203
38258 61205
38259 61207
38261 61209
38262 61211
38263 61213
38264 61215
38266 61217
38267 61219
38268 61221
38269 61223
38271 61225
38272 61227
38273 61229
38274 61231
38276 61233
38277 61235
38278 61237
38279 61239
38281 61241
38282 61243
38283 61245
38284 61247
38286 61249
38287 61251
38288 61253
38289 61255
38291 61257
38292 61259
38293 61261
38294 61263
38296 61265
38297 61267
38298 61269
38299 61271
38301 61273
38302 61275
38303 61277
38304 61279
38306 61281
38307 61283
38308 61285
38309 61287
38311 61289
38312 61291
38313 61293
38314 61295
38316 61297
38317 61299
38318 61301
38319 61303
38321 61305
38322 61307
38323 61309
38324 61311
38326 61313
38327 61315
38328 61317
38329 61319
38331 61321
38332 61323
38333 61325
38334 61327
38336 61329
38337 61331
38338 61333
38339 61335
38341 61337
38342 61339
38343 61341
38344 61343
38346 61345
38347 61347
38348 61349
38349 61351
38351 61353
38352 61355
38353 61357
38354 61359
38356 61361
38357 61363
38358 61365
38359 61367
38361 61369
38362 61371
38363 61373
38364 61375
38366 61377
38367 61379
38368 61381
38369 61383
38371 61385
38372 61387
38373 61389
38374 61391
38376 61393
38377 61395
38378 61397
38379 61399
38381 61401
38382 61403
38383 61405
38384 61407
38386 61409
38387 61411
38388 61413
38389 61415
38391 61417
38392 61419
38393 61421
38394 61423
38396 61425
38397 61427
38398 61429
38399 61431
38401 61433
38402 61435
38403 61437
38404 61439
38406 61441
38407 61443
38408 61445
38409 61447
38411 61449
38412 61451
38413 61453
38414 61455
38416 61457
38417 61459
38418 61461
38419 61463
38421 61465
38422 61467
38423 61469
38424 61471
38426 61473
38427 61475
38428 61477
38429 61479
38431 61481
38432 61483
38433 61485
38434 61487
38436 61489
38437 61491
38438 61493
38439 61495
38441 61497
38442 61499
38443 61501
38444 61503
38446 61505
38447 61507
38448 61509
38449 61511
38451 61513
38452 61515
38453 61517
38454 61519
38456 61521
38457 61523
38458 61525
38459 61527
38461 61529
38462 61531
38463 61533
38464 61535
38466 61537
38467 61539
38468 61541
38469 61543
38471 61545
38472 61547
38473 61549
38474 61551
38476 61553
38477 61555
38478 61557
38479 61559
38481 61561
38482 61563
38483 61565
38484 61567
38486 61569
38487 61571
38488 61573
38489 61575
38491 61577
38492 61579
38493 61581
38494 61583
38496 61585
38497 61587
38498 61589
38499 61591
38501 61593
38502 61595
38503 61597
38504 61599
38506 61601
38507 61603
38508 61605
38509 61607
38511 61609
38512 61611
38513 61613
38514 61615
38516 61617
38517 61619
38518 61621
38519 61623
38521 61625
38522 61627
38523 61629
38524 61631
38526 61633
38527 61635
38528 61637
38529 61639
38531 61641
38532 61643
38533 61645
38534 61647
38536 61649
38537 61651
38538 61653
38539 61655
38541 61657
38542 61659
38543 61661
38544 61663
38546 61665
38547 61667
38548 61669
38549 61671
38551 61673
38552 61675
38553 61677
38554 61679
38556 61681
38557 61683
38558 61685
38559 61687
38561 61689
38562 61691
38563 61693
38564 61695
38566 61697
38567 61699
38568 61701
38569 61703
38571 61705
38572 61707
38573 61709
38574 61711
38576 61713
38577 61715
38578 61717
38579 61719
38581 61721
38582 61723
38583 61725
38584 61727
38586 61729
38587 61731
38588 61733
38589 61735
38591 61737
38592 61739
38593 61741
38594 61743
38596 61745
38597 61747
38598 61749
38599 61751
38601 61753
38602 61755
38603 61757
38604 61759
38606 61761
38607 61763
38608 61765
38609 61767
38611 61769
38612 61771
38613 61773
38614 61775
38616 61777
38617 61779
38618 61781
38619 61783
38621 61785
38622 61787
38623 61789
38624 61791
38626 61793
38627 61795
38628 61797
38629 61799
38631 61801
38632 61803
38633 61805
38634 61807
38636 61809
38637 61811
38638 61813
38639 61815
38641 61817
38642 61819
38643 61821
38644 61823
38646 61825
38647 61827
38648 61829
38649 61831
38651 61833
38652 61835
38653 61837
38654 61839
38656 61841
38657 61843
38658 61845
38659 61847
38661 61849
38662 61851
38663 61853
38664 61855
38666 61857
38667 61859
38668 61861
38669 61863
38671 61865
38672 61867
38673 61869
38674 61871
38676 61873
38677 61875
38678 61877
38679 61879
38681 61881
38682 61883
38683 61885
38684 61887
38686 61889
38687 61891
38688 61893
38689 61895
38691 61897
38692 61899
38693 61901
38694 61903
38696 61905
38697 61907
38698 61909
38699 61911
38701 61913
38702 61915
38703 61917
38704 61919
38706 61921
38707 61923
38708 61925
38709 61927
38711 61929
38712 61931
38713 61933
38714 61935
38716 61937
38717 61939
38718 61941
38719 61943
38721 61945
38722 61947
38723 61949
38724 61951
38726 61953
38727 61955
38728 61957
38729 61959
38731 61961
38732 61963
38733 61965
38734 61967
38736 61969
38737 61971
38738 61973
38739 61975
38741 61977
38742 61979
38743 61981
38744 61983
38746 61985
38747 61987
38748 61989
38749 61991
38751 61993
38752 61995
38753 61997
38754 61999
38756 62001
38757 62003
38758 62005
38759 62007
38761 62009
38762 62011
38763 62013
38764 62015
38766 62017
38767 62019
38768 62021
38769 62023
38771 62025
38772 62027
38773 62029
38774 62031
38776 62033
38777 62035
38778 62037
38779 62039
38781 62041
38782 62043
38783 62045
38784 62047
38786 62049
38787 62051
38788 62053
38789 62055
38791 62057
38792 62059
38793 62061
38794 62063
38796 62065
38797 62067
38798 62069
38799 62071
38801 62073
38802 62075
38803 62077
38804 62079
38806 62081
38807 62083
38808 62085
38809 62087
38811 62089
38812 62091
38813 62093
38814 62095
38816 62097
38817 62099
38818 62101
38819 62103
38821 62105
38822 62107
38823 62109
38824 62111
38826 62113
38827 62115
38828 62117
38829 62119
38831 62121
38832 62123
38833 62125
38834 62127
38836 62129
38837 62131
38838 62133
38839 62135
38841 62137
38842 62139
38843 62141
38844 62143
38846 62145
38847 62147
38848 62149
38849 62151
38851 62153
38852 62155
38853 62157
38854 62159
38856 62161
38857 62163
38858 62165
38859 62167
38861 62169
38862 62171
38863 62173
38864 62175
38866 62177
38867 62179
38868 62181
38869 62183
38871 62185
38872 62187
38873 62189
38874 62191
38876 62193
38877 62195
38878 62197
38879 62199
38881 62201
38882 62203
38883 62205
38884 62207
38886 62209
38887 62211
38888 62213
38889 62215
38891 62217
38892 62219
38893 62221
38894 62223
38896 62225
38897 62227
38898 62229
38899 62231
38901 62233
38902 62235
38903 62237
38904 62239
38906 62241
38907 62243
38908 62245
38909 62247
38911 62249
38912 62251
38913 62253
38914 62255
38916 62257
38917 62259
38918 62261
38919 62263
38921 62265
38922 62267
38923 62269
38924 62271
38926 62273
38927 62275
38928 62277
38929 62279
38931 62281
38932 62283
38933 62285
38934 62287
38936 62289
38937 62291
38938 62293
38939 62295
38941 62297
38942 62299
38943 62301
38944 62303
38946 62305
38947 62307
38948 62309
38949 62311
38951 62313
38952 62315
38953 62317
38954 62319
38956 62321
38957 62323
38958 62325
38959 62327
38961 62329
38962 62331
38963 62333
38964 62335
38966 62337
38967 62339
38968 62341
38969 62343
38971 62345
38972 62347
38973 62349
38974 62351
38976 62353
38977 62355
38978 62357
38979 62359
38981 62361
38982 62363
38983 62365
38984 62367
38986 62369
38987 62371
38988 62373
38989 62375
38991 62377
38992 62379
38993 62381
38994 62383
38996 62385
38997 62387
38998 62389
38999 62391
39001 62393
39002 62395
39003 62397
39004 62399
39006 62401
39007 62403
39008 62405
39009 62407
39011 62409
39012 62411
39013 62413
39014 62415
39016 62417
39017 62419
39018 62421
39019 62423
39021 62425
39022 62427
39023 62429
39024 62431
39026 62433
39027 62435
39028 62437
39029 62439
39031 62441
39032 62443
39033 62445
39034 62447
39036 62449
39037 62451
39038 62453
39039 62455
39041 62457
39042 62459
39043 62461
39044 62463
39046 62465
39047 62467
39048 62469
39049 62471
39051 62473
39052 62475
39053 62477
39054 62479
39056 62481
39057 62483
39058 62485
39059 62487
39061 62489
39062 62491
39063 62493
39064 62495
39066 62497
39067 62499
39068 62501
39069 62503
39071 62505
39072 62507
39073 62509
39074 62511
39076 62513
39077 62515
39078 62517
39079 62519
39081 62521
39082 62523
39083 62525
39084 62527
39086 62529
39087 62531
39088 62533
39089 62535
39091 62537
39092 62539
39093 62541
39094 62543
39096 62545
39097 62547
39098 62549
39099 62551
39101 62553
39102 62555
39103 62557
39104 62559
39106 62561
39107 62563
39108 62565
39109 62567
39111 62569
39112 62571
39113 62573
39114 62575
39116 62577
39117 62579
39118 62581
39119 62583
39121 62585
39122 62587
39123 62589
39124 62591
39126 62593
39127 62595
39128 62597
39129 62599
39131 62601
39132 62603
39133 62605
39134 62607
39136 62609
39137 62611
39138 62613
39139 62615
39141 62617
39142 62619
39143 62621
39144 62623
39146 62625
39147 62627
39148 62629
39149 62631
39151 62633
39152 62635
39153 62637
39154 62639
39156 62641
39157 62643
39158 62645
39159 62647
39161 62649
39162 62651
39163 62653
39164 62655
39166 62657
39167 62659
39168 62661
39169 62663
39171 62665
39172 62667
39173 62669
39174 62671
39176 62673
39177 62675
39178 62677
39179 62679
39181 62681
39182 62683
39183 62685
39184 62687
39186 62689
39187 62691
39188 62693
39189 62695
39191 62697
39192 62699
39193 62701
39194 62703
39196 62705
39197 62707
39198 62709
39199 62711
39201 62713
39202 62715
39203 62717
39204 62719
39206 62721
39207 62723
39208 62725
39209 62727
39211 62729
39212 62731
39213 62733
39214 62735
39216 62737
39217 62739
39218 62741
39219 62743
39221 62745
39222 62747
39223 62749
39224 62751
39226 62753
39227 62755
39228 62757
39229 62759
39231 62761
39232 62763
39233 62765
39234 62767
39236 62769
39237 62771
39238 62773
39239 62775
39241 62777
39242 62779
39243 62781
39244 62783
39246 62785
39247 62787
39248 62789
39249 62791
39251 62793
39252 62795
39253 62797
39254 62799
39256 62801
39257 62803
39258 62805
39259 62807
39261 62809
39262 62811
39263 62813
39264 62815
39266 62817
39267 62819
39268 62821
39269 62823
39271 62825
39272 62827
39273 62829
39274 62831
39276 62833
39277 62835
39278 62837
39279 62839
39281 62841
39282 62843
39283 62845
39284 62847
39286 62849
39287 62851
39288 62853
39289 62855
39291 62857
39292 62859
39293 62861
39294 62863
39296 62865
39297 62867
39298 62869
39299 62871
39301 62873
39302 62875
39303 62877
39304 62879
39306 62881
39307 62883
39308 62885
39309 62887
39311 62889
39312 62891
39313 62893
39314 62895
39316 62897
39317 62899
39318 62901
39319 62903
39321 62905
39322 62907
39323 62909
39324 62911
39326 62913
39327 62915
39328 62917
39329 62919
39331 62921
39332 62923
39333 62925
39334 62927
39336 62929
39337 62931
39338 62933
39339 62935
39341 62937
39342 62939
39343 62941
39344 62943
39346 62945
39347 62947
39348 62949
39349 62951
39351 62953
39352 62955
39353 62957
39354 62959
39356 62961
39357 62963
39358 62965
39359 62967
39361 62969
39362 62971
39363 62973
39364 62975
39366 62977
39367 62979
39368 62981
39369 62983
39371 62985
39372 62987
39373 62989
39374 62991
39376 62993
39377 62995
39378 62997
39379 62999
39381 63001
39382 63003
39383 63005
39384 63007
39386 63009
39387 63011
39388 63013
39389 63015
39391 63017
39392 63019
39393 63021
39394 63023
39396 63025
39397 63027
39398 63029
39399 63031
39401 63033
39402 63035
39403 63037
39404 63039
39406 63041
39407 63043
39408 63045
39409 63047
39411 63049
39412 63051
39413 63053
39414 63055
39416 63057
39417 63059
39418 63061
39419 63063
39421 63065
39422 63067
39423 63069
39424 63071
39426 63073
39427 63075
39428 63077
39429 63079
39431 63081
39432 63083
39433 63085
39434 63087
39436 63089
39437 63091
39438 63093
39439 63095
39441 63097
39442 63099
39443 63101
39444 63103
39446 63105
39447 63107
39448 63109
39449 63111
39451 63113
39452 63115
39453 63117
39454 63119
39456 63121
39457 63123
39458 63125
39459 63127
39461 63129
39462 63131
39463 63133
39464 63135
39466 63137
39467 63139
39468 63141
39469 63143
39471 63145
39472 63147
39473 63149
39474 63151
39476 63153
39477 63155
39478 63157
39479 63159
39481 63161
39482 63163
39483 63165
39484 63167
39486 63169
39487 63171
39488 63173
39489 63175
39491 63177
39492 63179
39493 63181
39494 63183
39496 63185
39497 63187
39498 63189
39499 63191
39501 63193
39502 63195
39503 63197
39504 63199
39506 63201
39507 63203
39508 63205
39509 63207
39511 63209
39512 63211
39513 63213
39514 63215
39516 63217
39517 63219
39518 63221
39519 63223
39521 63225
39522 63227
39523 63229
39524 63231
39526 63233
39527 63235
39528 63237
39529 63239
39531 63241
39532 63243
39533 63245
39534 63247
39536 63249
39537 63251
39538 63253
39539 63255
39541 63257
39542 63259
39543 63261
39544 63263
39546 63265
39547 63267
39548 63269
39549 63271
39551 63273
39552 63275
39553 63277
39554 63279
39556 63281
39557 63283
39558 63285
39559 63287
39561 63289
39562 63291
39563 63293
39564 63295
39566 63297
39567 63299
39568 63301
39569 63303
39571 63305
39572 63307
39573 63309
39574 63311
39576 63313
39577 63315
39578 63317
39579 63319
39581 63321
39582 63323
39583 63325
39584 63327
39586 63329
39587 63331
39588 63333
39589 63335
39591 63337
39592 63339
39593 63341
39594 63343
39596 63345
39597 63347
39598 63349
39599 63351
39601 63353
39602 63355
39603 63357
39604 63359
39606 63361
39607 63363
39608 63365
39609 63367
39611 63369
39612 63371
39613 63373
39614 63375
39616 63377
39617 63379
39618 63381
39619 63383
39621 63385
39622 63387
39623 63389
39624 63391
39626 63393
39627 63395
39628 63397
39629 63399
39631 63401
39632 63403
39633 63405
39634 63407
39636 63409
39637 63411
39638 63413
39639 63415
39641 63417
39642 63419
39643 63421
39644 63423
39646 63425
39647 63427
39648 63429
39649 63431
39651 63433
39652 63435
39653 63437
39654 63439
39656 63441
39657 63443
39658 63445
39659 63447
39661 63449
39662 63451
39663 63453
39664 63455
39666 63457
39667 63459
39668 63461
39669 63463
39671 63465
39672 63467
39673 63469
39674 63471
39676 63473
39677 63475
39678 63477
39679 63479
39681 63481
39682 63483
39683 63485
39684 63487
39686 63489
39687 63491
39688 63493
39689 63495
39691 63497
39692 63499
39693 63501
39694 63503
39696 63505
39697 63507
39698 63509
39699 63511
39701 63513
39702 63515
39703 63517
39704 63519
39706 63521
39707 63523
39708 63525
39709 63527
39711 63529
39712 63531
39713 63533
39714 63535
39716 63537
39717 63539
39718 63541
39719 63543
39721 63545
39722 63547
39723 63549
39724 63551
39726 63553
39727 63555
39728 63557
39729 63559
39731 63561
39732 63563
39733 63565
39734 63567
39736 63569
39737 63571
39738 63573
39739 63575
39741 63577
39742 63579
39743 63581
39744 63583
39746 63585
39747 63587
39748 63589
39749 63591
39751 63593
39752 63595
39753 63597
39754 63599
39756 63601
39757 63603
39758 63605
39759 63607
39761 63609
39762 63611
39763 63613
39764 63615
39766 63617
39767 63619
39768 63621
39769 63623
39771 63625
39772 63627
39773 63629
39774 63631
39776 63633
39777 63635
39778 63637
39779 63639
39781 63641
39782 63643
39783 63645
39784 63647
39786 63649
39787 63651
39788 63653
39789 63655
39791 63657
39792 63659
39793 63661
39794 63663
39796 63665
39797 63667
39798 63669
39799 63671
39801 63673
39802 63675
39803 63677
39804 63679
39806 63681
39807 63683
39808 63685
39809 63687
39811 63689
39812 63691
39813 63693
39814 63695
39816 63697
39817 63699
39818 63701
39819 63703
39821 63705
39822 63707
39823 63709
39824 63711
39826 63713
39827 63715
39828 63717
39829 63719
39831 63721
39832 63723
39833 63725
39834 63727
39836 63729
39837 63731
39838 63733
39839 63735
39841 63737
39842 63739
39843 63741
39844 63743
39846 63745
39847 63747
39848 63749
39849 63751
39851 63753
39852 63755
39853 63757
39854 63759
39856 63761
39857 63763
39858 63765
39859 63767
39861 63769
39862 63771
39863 63773
39864 63775
39866 63777
39867 63779
39868 63781
39869 63783
39871 63785
39872 63787
39873 63789
39874 63791
39876 63793
39877 63795
39878 63797
39879 63799
39881 63801
39882 63803
39883 63805
39884 63807
39886 63809
39887 63811
39888 63813
39889 63815
39891 63817
39892 63819
39893 63821
39894 63823
39896 63825
39897 63827
39898 63829
39899 63831
39901 63833
39902 63835
39903 63837
39904 63839
39906 63841
39907 63843
39908 63845
39909 63847
39911 63849
39912 63851
39913 63853
39914 63855
39916 63857
39917 63859
39918 63861
39919 63863
39921 63865
39922 63867
39923 63869
39924 63871
39926 63873
39927 63875
39928 63877
39929 63879
39931 63881
39932 63883
39933 63885
39934 63887
39936 63889
39937 63891
39938 63893
39939 63895
39941 63897
39942 63899
39943 63901
39944 63903
39946 63905
39947 63907
39948 63909
39949 63911
39951 63913
39952 63915
39953 63917
39954 63919
39956 63921
39957 63923
39958 63925
39959 63927
39961 63929
39962 63931
39963 63933
39964 63935
39966 63937
39967 63939
39968 63941
39969 63943
39971 63945
39972 63947
39973 63949
39974 63951
39976 63953
39977 63955
39978 63957
39979 63959
39981 63961
39982 63963
39983 63965
39984 63967
39986 63969
39987 63971
39988 63973
39989 63975
39991 63977
39992 63979
39993 63981
39994 63983
39996 63985
39997 63987
39998 63989
39999 63991
40001 63993
40002 63995
40003 63997
40004 63999
40006 64001
40007 64003
40008 64005
40009 64007
40011 64009
40012 64011
40013 64013
40014 64015
40016 64017
40017 64019
40018 64021
40019 64023
40021 64025
40022 64027
40023 64029
40024 64031
40026 64033
40027 64035
40028 64037
40029 64039
40031 64041
40032 64043
40033 64045
40034 64047
40036 64049
40037 64051
40038 64053
40039 64055
40041 64057
40042 64059
40043 64061
40044 64063
40046 64065
40047 64067
40048 64069
40049 64071
40051 64073
40052 64075
40053 64077
40054 64079
40056 64081
40057 64083
40058 64085
40059 64087
40061 64089
40062 64091
40063 64093
40064 64095
40066 64097
40067 64099
40068 64101
40069 64103
40071 64105
40072 64107
40073 64109
40074 64111
40076 64113
40077 64115
40078 64117
40079 64119
40081 64121
40082 64123
40083 64125
40084 64127
40086 64129
40087 64131
40088 64133
40089 64135
40091 64137
40092 64139
40093 64141
40094 64143
40096 64145
40097 64147
40098 64149
40099 64151
40101 64153
40102 64155
40103 64157
40104 64159
40106 64161
40107 64163
40108 64165
40109 64167
40111 64169
40112 64171
40113 64173
40114 64175
40116 64177
40117 64179
40118 64181
40119 64183
40121 64185
40122 64187
40123 64189
40124 64191
40126 64193
40127 64195
40128 64197
40129 64199
40131 64201
40132 64203
40133 64205
40134 64207
40136 64209
40137 64211
40138 64213
40139 64215
40141 64217
40142 64219
40143 64221
40144 64223
40146 64225
40147 64227
40148 64229
40149 64231
40151 64233
40152 64235
40153 64237
40154 64239
40156 64241
40157 64243
40158 64245
40159 64247
40161 64249
40162 64251
40163 64253
40164 64255
40166 64257
40167 64259
40168 64261
40169 64263
40171 64265
40172 64267
40173 64269
40174 64271
40176 64273
40177 64275
40178 64277
40179 64279
40181 64281
40182 64283
40183 64285
40184 64287
40186 64289
40187 64291
40188 64293
40189 64295
40191 64297
40192 64299
40193 64301
40194 64303
40196 64305
40197 64307
40198 64309
40199 64311
40201 64313
40202 64315
40203 64317
40204 64319
40206 64321
40207 64323
40208 64325
40209 64327
40211 64329
40212 64331
40213 64333
40214 64335
40216 64337
40217 64339
40218 64341
40219 64343
40221 64345
40222 64347
40223 64349
40224 64351
40226 64353
40227 64355
40228 64357
40229 64359
40231 64361
40232 64363
40233 64365
40234 64367
40236 64369
40237 64371
40238 64373
40239 64375
40241 64377
40242 64379
40243 64381
40244 64383
40246 64385
40247 64387
40248 64389
40249 64391
40251 64393
40252 64395
40253 64397
40254 64399
40256 64401
40257 64403
40258 64405
40259 64407
40261 64409
40262 64411
40263 64413
40264 64415
40266 64417
40267 64419
40268 64421
40269 64423
40271 64425
40272 64427
40273 64429
40274 64431
40276 64433
40277 64435
40278 64437
40279 64439
40281 64441
40282 64443
40283 64445
40284 64447
40286 64449
40287 64451
40288 64453
40289 64455
40291 64457
40292 64459
40293 64461
40294 64463
40296 64465
40297 64467
40298 64469
40299 64471
40301 64473
40302 64475
40303 64477
40304 64479
40306 64481
40307 64483
40308 64485
40309 64487
40311 64489
40312 64491
40313 64493
40314 64495
40316 64497
40317 64499
40318 64501
40319 64503
40321 64505
40322 64507
40323 64509
40324 64511
40326 64513
40327 64515
40328 64517
40329 64519
40331 64521
40332 64523
40333 64525
40334 64527
40336 64529
40337 64531
40338 64533
40339 64535
40341 64537
40342 64539
40343 64541
40344 64543
40346 64545
40347 64547
40348 64549
40349 64551
40351 64553
40352 64555
40353 64557
40354 64559
40356 64561
40357 64563
40358 64565
40359 64567
40361 64569
40362 64571
40363 64573
40364 64575
40366 64577
40367 64579
40368 64581
40369 64583
40371 64585
40372 64587
40373 64589
40374 64591
40376 64593
40377 64595
40378 64597
40379 64599
40381 64601
40382 64603
40383 64605
40384 64607
40386 64609
40387 64611
40388 64613
40389 64615
40391 64617
40392 64619
40393 64621
40394 64623
40396 64625
40397 64627
40398 64629
40399 64631
40401 64633
40402 64635
40403 64637
40404 64639
40406 64641
40407 64643
40408 64645
40409 64647
40411 64649
40412 64651
40413 64653
40414 64655
40416 64657
40417 64659
40418 64661
40419 64663
40421 64665
40422 64667
40423 64669
40424 64671
40426 64673
40427 64675
40428 64677
40429 64679
40431 64681
40432 64683
40433 64685
40434 64687
40436 64689
40437 64691
40438 64693
40439 64695
40441 64697
40442 64699
40443 64701
40444 64703
40446 64705
40447 64707
40448 64709
40449 64711
40451 64713
40452 64715
40453 64717
40454 64719
40456 64721
40457 64723
40458 64725
40459 64727
40461 64729
40462 64731
40463 64733
40464 64735
40466 64737
40467 64739
40468 64741
40469 64743
40471 64745
40472 64747
40473 64749
40474 64751
40476 64753
40477 64755
40478 64757
40479 64759
40481 64761
40482 64763
40483 64765
40484 64767
40486 64769
40487 64771
40488 64773
40489 64775
40491 64777
40492 64779
40493 64781
40494 64783
40496 64785
40497 64787
40498 64789
40499 64791
40501 64793
40502 64795
40503 64797
40504 64799
40506 64801
40507 64803
40508 64805
40509 64807
40511 64809
40512 64811
40513 64813
40514 64815
40516 64817
40517 64819
40518 64821
40519 64823
40521 64825
40522 64827
40523 64829
40524 64831
40526 64833
40527 64835
40528 64837
40529 64839
40531 64841
40532 64843
40533 64845
40534 64847
40536 64849
40537 64851
40538 64853
40539 64855
40541 64857
40542 64859
40543 64861
40544 64863
40546 64865
40547 64867
40548 64869
40549 64871
40551 64873
40552 64875
40553 64877
40554 64879
40556 64881
40557 64883
40558 64885
40559 64887
40561 64889
40562 64891
40563 64893
40564 64895
40566 64897
40567 64899
40568 64901
40569 64903
40571 64905
40572 64907
40573 64909
40574 64911
40576 64913
40577 64915
40578 64917
40579 64919
40581 64921
40582 64923
40583 64925
40584 64927
40586 64929
40587 64931
40588 64933
40589 64935
40591 64937
40592 64939
40593 64941
40594 64943
40596 64945
40597 64947
40598 64949
40599 64951
40601 64953
40602 64955
40603 64957
40604 64959
40606 64961
40607 64963
40608 64965
40609 64967
40611 64969
40612 64971
40613 64973
40614 64975
40616 64977
40617 64979
40618 64981
40619 64983
40621 64985
40622 64987
40623 64989
40624 64991
40626 64993
40627 64995
40628 64997
40629 64999
40631 65001
40632 65003
40633 65005
40634 65007
40636 65009
40637 65011
40638 65013
40639 65015
40641 65017
40642 65019
40643 65021
40644 65023
40646 65025
40647 65027
40648 65029
40649 65031
40651 65033
40652 65035
40653 65037
40654 65039
40656 65041
40657 65043
40658 65045
40659 65047
40661 65049
40662 65051
40663 65053
40664 65055
40666 65057
40667 65059
40668 65061
40669 65063
40671 65065
40672 65067
40673 65069
40674 65071
40676 65073
40677 65075
40678 65077
40679 65079
40681 65081
40682 65083
40683 65085
40684 65087
40686 65089
40687 65091
40688 65093
40689 65095
40691 65097
40692 65099
40693 65101
40694 65103
40696 65105
40697 65107
40698 65109
40699 65111
40701 65113
40702 65115
40703 65117
40704 65119
40706 65121
40707 65123
40708 65125
40709 65127
40711 65129
40712 65131
40713 65133
40714 65135
40716 65137
40717 65139
40718 65141
40719 65143
40721 65145
40722 65147
40723 65149
40724 65151
40726 65153
40727 65155
40728 65157
40729 65159
40731 65161
40732 65163
40733 65165
40734 65167
40736 65169
40737 65171
40738 65173
40739 65175
40741 65177
40742 65179
40743 65181
40744 65183
40746 65185
40747 65187
40748 65189
40749 65191
40751 65193
40752 65195
40753 65197
40754 65199
40756 65201
40757 65203
40758 65205
40759 65207
40761 65209
40762 65211
40763 65213
40764 65215
40766 65217
40767 65219
40768 65221
40769 65223
40771 65225
40772 65227
40773 65229
40774 65231
40776 65233
40777 65235
40778 65237
40779 65239
40781 65241
40782 65243
40783 65245
40784 65247
40786 65249
40787 65251
40788 65253
40789 65255
40791 65257
40792 65259
40793 65261
40794 65263
40796 65265
40797 65267
40798 65269
40799 65271
40801 65273
40802 65275
40803 65277
40804 65279
40806 65281
40807 65283
40808 65285
40809 65287
40811 65289
40812 65291
40813 65293
40814 65295
40816 65297
40817 65299
40818 65301
40819 65303
40821 65305
40822 65307
40823 65309
40824 65311
40826 65313
40827 65315
40828 65317
40829 65319
40831 65321
40832 65323
40833 65325
40834 65327
40836 65329
40837 65331
40838 65333
40839 65335
40841 65337
40842 65339
40843 65341
40844 65343
40846 65345
40847 65347
40848 65349
40849 65351
40851 65353
40852 65355
40853 65357
40854 65359
40856 65361
40857 65363
40858 65365
40859 65367
40861 65369
40862 65371
40863 65373
40864 65375
40866 65377
40867 65379
40868 65381
40869 65383
40871 65385
40872 65387
40873 65389
40874 65391
40876 65393
40877 65395
40878 65397
40879 65399
40881 65401
40882 65403
40883 65405
40884 65407
40886 65409
40887 65411
40888 65413
40889 65415
40891 65417
40892 65419
40893 65421
40894 65423
40896 65425
40897 65427
40898 65429
40899 65431
40901 65433
40902 65435
40903 65437
40904 65439
40906 65441
40907 65443
40908 65445
40909 65447
40911 65449
40912 65451
40913 65453
40914 65455
40916 65457
40917 65459
40918 65461
40919 65463
40921 65465
40922 65467
40923 65469
40924 65471
40926 65473
40927 65475
40928 65477
40929 65479
40931 65481
40932 65483
40933 65485
40934 65487
40936 65489
40937 65491
40938 65493
40939 65495
40941 65497
40942 65499
40943 65501
40944 65503
40946 65505
40947 65507
40948 65509
40949 65511
40951 65513
40952 65515
40953 65517
40954 65519
40956 65521
40957 65523
40958 65525
40959 65527
40961 65529
40962 65531
40963 65533
40964 65535
40966 65537
40967 65539
40968 65541
40969 65543
40971 65545
40972 65547
40973 65549
40974 65551
40976 65553
40977 65555
40978 65557
40979 65559
40981 65561
40982 65563
40983 65565
40984 65567
40986 65569
40987 65571
40988 65573
40989 65575
40991 65577
40992 65579
40993 65581
40994 65583
40996 65585
40997 65587
40998 65589
40999 65591
41001 65593
41002 65595
41003 65597
41004 65599
41006 65601
41007 65603
41008 65605
41009 65607
41011 65609
41012 65611
41013 65613
41014 65615
41016 65617
41017 65619
41018 65621
41019 65623
41021 65625
41022 65627
41023 65629
41024 65631
41026 65633
41027 65635
41028 65637
41029 65639
41031 65641
41032 65643
41033 65645
41034 65647
41036 65649
41037 65651
41038 65653
41039 65655
41041 65657
41042 65659
41043 65661
41044 65663
41046 65665
41047 65667
41048 65669
41049 65671
41051 65673
41052 65675
41053 65677
41054 65679
41056 65681
41057 65683
41058 65685
41059 65687
41061 65689
41062 65691
41063 65693
41064 65695
41066 65697
41067 65699
41068 65701
41069 65703
41071 65705
41072 65707
41073 65709
41074 65711
41076 65713
41077 65715
41078 65717
41079 65719
41081 65721
41082 65723
41083 65725
41084 65727
41086 65729
41087 65731
41088 65733
41089 65735
41091 65737
41092 65739
41093 65741
41094 65743
41096 65745
41097 65747
41098 65749
41099 65751
41101 65753
41102 65755
41103 65757
41104 65759
41106 65761
41107 65763
41108 65765
41109 65767
41111 65769
41112 65771
41113 65773
41114 65775
41116 65777
41117 65779
41118 65781
41119 65783
41121 65785
41122 65787
41123 65789
41124 65791
41126 65793
41127 65795
41128 65797
41129 65799
41131 65801
41132 65803
41133 65805
41134 65807
41136 65809
41137 65811
41138 65813
41139 65815
41141 65817
41142 65819
41143 65821
41144 65823
41146 65825
41147 65827
41148 65829
41149 65831
41151 65833
41152 65835
41153 65837
41154 65839
41156 65841
41157 65843
41158 65845
41159 65847
41161 65849
41162 65851
41163 65853
41164 65855
41166 65857
41167 65859
41168 65861
41169 65863
41171 65865
41172 65867
41173 65869
41174 65871
41176 65873
41177 65875
41178 65877
41179 65879
41181 65881
41182 65883
41183 65885
41184 65887
41186 65889
41187 65891
41188 65893
41189 65895
41191 65897
41192 65899
41193 65901
41194 65903
41196 65905
41197 65907
41198 65909
41199 65911
41201 65913
41202 65915
41203 65917
41204 65919
41206 65921
41207 65923
41208 65925
41209 65927
41211 65929
41212 65931
41213 65933
41214 65935
41216 65937
41217 65939
41218 65941
41219 65943
41221 65945
41222 65947
41223 65949
41224 65951
41226 65953
41227 65955
41228 65957
41229 65959
41231 65961
41232 65963
41233 65965
41234 65967
41236 65969
41237 65971
41238 65973
41239 65975
41241 65977
41242 65979
41243 65981
41244 65983
41246 65985
41247 65987
41248 65989
41249 65991
41251 65993
41252 65995
41253 65997
41254 65999
41256 66001
41257 66003
41258 66005
41259 66007
41261 66009
41262 66011
41263 66013
41264 66015
41266 66017
41267 66019
41268 66021
41269 66023
41271 66025
41272 66027
41273 66029
41274 66031
41276 66033
41277 66035
41278 66037
41279 66039
41281 66041
41282 66043
41283 66045
41284 66047
41286 66049
41287 66051
41288 66053
41289 66055
41291 66057
41292 66059
41293 66061
41294 66063
41296 66065
41297 66067
41298 66069
41299 66071
41301 66073
41302 66075
41303 66077
41304 66079
41306 66081
41307 66083
41308 66085
41309 66087
41311 66089
41312 66091
41313 66093
41314 66095
41316 66097
41317 66099
41318 66101
41319 66103
41321 66105
41322 66107
41323 66109
41324 66111
41326 66113
41327 66115
41328 66117
41329 66119
41331 66121
41332 66123
41333 66125
41334 66127
41336 66129
41337 66131
41338 66133
41339 66135
41341 66137
41342 66139
41343 66141
41344 66143
41346 66145
41347 66147
41348 66149
41349 66151
41351 66153
41352 66155
41353 66157
41354 66159
41356 66161
41357 66163
41358 66165
41359 66167
41361 66169
41362 66171
41363 66173
41364 66175
41366 66177
41367 66179
41368 66181
41369 66183
41371 66185
41372 66187
41373 66189
41374 66191
41376 66193
41377 66195
41378 66197
41379 66199
41381 66201
41382 66203
41383 66205
41384 66207
41386 66209
41387 66211
41388 66213
41389 66215
41391 66217
41392 66219
41393 66221
41394 66223
41396 66225
41397 66227
41398 66229
41399 66231
41401 66233
41402 66235
41403 66237
41404 66239
41406 66241
41407 66243
41408 66245
41409 66247
41411 66249
41412 66251
41413 66253
41414 66255
41416 66257
41417 66259
41418 66261
41419 66263
41421 66265
41422 66267
41423 66269
41424 66271
41426 66273
41427 66275
41428 66277
41429 66279
41431 66281
41432 66283
41433 66285
41434 66287
41436 66289
41437 66291
41438 66293
41439 66295
41441 66297
41442 66299
41443 66301
41444 66303
41446 66305
41447 66307
41448 66309
41449 66311
41451 66313
41452 66315
41453 66317
41454 66319
41456 66321
41457 66323
41458 66325
41459 66327
41461 66329
41462 66331
41463 66333
41464 66335
41466 66337
41467 66339
41468 66341
41469 66343
41471 66345
41472 66347
41473 66349
41474 66351
41476 66353
41477 66355
41478 66357
41479 66359
41481 66361
41482 66363
41483 66365
41484 66367
41486 66369
41487 66371
41488 66373
41489 66375
41491 66377
41492 66379
41493 66381
41494 66383
41496 66385
41497 66387
41498 66389
41499 66391
41501 66393
41502 66395
41503 66397
41504 66399
41506 66401
41507 66403
41508 66405
41509 66407
41511 66409
41512 66411
41513 66413
41514 66415
41516 66417
41517 66419
41518 66421
41519 66423
41521 66425
41522 66427
41523 66429
41524 66431
41526 66433
41527 66435
41528 66437
41529 66439
41531 66441
41532 66443
41533 66445
41534 66447
41536 66449
41537 66451
41538 66453
41539 66455
41541 66457
41542 66459
41543 66461
41544 66463
41546 66465
41547 66467
41548 66469
41549 66471
41551 66473
41552 66475
41553 66477
41554 66479
41556 66481
41557 66483
41558 66485
41559 66487
41561 66489
41562 66491
41563 66493
41564 66495
41566 66497
41567 66499
41568 66501
41569 66503
41571 66505
41572 66507
41573 66509
41574 66511
41576 66513
41577 66515
41578 66517
41579 66519
41581 66521
41582 66523
41583 66525
41584 66527
41586 66529
41587 66531
41588 66533
41589 66535
41591 66537
41592 66539
41593 66541
41594 66543
41596 66545
41597 66547
41598 66549
41599 66551
41601 66553
41602 66555
41603 66557
41604 66559
41606 66561
41607 66563
41608 66565
41609 66567
41611 66569
41612 66571
41613 66573
41614 66575
41616 66577
41617 66579
41618 66581
41619 66583
41621 66585
41622 66587
41623 66589
41624 66591
41626 66593
41627 66595
41628 66597
41629 66599
41631 66601
41632 66603
41633 66605
41634 66607
41636 66609
41637 66611
41638 66613
41639 66615
41641 66617
41642 66619
41643 66621
41644 66623
41646 66625
41647 66627
41648 66629
41649 66631
41651 66633
41652 66635
41653 66637
41654 66639
41656 66641
41657 66643
41658 66645
41659 66647
41661 66649
41662 66651
41663 66653
41664 66655
41666 66657
41667 66659
41668 66661
41669 66663
41671 66665
41672 66667
41673 66669
41674 66671
41676 66673
41677 66675
41678 66677
41679 66679
41681 66681
41682 66683
41683 66685
41684 66687
41686 66689
41687 66691
41688 66693
41689 66695
41691 66697
41692 66699
41693 66701
41694 66703
41696 66705
41697 66707
41698 66709
41699 66711
41701 66713
41702 66715
41703 66717
41704 66719
41706 66721
41707 66723
41708 66725
41709 66727
41711 66729
41712 66731
41713 66733
41714 66735
41716 66737
41717 66739
41718 66741
41719 66743
41721 66745
41722 66747
41723 66749
41724 66751
41726 66753
41727 66755
41728 66757
41729 66759
41731 66761
41732 66763
41733 66765
41734 66767
41736 66769
41737 66771
41738 66773
41739 66775
41741 66777
41742 66779
41743 66781
41744 66783
41746 66785
41747 66787
41748 66789
41749 66791
41751 66793
41752 66795
41753 66797
41754 66799
41756 66801
41757 66803
41758 66805
41759 66807
41761 66809
41762 66811
41763 66813
41764 66815
41766 66817
41767 66819
41768 66821
41769 66823
41771 66825
41772 66827
41773 66829
41774 66831
41776 66833
41777 66835
41778 66837
41779 66839
41781 66841
41782 66843
41783 66845
41784 66847
41786 66849
41787 66851
41788 66853
41789 66855
41791 66857
41792 66859
41793 66861
41794 66863
41796 66865
41797 66867
41798 66869
41799 66871
41801 66873
41802 66875
41803 66877
41804 66879
41806 66881
41807 66883
41808 66885
41809 66887
41811 66889
41812 66891
41813 66893
41814 66895
41816 66897
41817 66899
41818 66901
41819 66903
41821 66905
41822 66907
41823 66909
41824 66911
41826 66913
41827 66915
41828 66917
41829 66919
41831 66921
41832 66923
41833 66925
41834 66927
41836 66929
41837 66931
41838 66933
41839 66935
41841 66937
41842 66939
41843 66941
41844 66943
41846 66945
41847 66947
41848 66949
41849 66951
41851 66953
41852 66955
41853 66957
41854 66959
41856 66961
41857 66963
41858 66965
41859 66967
41861 66969
41862 66971
41863 66973
41864 66975
41866 66977
41867 66979
41868 66981
41869 66983
41871 66985
41872 66987
41873 66989
41874 66991
41876 66993
41877 66995
41878 66997
41879 66999
41881 67001
41882 67003
41883 67005
41884 67007
41886 67009
41887 67011
41888 67013
41889 67015
41891 67017
41892 67019
41893 67021
41894 67023
41896 67025
41897 67027
41898 67029
41899 67031
41901 67033
41902 67035
41903 67037
41904 67039
41906 67041
41907 67043
41908 67045
41909 67047
41911 67049
41912 67051
41913 67053
41914 67055
41916 67057
41917 67059
41918 67061
41919 67063
41921 67065
41922 67067
41923 67069
41924 67071
41926 67073
41927 67075
41928 67077
41929 67079
41931 67081
41932 67083
41933 67085
41934 67087
41936 67089
41937 67091
41938 67093
41939 67095
41941 67097
41942 67099
41943 67101
41944 67103
41946 67105
41947 67107
41948 67109
41949 67111
41951 67113
41952 67115
41953 67117
41954 67119
41956 67121
41957 67123
41958 67125
41959 67127
41961 67129
41962 67131
41963 67133
41964 67135
41966 67137
41967 67139
41968 67141
41969 67143
41971 67145
41972 67147
41973 67149
41974 67151
41976 67153
41977 67155
41978 67157
41979 67159
41981 67161
41982 67163
41983 67165
41984 67167
41986 67169
41987 67171
41988 67173
41989 67175
41991 67177
41992 67179
41993 67181
41994 67183
41996 67185
41997 67187
41998 67189
41999 67191
42001 67193
42002 67195
42003 67197
42004 67199
42006 67201
42007 67203
42008 67205
42009 67207
42011 67209
42012 67211
42013 67213
42014 67215
42016 67217
42017 67219
42018 67221
42019 67223
42021 67225
42022 67227
42023 67229
42024 67231
42026 67233
42027 67235
42028 67237
42029 67239
42031 67241
42032 67243
42033 67245
42034 67247
42036 67249
42037 67251
42038 67253
42039 67255
42041 67257
42042 67259
42043 67261
42044 67263
42046 67265
42047 67267
42048 67269
42049 67271
42051 67273
42052 67275
42053 67277
42054 67279
42056 67281
42057 67283
42058 67285
42059 67287
42061 67289
42062 67291
42063 67293
42064 67295
42066 67297
42067 67299
42068 67301
42069 67303
42071 67305
42072 67307
42073 67309
42074 67311
42076 67313
42077 67315
42078 67317
42079 67319
42081 67321
42082 67323
42083 67325
42084 67327
42086 67329
42087 67331
42088 67333
42089 67335
42091 67337
42092 67339
42093 67341
42094 67343
42096 67345
42097 67347
42098 67349
42099 67351
42101 67353
42102 67355
42103 67357
42104 67359
42106 67361
42107 67363
42108 67365
42109 67367
42111 67369
42112 67371
42113 67373
42114 67375
42116 67377
42117 67379
42118 67381
42119 67383
42121 67385
42122 67387
42123 67389
42124 67391
42126 67393
42127 67395
42128 67397
42129 67399
42131 67401
42132 67403
42133 67405
42134 67407
42136 67409
42137 67411
42138 67413
42139 67415
42141 67417
42142 67419
42143 67421
42144 67423
42146 67425
42147 67427
42148 67429
42149 67431
42151 67433
42152 67435
42153 67437
42154 67439
42156 67441
42157 67443
42158 67445
42159 67447
42161 67449
42162 67451
42163 67453
42164 67455
42166 67457
42167 67459
42168 67461
42169 67463
42171 67465
42172 67467
42173 67469
42174 67471
42176 67473
42177 67475
42178 67477
42179 67479
42181 67481
42182 67483
42183 67485
42184 67487
42186 67489
42187 67491
42188 67493
42189 67495
42191 67497
42192 67499
42193 67501
42194 67503
42196 67505
42197 67507
42198 67509
42199 67511
42201 67513
42202 67515
42203 67517
42204 67519
42206 67521
42207 67523
42208 67525
42209 67527
42211 67529
42212 67531
42213 67533
42214 67535
42216 67537
42217 67539
42218 67541
42219 67543
42221 67545
42222 67547
42223 67549
42224 67551
42226 67553
42227 67555
42228 67557
42229 67559
42231 67561
42232 67563
42233 67565
42234 67567
42236 67569
42237 67571
42238 67573
42239 67575
42241 67577
42242 67579
42243 67581
42244 67583
42246 67585
42247 67587
42248 67589
42249 67591
42251 67593
42252 67595
42253 67597
42254 67599
42256 67601
42257 67603
42258 67605
42259 67607
42261 67609
42262 67611
42263 67613
42264 67615
42266 67617
42267 67619
42268 67621
42269 67623
42271 67625
42272 67627
42273 67629
42274 67631
42276 67633
42277 67635
42278 67637
42279 67639
42281 67641
42282 67643
42283 67645
42284 67647
42286 67649
42287 67651
42288 67653
42289 67655
42291 67657
42292 67659
42293 67661
42294 67663
42296 67665
42297 67667
42298 67669
42299 67671
42301 67673
42302 67675
42303 67677
42304 67679
42306 67681
42307 67683
42308 67685
42309 67687
42311 67689
42312 67691
42313 67693
42314 67695
42316 67697
42317 67699
42318 67701
42319 67703
42321 67705
42322 67707
42323 67709
42324 67711
42326 67713
42327 67715
42328 67717
42329 67719
42331 67721
42332 67723
42333 67725
42334 67727
42336 67729
42337 67731
42338 67733
42339 67735
42341 67737
42342 67739
42343 67741
42344 67743
42346 67745
42347 67747
42348 67749
42349 67751
42351 67753
42352 67755
42353 67757
42354 67759
42356 67761
42357 67763
42358 67765
42359 67767
42361 67769
42362 67771
42363 67773
42364 67775
42366 67777
42367 67779
42368 67781
42369 67783
42371 67785
42372 67787
42373 67789
42374 67791
42376 67793
42377 67795
42378 67797
42379 67799
42381 67801
42382 67803
42383 67805
42384 67807
42386 67809
42387 67811
42388 67813
42389 67815
42391 67817
42392 67819
42393 67821
42394 67823
42396 67825
42397 67827
42398 67829
42399 67831
42401 67833
42402 67835
42403 67837
42404 67839
42406 67841
42407 67843
42408 67845
42409 67847
42411 67849
42412 67851
42413 67853
42414 67855
42416 67857
42417 67859
42418 67861
42419 67863
42421 67865
42422 67867
42423 67869
42424 67871
42426 67873
42427 67875
42428 67877
42429 67879
42431 67881
42432 67883
42433 67885
42434 67887
42436 67889
42437 67891
42438 67893
42439 67895
42441 67897
42442 67899
42443 67901
42444 67903
42446 67905
42447 67907
42448 67909
42449 67911
42451 67913
42452 67915
42453 67917
42454 67919
42456 67921
42457 67923
42458 67925
42459 67927
42461 67929
42462 67931
42463 67933
42464 67935
42466 67937
42467 67939
42468 67941
42469 67943
42471 67945
42472 67947
42473 67949
42474 67951
42476 67953
42477 67955
42478 67957
42479 67959
42481 67961
42482 67963
42483 67965
42484 67967
42486 67969
42487 67971
42488 67973
42489 67975
42491 67977
42492 67979
42493 67981
42494 67983
42496 67985
42497 67987
42498 67989
42499 67991
42501 67993
42502 67995
42503 67997
42504 67999
42506 68001
42507 68003
42508 68005
42509 68007
42511 68009
42512 68011
42513 68013
42514 68015
42516 68017
42517 68019
42518 68021
42519 68023
42521 68025
42522 68027
42523 68029
42524 68031
42526 68033
42527 68035
42528 68037
42529 68039
42531 68041
42532 68043
42533 68045
42534 68047
42536 68049
42537 68051
42538 68053
42539 68055
42541 68057
42542 68059
42543 68061
42544 68063
42546 68065
42547 68067
42548 68069
42549 68071
42551 68073
42552 68075
42553 68077
42554 68079
42556 68081
42557 68083
42558 68085
42559 68087
42561 68089
42562 68091
42563 68093
42564 68095
42566 68097
42567 68099
42568 68101
42569 68103
42571 68105
42572 68107
42573 68109
42574 68111
42576 68113
42577 68115
42578 68117
42579 68119
42581 68121
42582 68123
42583 68125
42584 68127
42586 68129
42587 68131
42588 68133
42589 68135
42591 68137
42592 68139
42593 68141
42594 68143
42596 68145
42597 68147
42598 68149
42599 68151
42601 68153
42602 68155
42603 68157
42604 68159
42606 68161
42607 68163
42608 68165
42609 68167
42611 68169
42612 68171
42613 68173
42614 68175
42616 68177
42617 68179
42618 68181
42619 68183
42621 68185
42622 68187
42623 68189
42624 68191
42626 68193
42627 68195
42628 68197
42629 68199
42631 68201
42632 68203
42633 68205
42634 68207
42636 68209
42637 68211
42638 68213
42639 68215
42641 68217
42642 68219
42643 68221
42644 68223
42646 68225
42647 68227
42648 68229
42649 68231
42651 68233
42652 68235
42653 68237
42654 68239
42656 68241
42657 68243
42658 68245
42659 68247
42661 68249
42662 68251
42663 68253
42664 68255
42666 68257
42667 68259
42668 68261
42669 68263
42671 68265
42672 68267
42673 68269
42674 68271
42676 68273
42677 68275
42678 68277
42679 68279
42681 68281
42682 68283
42683 68285
42684 68287
42686 68289
42687 68291
42688 68293
42689 68295
42691 68297
42692 68299
42693 68301
42694 68303
42696 68305
42697 68307
42698 68309
42699 68311
42701 68313
42702 68315
42703 68317
42704 68319
42706 68321
42707 68323
42708 68325
42709 68327
42711 68329
42712 68331
42713 68333
42714 68335
42716 68337
42717 68339
42718 68341
42719 68343
42721 68345
42722 68347
42723 68349
42724 68351
42726 68353
42727 68355
42728 68357
42729 68359
42731 68361
42732 68363
42733 68365
42734 68367
42736 68369
42737 68371
42738 68373
42739 68375
42741 68377
42742 68379
42743 68381
42744 68383
42746 68385
42747 68387
42748 68389
42749 68391
42751 68393
42752 68395
42753 68397
42754 68399
42756 68401
42757 68403
42758 68405
42759 68407
42761 68409
42762 68411
42763 68413
42764 68415
42766 68417
42767 68419
42768 68421
42769 68423
42771 68425
42772 68427
42773 68429
42774 68431
42776 68433
42777 68435
42778 68437
42779 68439
42781 68441
42782 68443
42783 68445
42784 68447
42786 68449
42787 68451
42788 68453
42789 68455
42791 68457
42792 68459
42793 68461
42794 68463
42796 68465
42797 68467
42798 68469
42799 68471
42801 68473
42802 68475
42803 68477
42804 68479
42806 68481
42807 68483
42808 68485
42809 68487
42811 68489
42812 68491
42813 68493
42814 68495
42816 68497
42817 68499
42818 68501
42819 68503
42821 68505
42822 68507
42823 68509
42824 68511
42826 68513
42827 68515
42828 68517
42829 68519
42831 68521
42832 68523
42833 68525
42834 68527
42836 68529
42837 68531
42838 68533
42839 68535
42841 68537
42842 68539
42843 68541
42844 68543
42846 68545
42847 68547
42848 68549
42849 68551
42851 68553
42852 68555
42853 68557
42854 68559
42856 68561
42857 68563
42858 68565
42859 68567
42861 68569
42862 68571
42863 68573
42864 68575
42866 68577
42867 68579
42868 68581
42869 68583
42871 68585
42872 68587
42873 68589
42874 68591
42876 68593
42877 68595
42878 68597
42879 68599
42881 68601
42882 68603
42883 68605
42884 68607
42886 68609
42887 68611
42888 68613
42889 68615
42891 68617
42892 68619
42893 68621
42894 68623
42896 68625
42897 68627
42898 68629
42899 68631
42901 68633
42902 68635
42903 68637
42904 68639
42906 68641
42907 68643
42908 68645
42909 68647
42911 68649
42912 68651
42913 68653
42914 68655
42916 68657
42917 68659
42918 68661
42919 68663
42921 68665
42922 68667
42923 68669
42924 68671
42926 68673
42927 68675
42928 68677
42929 68679
42931 68681
42932 68683
42933 68685
42934 68687
42936 68689
42937 68691
42938 68693
42939 68695
42941 68697
42942 68699
42943 68701
42944 68703
42946 68705
42947 68707
42948 68709
42949 68711
42951 68713
42952 68715
42953 68717
42954 68719
42956 68721
42957 68723
42958 68725
42959 68727
42961 68729
42962 68731
42963 68733
42964 68735
42966 68737
42967 68739
42968 68741
42969 68743
42971 68745
42972 68747
42973 68749
42974 68751
42976 68753
42977 68755
42978 68757
42979 68759
42981 68761
42982 68763
42983 68765
42984 68767
42986 68769
42987 68771
42988 68773
42989 68775
42991 68777
42992 68779
42993 68781
42994 68783
42996 68785
42997 68787
42998 68789
42999 68791
43001 68793
43002 68795
43003 68797
43004 68799
43006 68801
43007 68803
43008 68805
43009 68807
43011 68809
43012 68811
43013 68813
43014 68815
43016 68817
43017 68819
43018 68821
43019 68823
43021 68825
43022 68827
43023 68829
43024 68831
43026 68833
43027 68835
43028 68837
43029 68839
43031 68841
43032 68843
43033 68845
43034 68847
43036 68849
43037 68851
43038 68853
43039 68855
43041 68857
43042 68859
43043 68861
43044 68863
43046 68865
43047 68867
43048 68869
43049 68871
43051 68873
43052 68875
43053 68877
43054 68879
43056 68881
43057 68883
43058 68885
43059 68887
43061 68889
43062 68891
43063 68893
43064 68895
43066 68897
43067 68899
43068 68901
43069 68903
43071 68905
43072 68907
43073 68909
43074 68911
43076 68913
43077 68915
43078 68917
43079 68919
43081 68921
43082 68923
43083 68925
43084 68927
43086 68929
43087 68931
43088 68933
43089 68935
43091 68937
43092 68939
43093 68941
43094 68943
43096 68945
43097 68947
43098 68949
43099 68951
43101 68953
43102 68955
43103 68957
43104 68959
43106 68961
43107 68963
43108 68965
43109 68967
43111 68969
43112 68971
43113 68973
43114 68975
43116 68977
43117 68979
43118 68981
43119 68983
43121 68985
43122 68987
43123 68989
43124 68991
43126 68993
43127 68995
43128 68997
43129 68999
43131 69001
43132 69003
43133 69005
43134 69007
43136 69009
43137 69011
43138 69013
43139 69015
43141 69017
43142 69019
43143 69021
43144 69023
43146 69025
43147 69027
43148 69029
43149 69031
43151 69033
43152 69035
43153 69037
43154 69039
43156 69041
43157 69043
43158 69045
43159 69047
43161 69049
43162 69051
43163 69053
43164 69055
43166 69057
43167 69059
43168 69061
43169 69063
43171 69065
43172 69067
43173 69069
43174 69071
43176 69073
43177 69075
43178 69077
43179 69079
43181 69081
43182 69083
43183 69085
43184 69087
43186 69089
43187 69091
43188 69093
43189 69095
43191 69097
43192 69099
43193 69101
43194 69103
43196 69105
43197 69107
43198 69109
43199 69111
43201 69113
43202 69115
43203 69117
43204 69119
43206 69121
43207 69123
43208 69125
43209 69127
43211 69129
43212 69131
43213 69133
43214 69135
43216 69137
43217 69139
43218 69141
43219 69143
43221 69145
43222 69147
43223 69149
43224 69151
43226 69153
43227 69155
43228 69157
43229 69159
43231 69161
43232 69163
43233 69165
43234 69167
43236 69169
43237 69171
43238 69173
43239 69175
43241 69177
43242 69179
43243 69181
43244 69183
43246 69185
43247 69187
43248 69189
43249 69191
43251 69193
43252 69195
43253 69197
43254 69199
43256 69201
43257 69203
43258 69205
43259 69207
43261 69209
43262 69211
43263 69213
43264 69215
43266 69217
43267 69219
43268 69221
43269 69223
43271 69225
43272 69227
43273 69229
43274 69231
43276 69233
43277 69235
43278 69237
43279 69239
43281 69241
43282 69243
43283 69245
43284 69247
43286 69249
43287 69251
43288 69253
43289 69255
43291 69257
43292 69259
43293 69261
43294 69263
43296 69265
43297 69267
43298 69269
43299 69271
43301 69273
43302 69275
43303 69277
43304 69279
43306 69281
43307 69283
43308 69285
43309 69287
43311 69289
43312 69291
43313 69293
43314 69295
43316 69297
43317 69299
43318 69301
43319 69303
43321 69305
43322 69307
43323 69309
43324 69311
43326 69313
43327 69315
43328 69317
43329 69319
43331 69321
43332 69323
43333 69325
43334 69327
43336 69329
43337 69331
43338 69333
43339 69335
43341 69337
43342 69339
43343 69341
43344 69343
43346 69345
43347 69347
43348 69349
43349 69351
43351 69353
43352 69355
43353 69357
43354 69359
43356 69361
43357 69363
43358 69365
43359 69367
43361 69369
43362 69371
43363 69373
43364 69375
43366 69377
43367 69379
43368 69381
43369 69383
43371 69385
43372 69387
43373 69389
43374 69391
43376 69393
43377 69395
43378 69397
43379 69399
43381 69401
43382 69403
43383 69405
43384 69407
43386 69409
43387 69411
43388 69413
43389 69415
43391 69417
43392 69419
43393 69421
43394 69423
43396 69425
43397 69427
43398 69429
43399 69431
43401 69433
43402 69435
43403 69437
43404 69439
43406 69441
43407 69443
43408 69445
43409 69447
43411 69449
43412 69451
43413 69453
43414 69455
43416 69457
43417 69459
43418 69461
43419 69463
43421 69465
43422 69467
43423 69469
43424 69471
43426 69473
43427 69475
43428 69477
43429 69479
43431 69481
43432 69483
43433 69485
43434 69487
43436 69489
43437 69491
43438 69493
43439 69495
43441 69497
43442 69499
43443 69501
43444 69503
43446 69505
43447 69507
43448 69509
43449 69511
43451 69513
43452 69515
43453 69517
43454 69519
43456 69521
43457 69523
43458 69525
43459 69527
43461 69529
43462 69531
43463 69533
43464 69535
43466 69537
43467 69539
43468 69541
43469 69543
43471 69545
43472 69547
43473 69549
43474 69551
43476 69553
43477 69555
43478 69557
43479 69559
43481 69561
43482 69563
43483 69565
43484 69567
43486 69569
43487 69571
43488 69573
43489 69575
43491 69577
43492 69579
43493 69581
43494 69583
43496 69585
43497 69587
43498 69589
43499 69591
43501 69593
43502 69595
43503 69597
43504 69599
43506 69601
43507 69603
43508 69605
43509 69607
43511 69609
43512 69611
43513 69613
43514 69615
43516 69617
43517 69619
43518 69621
43519 69623
43521 69625
43522 69627
43523 69629
43524 69631
43526 69633
43527 69635
43528 69637
43529 69639
43531 69641
43532 69643
43533 69645
43534 69647
43536 69649
43537 69651
43538 69653
43539 69655
43541 69657
43542 69659
43543 69661
43544 69663
43546 69665
43547 69667
43548 69669
43549 69671
43551 69673
43552 69675
43553 69677
43554 69679
43556 69681
43557 69683
43558 69685
43559 69687
43561 69689
43562 69691
43563 69693
43564 69695
